ExerciseLogID,SessionID,ExerciseName,SetNumber,WeightLbs,Reps,DurationSeconds,DistanceValue,DistanceUnit,TempoEccentric,TempoPause,TempoConcentric,RIR,SupersetGroupID,GeneralNotes,PhaseID,ExerciseDateTime,Category
E-20260103-0001,S-20260103-01,Farmer's Walk,1,140.0,,60.0,,,,,,,,,1,2026-01-03T19:42:08.996Z,"=IFERROR(INDEX(tbl_Lookup_Exercises[Category],MATCH(tbl_Exercises[[#This Row],[ExerciseName]],tbl_Lookup_Exercises[ExerciseName],0)),""Unknown"")"
E-20260103-0002,S-20260103-01,Farmer's Walk,2,140.0,,60.0,,,,,,,,,1,2026-01-03T19:44:16.831Z,"=IFERROR(INDEX(tbl_Lookup_Exercises[Category],MATCH(tbl_Exercises[[#This Row],[ExerciseName]],tbl_Lookup_Exercises[ExerciseName],0)),""Unknown"")"
E-20260103-0003,S-20260103-01,Farmer's Walk,3,140.0,,45.0,,,,,,,,,1,2026-01-03T19:46:31.514Z,"=IFERROR(INDEX(tbl_Lookup_Exercises[Category],MATCH(tbl_Exercises[[#This Row],[ExerciseName]],tbl_Lookup_Exercises[ExerciseName],0)),""Unknown"")"
E-20260103-0004,S-20260103-01,Farmer's Walk,4,140.0,,39.6,,,,,,,,,1,2026-01-03T19:48:31.439Z,"=IFERROR(INDEX(tbl_Lookup_Exercises[Category],MATCH(tbl_Exercises[[#This Row],[ExerciseName]],tbl_Lookup_Exercises[ExerciseName],0)),""Unknown"")"
E-20260103-0005,S-20260103-01,Farmer's Walk,5,140.0,,39.6,,,,,,,,,1,2026-01-03T19:50:30.621Z,"=IFERROR(INDEX(tbl_Lookup_Exercises[Category],MATCH(tbl_Exercises[[#This Row],[ExerciseName]],tbl_Lookup_Exercises[ExerciseName],0)),""Unknown"")"
E-20260103-0006,S-20260103-01,Body Row,1,0.0,10.0,,,,2.0,1.0,2.0,,,Tempo 2-1-2,1,2026-01-03T19:56:10.985Z,"=IFERROR(INDEX(tbl_Lookup_Exercises[Category],MATCH(tbl_Exercises[[#This Row],[ExerciseName]],tbl_Lookup_Exercises[ExerciseName],0)),""Unknown"")"
E-20260103-0007,S-20260103-01,Body Row,2,0.0,8.0,,,,2.0,1.0,2.0,,,Tempo 2-1-2,1,2026-01-03T19:57:44.745Z,"=IFERROR(INDEX(tbl_Lookup_Exercises[Category],MATCH(tbl_Exercises[[#This Row],[ExerciseName]],tbl_Lookup_Exercises[ExerciseName],0)),""Unknown"")"
E-20260103-0008,S-20260103-01,Body Row,3,0.0,8.0,,,,2.0,1.0,2.0,,,Tempo 2-1-2,1,2026-01-03T19:59:28.012Z,"=IFERROR(INDEX(tbl_Lookup_Exercises[Category],MATCH(tbl_Exercises[[#This Row],[ExerciseName]],tbl_Lookup_Exercises[ExerciseName],0)),""Unknown"")"
E-20260103-0009,S-20260103-01,Body Row,4,0.0,7.0,,,,2.0,1.0,2.0,,,Tempo 2-1-2; grip slipping on 6-7 (sweat and a little fatigue),1,2026-01-03T20:01:51.758Z,"=IFERROR(INDEX(tbl_Lookup_Exercises[Category],MATCH(tbl_Exercises[[#This Row],[ExerciseName]],tbl_Lookup_Exercises[ExerciseName],0)),""Unknown"")"
E-20260103-0010,S-20260103-01,Neutral Grip Seated 2 Arm Row,1,100.0,10.0,,,,,,,,,"Shoulder width neutral grip (i.e., wide grip neutral attachment)",1,2026-01-03T20:04:43.861Z,"=IFERROR(INDEX(tbl_Lookup_Exercises[Category],MATCH(tbl_Exercises[[#This Row],[ExerciseName]],tbl_Lookup_Exercises[ExerciseName],0)),""Unknown"")"
E-20260103-0011,S-20260103-01,Neutral Grip Seated 2 Arm Row,2,120.0,10.0,,,,,,,,,"Shoulder width neutral grip (i.e., wide grip neutral attachment)",1,2026-01-03T20:07:35.049Z,"=IFERROR(INDEX(tbl_Lookup_Exercises[Category],MATCH(tbl_Exercises[[#This Row],[ExerciseName]],tbl_Lookup_Exercises[ExerciseName],0)),""Unknown"")"
E-20260103-0012,S-20260103-01,Neutral Grip Seated 2 Arm Row,3,140.0,10.0,,,,,,,,,"Shoulder width neutral grip (i.e., wide grip neutral attachment)",1,2026-01-03T20:07:37.358Z,"=IFERROR(INDEX(tbl_Lookup_Exercises[Category],MATCH(tbl_Exercises[[#This Row],[ExerciseName]],tbl_Lookup_Exercises[ExerciseName],0)),""Unknown"")"
E-20260103-0013,S-20260103-01,Seated Single Arm DB Curl - Anchored,1,35.0,8.0,,,,,,,,,,1,2026-01-03T20:11:14.711Z,"=IFERROR(INDEX(tbl_Lookup_Exercises[Category],MATCH(tbl_Exercises[[#This Row],[ExerciseName]],tbl_Lookup_Exercises[ExerciseName],0)),""Unknown"")"
E-20260103-0014,S-20260103-01,Seated Single Arm DB Curl - Anchored,2,35.0,8.0,,,,,,,,,Starting to struggle at 6th rep. More so on Left vs Right,1,2026-01-03T20:13:59.650Z,"=IFERROR(INDEX(tbl_Lookup_Exercises[Category],MATCH(tbl_Exercises[[#This Row],[ExerciseName]],tbl_Lookup_Exercises[ExerciseName],0)),""Unknown"")"
E-20260103-0015,S-20260103-01,Seated Single Arm DB Curl - Anchored,3,35.0,8.0,,,,,,,,,Starting to struggle at 6th rep. More so on Left vs Right,1,2026-01-03T20:16:16.993Z,"=IFERROR(INDEX(tbl_Lookup_Exercises[Category],MATCH(tbl_Exercises[[#This Row],[ExerciseName]],tbl_Lookup_Exercises[ExerciseName],0)),""Unknown"")"
E-20260103-0016,S-20260103-01,Seated Single Arm DB Curl - Anchored,4,35.0,4.0,,,,,,,,2026-01-03T20:16:57.919Z,Rest/Pause superset to 8 reps,1,2026-01-03T20:20:47.725Z,"=IFERROR(INDEX(tbl_Lookup_Exercises[Category],MATCH(tbl_Exercises[[#This Row],[ExerciseName]],tbl_Lookup_Exercises[ExerciseName],0)),""Unknown"")"
E-20260103-0017,S-20260103-01,Seated Single Arm DB Curl - Anchored,5,35.0,2.0,,,,,,,,2026-01-03T20:16:57.919Z,Rest/Pause superset to 8 reps,1,2026-01-03T20:20:50.551Z,"=IFERROR(INDEX(tbl_Lookup_Exercises[Category],MATCH(tbl_Exercises[[#This Row],[ExerciseName]],tbl_Lookup_Exercises[ExerciseName],0)),""Unknown"")"
E-20260103-0018,S-20260103-01,Seated Single Arm DB Curl - Anchored,6,35.0,1.0,,,,,,,,2026-01-03T20:16:57.919Z,Rest/Pause superset to 8 reps,1,2026-01-03T20:20:52.571Z,"=IFERROR(INDEX(tbl_Lookup_Exercises[Category],MATCH(tbl_Exercises[[#This Row],[ExerciseName]],tbl_Lookup_Exercises[ExerciseName],0)),""Unknown"")"
E-20260104-0019,S-20260104-01,Smith Machine Bench Press,1,135.0,10.0,,,,,,,,,"Close grip, elbows tucked",1,2026-01-04T16:26:28.000Z,"=IFERROR(INDEX(tbl_Lookup_Exercises[Category],MATCH(tbl_Exercises[[#This Row],[ExerciseName]],tbl_Lookup_Exercises[ExerciseName],0)),""Unknown"")"
E-20260104-0020,S-20260104-01,Smith Machine Bench Press,2,135.0,10.0,,,,,,,,,"Close grip, elbows tucked; stop bars added just short of me reaching my chest; slight anterior cap tightness on right side",1,2026-01-04T16:29:17.000Z,"=IFERROR(INDEX(tbl_Lookup_Exercises[Category],MATCH(tbl_Exercises[[#This Row],[ExerciseName]],tbl_Lookup_Exercises[ExerciseName],0)),""Unknown"")"
E-20260104-0021,S-20260104-01,Smith Machine Bench Press,3,135.0,10.0,,,,,,,,,"Close grip, elbows tucked; stop bars added just short of me reaching my chest; slight anterior cap tightness on right side",1,2026-01-04T16:31:01.000Z,"=IFERROR(INDEX(tbl_Lookup_Exercises[Category],MATCH(tbl_Exercises[[#This Row],[ExerciseName]],tbl_Lookup_Exercises[ExerciseName],0)),""Unknown"")"
E-20260104-0022,S-20260104-01,Smith Machine Bench Press,4,135.0,7.0,,,,,,,,,"Close grip, elbows tucked; stop bars added just short of me reaching my chest; slight anterior cap tightness on right side",1,2026-01-04T16:32:41.000Z,"=IFERROR(INDEX(tbl_Lookup_Exercises[Category],MATCH(tbl_Exercises[[#This Row],[ExerciseName]],tbl_Lookup_Exercises[ExerciseName],0)),""Unknown"")"
E-20260104-0023,S-20260104-01,DB Neutral Press (slight Rotate To Underhand ),1,40.0,10.0,,,,,,,,,Elbows tucked. Felt good but a bit of right shoulder cap tightening again. Not painful but ‘tight’ feeing,1,2026-01-04T16:35:32.000Z,"=IFERROR(INDEX(tbl_Lookup_Exercises[Category],MATCH(tbl_Exercises[[#This Row],[ExerciseName]],tbl_Lookup_Exercises[ExerciseName],0)),""Unknown"")"
E-20260104-0024,S-20260104-01,DB Neutral Press (slight Rotate To Underhand ),2,40.0,9.0,,,,,,,,,Noticed i was ‘shrugging’ my traps a bit on 8-9. I corrected the posture. Elbows tucked. Felt good but a bit of right shoulder cap tightening again. Not painful but ‘tight’ feeing,1,2026-01-04T16:37:59.000Z,"=IFERROR(INDEX(tbl_Lookup_Exercises[Category],MATCH(tbl_Exercises[[#This Row],[ExerciseName]],tbl_Lookup_Exercises[ExerciseName],0)),""Unknown"")"
E-20260104-0025,S-20260104-01,DB Neutral Press (slight Rotate To Underhand ),3,40.0,9.0,,,,,,,,,,1,2026-01-04T16:39:30.000Z,"=IFERROR(INDEX(tbl_Lookup_Exercises[Category],MATCH(tbl_Exercises[[#This Row],[ExerciseName]],tbl_Lookup_Exercises[ExerciseName],0)),""Unknown"")"
E-20260104-0026,S-20260104-01,DB Neutral Press (slight Rotate To Underhand ),4,40.0,8.0,,,,,,,,,,1,2026-01-04T16:41:47.000Z,"=IFERROR(INDEX(tbl_Lookup_Exercises[Category],MATCH(tbl_Exercises[[#This Row],[ExerciseName]],tbl_Lookup_Exercises[ExerciseName],0)),""Unknown"")"
E-20260104-0027,S-20260104-01,Single-Arm Vertical Plate Balance Press,1,45.0,1.0,,,,,,,,2026-01-04T16:44:51.734Z,,1,2026-01-04T16:44:53.000Z,"=IFERROR(INDEX(tbl_Lookup_Exercises[Category],MATCH(tbl_Exercises[[#This Row],[ExerciseName]],tbl_Lookup_Exercises[ExerciseName],0)),""Unknown"")"
E-20260104-0028,S-20260104-01,Single-Arm DB Balance Press,1,40.0,6.0,,,,,,,,2026-01-04T16:44:51.734Z,,1,2026-01-04T16:44:57.000Z,"=IFERROR(INDEX(tbl_Lookup_Exercises[Category],MATCH(tbl_Exercises[[#This Row],[ExerciseName]],tbl_Lookup_Exercises[ExerciseName],0)),""Unknown"")"
E-20260104-0029,S-20260104-01,Single-Arm Vertical Plate Balance Press,2,45.0,2.0,,,,,,,,2026-01-04T16:48:19.531Z,,1,2026-01-04T16:48:20.000Z,"=IFERROR(INDEX(tbl_Lookup_Exercises[Category],MATCH(tbl_Exercises[[#This Row],[ExerciseName]],tbl_Lookup_Exercises[ExerciseName],0)),""Unknown"")"
E-20260104-0030,S-20260104-01,Single-Arm DB Balance Press,2,40.0,3.0,,,,,,,,2026-01-04T16:48:19.531Z,Right fatigue,1,2026-01-04T16:48:32.000Z,"=IFERROR(INDEX(tbl_Lookup_Exercises[Category],MATCH(tbl_Exercises[[#This Row],[ExerciseName]],tbl_Lookup_Exercises[ExerciseName],0)),""Unknown"")"
E-20260104-0031,S-20260104-01,Single-Arm Vertical Plate Balance Press,3,45.0,3.0,,,,,,,,2026-01-04T16:52:29.640Z,,1,2026-01-04T16:52:31.000Z,"=IFERROR(INDEX(tbl_Lookup_Exercises[Category],MATCH(tbl_Exercises[[#This Row],[ExerciseName]],tbl_Lookup_Exercises[ExerciseName],0)),""Unknown"")"
E-20260104-0032,S-20260104-01,Single-Arm DB Balance Press,3,45.0,3.0,,,,,,,,2026-01-04T16:52:29.640Z,Right fatigue,1,2026-01-04T16:52:38.000Z,"=IFERROR(INDEX(tbl_Lookup_Exercises[Category],MATCH(tbl_Exercises[[#This Row],[ExerciseName]],tbl_Lookup_Exercises[ExerciseName],0)),""Unknown"")"
E-20260104-0033,S-20260104-01,Cable Triceps Extension - “Quad”,1,20.0,12.0,,,,,,,,2026-01-04T16:55:56.200Z,Right,1,2026-01-04T16:55:58.000Z,"=IFERROR(INDEX(tbl_Lookup_Exercises[Category],MATCH(tbl_Exercises[[#This Row],[ExerciseName]],tbl_Lookup_Exercises[ExerciseName],0)),""Unknown"")"
E-20260104-0034,S-20260104-01,Cable Triceps Extension - “Quad”,2,20.0,1.0,,,,,,,,2026-01-04T16:55:56.200Z,Left,1,2026-01-04T16:56:06.000Z,"=IFERROR(INDEX(tbl_Lookup_Exercises[Category],MATCH(tbl_Exercises[[#This Row],[ExerciseName]],tbl_Lookup_Exercises[ExerciseName],0)),""Unknown"")"
E-20260104-0035,S-20260104-01,Cable Triceps Extension - “Quad”,3,15.0,11.0,,,,,,,,2026-01-04T16:55:56.200Z,Left,1,2026-01-04T16:56:11.000Z,"=IFERROR(INDEX(tbl_Lookup_Exercises[Category],MATCH(tbl_Exercises[[#This Row],[ExerciseName]],tbl_Lookup_Exercises[ExerciseName],0)),""Unknown"")"
E-20260104-0036,S-20260104-01,Cable Triceps Extension - “Quad”,4,20.0,12.0,,,,,,,,2026-01-04T16:58:58.685Z,Right,1,2026-01-04T16:59:00.000Z,"=IFERROR(INDEX(tbl_Lookup_Exercises[Category],MATCH(tbl_Exercises[[#This Row],[ExerciseName]],tbl_Lookup_Exercises[ExerciseName],0)),""Unknown"")"
E-20260104-0037,S-20260104-01,Cable Triceps Extension - “Quad”,5,20.0,5.0,,,,,,,,2026-01-04T16:58:58.685Z,Left,1,2026-01-04T16:59:08.000Z,"=IFERROR(INDEX(tbl_Lookup_Exercises[Category],MATCH(tbl_Exercises[[#This Row],[ExerciseName]],tbl_Lookup_Exercises[ExerciseName],0)),""Unknown"")"
E-20260104-0038,S-20260104-01,Cable Triceps Extension - “Quad”,6,17.5,7.0,,,,,,,,2026-01-04T16:58:58.685Z,Left,1,2026-01-04T16:59:15.000Z,"=IFERROR(INDEX(tbl_Lookup_Exercises[Category],MATCH(tbl_Exercises[[#This Row],[ExerciseName]],tbl_Lookup_Exercises[ExerciseName],0)),""Unknown"")"
E-20260104-0039,S-20260104-01,Cable Triceps Extension - “Quad”,7,22.5,12.0,,,,,,,,2026-01-04T17:03:27.962Z,Right,1,2026-01-04T17:03:31.000Z,"=IFERROR(INDEX(tbl_Lookup_Exercises[Category],MATCH(tbl_Exercises[[#This Row],[ExerciseName]],tbl_Lookup_Exercises[ExerciseName],0)),""Unknown"")"
E-20260104-0040,S-20260104-01,Cable Triceps Extension - “Quad”,8,22.5,2.0,,,,,,,,2026-01-04T17:03:27.962Z,Left,1,2026-01-04T17:03:37.000Z,"=IFERROR(INDEX(tbl_Lookup_Exercises[Category],MATCH(tbl_Exercises[[#This Row],[ExerciseName]],tbl_Lookup_Exercises[ExerciseName],0)),""Unknown"")"
E-20260104-0041,S-20260104-01,Cable Triceps Extension - “Quad”,9,20.0,2.0,,,,,,,,2026-01-04T17:03:27.962Z,Left,1,2026-01-04T17:03:39.000Z,"=IFERROR(INDEX(tbl_Lookup_Exercises[Category],MATCH(tbl_Exercises[[#This Row],[ExerciseName]],tbl_Lookup_Exercises[ExerciseName],0)),""Unknown"")"
E-20260104-0042,S-20260104-01,Cable Triceps Extension - “Quad”,10,15.0,8.0,,,,,,,,2026-01-04T17:03:27.962Z,Left,1,2026-01-04T17:03:47.000Z,"=IFERROR(INDEX(tbl_Lookup_Exercises[Category],MATCH(tbl_Exercises[[#This Row],[ExerciseName]],tbl_Lookup_Exercises[ExerciseName],0)),""Unknown"")"
E-20260104-0043,S-20260104-01,Inverted KB Press,1,35.2,8.0,,,,,,,,,Laying on floor (so floor press); ,1,2026-01-04T17:06:23.000Z,"=IFERROR(INDEX(tbl_Lookup_Exercises[Category],MATCH(tbl_Exercises[[#This Row],[ExerciseName]],tbl_Lookup_Exercises[ExerciseName],0)),""Unknown"")"
E-20260104-0044,S-20260104-01,Inverted KB Press,2,35.2,8.0,,,,,,,,,Laying on floor (so floor press); ,1,2026-01-04T17:08:37.000Z,"=IFERROR(INDEX(tbl_Lookup_Exercises[Category],MATCH(tbl_Exercises[[#This Row],[ExerciseName]],tbl_Lookup_Exercises[ExerciseName],0)),""Unknown"")"
E-20260104-0045,S-20260104-01,Inverted KB Press,3,35.2,8.0,,,,,,,,,Laying on floor (so floor press); ,1,2026-01-04T17:10:55.000Z,"=IFERROR(INDEX(tbl_Lookup_Exercises[Category],MATCH(tbl_Exercises[[#This Row],[ExerciseName]],tbl_Lookup_Exercises[ExerciseName],0)),""Unknown"")"
E-20260106-0046,S-20260106-01,Suitcase Carries,1,75.0,,60.0,,,,,,,,No plates. Tried db pinch with 10lbs,1,2026-01-06T22:45:53.018Z,"=IFERROR(INDEX(tbl_Lookup_Exercises[Category],MATCH(tbl_Exercises[[#This Row],[ExerciseName]],tbl_Lookup_Exercises[ExerciseName],0)),""Unknown"")"
E-20260106-0047,S-20260106-01,Suitcase Carries,2,75.0,,39.6,,,,,,,,,1,2026-01-06T22:48:22.857Z,"=IFERROR(INDEX(tbl_Lookup_Exercises[Category],MATCH(tbl_Exercises[[#This Row],[ExerciseName]],tbl_Lookup_Exercises[ExerciseName],0)),""Unknown"")"
E-20260106-0048,S-20260106-01,Suitcase Carries,3,75.0,,39.6,,,,,,,,,1,2026-01-06T22:50:27.410Z,"=IFERROR(INDEX(tbl_Lookup_Exercises[Category],MATCH(tbl_Exercises[[#This Row],[ExerciseName]],tbl_Lookup_Exercises[ExerciseName],0)),""Unknown"")"
E-20260106-0049,S-20260106-01,Suitcase Carries,4,75.0,,30.0,,,,,,,,5lbs db pinch with off hand ,1,2026-01-06T22:53:02.564Z,"=IFERROR(INDEX(tbl_Lookup_Exercises[Category],MATCH(tbl_Exercises[[#This Row],[ExerciseName]],tbl_Lookup_Exercises[ExerciseName],0)),""Unknown"")"
E-20260106-0050,S-20260106-01,Kneeling Cable Row,1,110.0,10.0,,,,,,,,,LI Marriott,1,2026-01-06T22:56:30.855Z,"=IFERROR(INDEX(tbl_Lookup_Exercises[Category],MATCH(tbl_Exercises[[#This Row],[ExerciseName]],tbl_Lookup_Exercises[ExerciseName],0)),""Unknown"")"
E-20260106-0051,S-20260106-01,Kneeling Cable Row,2,130.0,10.0,,,,,,,,,LI Marriott,1,2026-01-06T22:58:32.477Z,"=IFERROR(INDEX(tbl_Lookup_Exercises[Category],MATCH(tbl_Exercises[[#This Row],[ExerciseName]],tbl_Lookup_Exercises[ExerciseName],0)),""Unknown"")"
E-20260106-0052,S-20260106-01,Kneeling Cable Row,3,140.0,10.0,,,,,,,,,LI Marriott,1,2026-01-06T23:00:48.231Z,"=IFERROR(INDEX(tbl_Lookup_Exercises[Category],MATCH(tbl_Exercises[[#This Row],[ExerciseName]],tbl_Lookup_Exercises[ExerciseName],0)),""Unknown"")"
E-20260106-0053,S-20260106-01,Kneeling Cable Row,4,150.0,10.0,,,,,,,,,LI Marriott,1,2026-01-06T23:03:52.796Z,"=IFERROR(INDEX(tbl_Lookup_Exercises[Category],MATCH(tbl_Exercises[[#This Row],[ExerciseName]],tbl_Lookup_Exercises[ExerciseName],0)),""Unknown"")"
E-20260106-0054,S-20260106-01,Face Pull,1,20.0,15.0,,,,,,,,,LI Marriott ,1,2026-01-06T23:05:42.770Z,"=IFERROR(INDEX(tbl_Lookup_Exercises[Category],MATCH(tbl_Exercises[[#This Row],[ExerciseName]],tbl_Lookup_Exercises[ExerciseName],0)),""Unknown"")"
E-20260106-0055,S-20260106-01,Face Pull,2,30.0,15.0,,,,,,,,,LI Marriott ,1,2026-01-06T23:09:49.781Z,"=IFERROR(INDEX(tbl_Lookup_Exercises[Category],MATCH(tbl_Exercises[[#This Row],[ExerciseName]],tbl_Lookup_Exercises[ExerciseName],0)),""Unknown"")"
E-20260106-0056,S-20260106-01,Face Pull,3,40.0,15.0,,,,,,,,,LI Marriott ,1,2026-01-06T23:09:52.062Z,"=IFERROR(INDEX(tbl_Lookup_Exercises[Category],MATCH(tbl_Exercises[[#This Row],[ExerciseName]],tbl_Lookup_Exercises[ExerciseName],0)),""Unknown"")"
E-20260106-0057,S-20260106-01,Face Pull,4,50.0,15.0,,,,,,,,,LI Marriott ,1,2026-01-06T23:10:44.120Z,"=IFERROR(INDEX(tbl_Lookup_Exercises[Category],MATCH(tbl_Exercises[[#This Row],[ExerciseName]],tbl_Lookup_Exercises[ExerciseName],0)),""Unknown"")"
E-20260106-0058,S-20260106-01,Standing One Arm Extended Cable Curls,1,20.0,20.0,,,,,,,,,Too light. LI Marriott Precor FTS Glide for my cable work today,1,2026-01-06T23:14:10.666Z,"=IFERROR(INDEX(tbl_Lookup_Exercises[Category],MATCH(tbl_Exercises[[#This Row],[ExerciseName]],tbl_Lookup_Exercises[ExerciseName],0)),""Unknown"")"
E-20260106-0059,S-20260106-01,Standing One Arm Extended Cable Curls,2,30.0,12.0,,,,,,,,,2 sec squeeze on contraction and 2 sec extended hold each rep,1,2026-01-06T23:17:37.599Z,"=IFERROR(INDEX(tbl_Lookup_Exercises[Category],MATCH(tbl_Exercises[[#This Row],[ExerciseName]],tbl_Lookup_Exercises[ExerciseName],0)),""Unknown"")"
E-20260106-0060,S-20260106-01,Standing One Arm Extended Cable Curls,3,40.0,12.0,,,,,,,,,2 sec squeeze on contraction and 2 sec extended hold each rep,1,2026-01-06T23:19:40.086Z,"=IFERROR(INDEX(tbl_Lookup_Exercises[Category],MATCH(tbl_Exercises[[#This Row],[ExerciseName]],tbl_Lookup_Exercises[ExerciseName],0)),""Unknown"")"
E-20260106-0061,S-20260106-01,Standing One Arm Extended Cable Curls,4,50.0,12.0,,,,,,,,,Extra set cause the first too were too light,1,2026-01-06T23:22:54.290Z,"=IFERROR(INDEX(tbl_Lookup_Exercises[Category],MATCH(tbl_Exercises[[#This Row],[ExerciseName]],tbl_Lookup_Exercises[ExerciseName],0)),""Unknown"")"
E-20260107-0062,S-20260107-01,DB Spider Curl (Hammer),1,40.0,15.0,,,,,,,,2026-01-07T22:12:53.773Z,LI Marriott ,1,2026-01-07T22:12:55.413Z,"=IFERROR(INDEX(tbl_Lookup_Exercises[Category],MATCH(tbl_Exercises[[#This Row],[ExerciseName]],tbl_Lookup_Exercises[ExerciseName],0)),""Unknown"")"
E-20260107-0063,S-20260107-01,Cable Push-Downs,1,80.0,15.0,,,,,,,,2026-01-07T22:12:53.773Z,Rope extension; full flex and hold at extension. Precor FYS Glide selectorize weight,1,2026-01-07T22:13:39.536Z,"=IFERROR(INDEX(tbl_Lookup_Exercises[Category],MATCH(tbl_Exercises[[#This Row],[ExerciseName]],tbl_Lookup_Exercises[ExerciseName],0)),""Unknown"")"
E-20260107-0064,S-20260107-01,DB Spider Curl (Hammer),2,40.0,15.0,,,,,,,,2026-01-07T22:16:52.732Z,LI Marriott ,1,2026-01-07T22:16:54.747Z,"=IFERROR(INDEX(tbl_Lookup_Exercises[Category],MATCH(tbl_Exercises[[#This Row],[ExerciseName]],tbl_Lookup_Exercises[ExerciseName],0)),""Unknown"")"
E-20260107-0065,S-20260107-01,Cable Push-Downs,2,100.0,15.0,,,,,,,,2026-01-07T22:16:52.732Z,Rope extension; full flex and hold at extension. Precor FYS Glide selectorize weight,1,2026-01-07T22:16:59.530Z,"=IFERROR(INDEX(tbl_Lookup_Exercises[Category],MATCH(tbl_Exercises[[#This Row],[ExerciseName]],tbl_Lookup_Exercises[ExerciseName],0)),""Unknown"")"
E-20260107-0066,S-20260107-01,DB Spider Curl (Hammer),3,40.0,15.0,,,,,,,,2026-01-07T22:20:07.428Z,LI Marriott ,1,2026-01-07T22:20:08.553Z,"=IFERROR(INDEX(tbl_Lookup_Exercises[Category],MATCH(tbl_Exercises[[#This Row],[ExerciseName]],tbl_Lookup_Exercises[ExerciseName],0)),""Unknown"")"
E-20260107-0067,S-20260107-01,Cable Push-Downs,3,100.0,7.0,,,,,,,,2026-01-07T22:20:07.428Z,Rope extension; full flex and hold at extension. Precor FYS Glide selectorize weight,1,2026-01-07T22:20:12.397Z,"=IFERROR(INDEX(tbl_Lookup_Exercises[Category],MATCH(tbl_Exercises[[#This Row],[ExerciseName]],tbl_Lookup_Exercises[ExerciseName],0)),""Unknown"")"
E-20260107-0068,S-20260107-01,Cable Push-Downs,4,90.0,4.0,,,,,,,,2026-01-07T22:20:07.428Z,Rope extension; full flex and hold at extension. Precor FYS Glide selectorize weight,1,2026-01-07T22:20:18.370Z,"=IFERROR(INDEX(tbl_Lookup_Exercises[Category],MATCH(tbl_Exercises[[#This Row],[ExerciseName]],tbl_Lookup_Exercises[ExerciseName],0)),""Unknown"")"
E-20260107-0069,S-20260107-01,Cable Push-Downs,5,80.0,4.0,,,,,,,,2026-01-07T22:20:07.428Z,Rope extension; full flex and hold at extension. Precor FYS Glide selectorize weight,1,2026-01-07T22:20:23.005Z,"=IFERROR(INDEX(tbl_Lookup_Exercises[Category],MATCH(tbl_Exercises[[#This Row],[ExerciseName]],tbl_Lookup_Exercises[ExerciseName],0)),""Unknown"")"
E-20260107-0070,S-20260107-01,Dumbbell: Squeeze Curl - Neutral,1,25.0,20.0,,,,,,,,2026-01-07T22:25:53.220Z,,1,2026-01-07T22:25:54.482Z,"=IFERROR(INDEX(tbl_Lookup_Exercises[Category],MATCH(tbl_Exercises[[#This Row],[ExerciseName]],tbl_Lookup_Exercises[ExerciseName],0)),""Unknown"")"
E-20260107-0071,S-20260107-01,Single Arm Cable Extensions,1,50.0,20.0,,,,,,,,2026-01-07T22:25:53.220Z,,1,2026-01-07T22:26:12.830Z,"=IFERROR(INDEX(tbl_Lookup_Exercises[Category],MATCH(tbl_Exercises[[#This Row],[ExerciseName]],tbl_Lookup_Exercises[ExerciseName],0)),""Unknown"")"
E-20260107-0072,S-20260107-01,Dumbbell: Squeeze Curl - Neutral,2,20.0,20.0,,,,,,,,2026-01-07T22:30:41.039Z,2 sec squeeze each rep,1,2026-01-07T22:30:42.767Z,"=IFERROR(INDEX(tbl_Lookup_Exercises[Category],MATCH(tbl_Exercises[[#This Row],[ExerciseName]],tbl_Lookup_Exercises[ExerciseName],0)),""Unknown"")"
E-20260107-0073,S-20260107-01,Single Arm Cable Extensions,2,50.0,20.0,,,,,,,,2026-01-07T22:30:41.039Z,,1,2026-01-07T22:30:45.575Z,"=IFERROR(INDEX(tbl_Lookup_Exercises[Category],MATCH(tbl_Exercises[[#This Row],[ExerciseName]],tbl_Lookup_Exercises[ExerciseName],0)),""Unknown"")"
E-20260107-0074,S-20260107-01,Dumbbell: Squeeze Curl - Neutral,3,20.0,20.0,,,,,,,,2026-01-07T22:35:05.735Z,2 sec squeeze each rep,1,2026-01-07T22:35:06.458Z,"=IFERROR(INDEX(tbl_Lookup_Exercises[Category],MATCH(tbl_Exercises[[#This Row],[ExerciseName]],tbl_Lookup_Exercises[ExerciseName],0)),""Unknown"")"
E-20260107-0075,S-20260107-01,Single Arm Cable Extensions,3,50.0,18.0,,,,,,,,2026-01-07T22:35:05.735Z,,1,2026-01-07T22:35:14.436Z,"=IFERROR(INDEX(tbl_Lookup_Exercises[Category],MATCH(tbl_Exercises[[#This Row],[ExerciseName]],tbl_Lookup_Exercises[ExerciseName],0)),""Unknown"")"
E-20260107-0076,S-20260107-01,Farmer’s Hold,1,50.0,,135.0,,,,,,,,,1,2026-01-07T22:39:53.269Z,"=IFERROR(INDEX(tbl_Lookup_Exercises[Category],MATCH(tbl_Exercises[[#This Row],[ExerciseName]],tbl_Lookup_Exercises[ExerciseName],0)),""Unknown"")"
E-20260107-0077,S-20260107-01,Farmer’s Hold,2,50.0,,105.0,,,,,,,,,1,2026-01-07T22:44:18.297Z,"=IFERROR(INDEX(tbl_Lookup_Exercises[Category],MATCH(tbl_Exercises[[#This Row],[ExerciseName]],tbl_Lookup_Exercises[ExerciseName],0)),""Unknown"")"
E-20260112-0078,S-20260112-01,Farmer's Walk,1,150.0,,45.0,,,,,,,,,2,2026-01-12T15:57:01.738Z,"=IFERROR(INDEX(tbl_Lookup_Exercises[Category],MATCH(tbl_Exercises[[#This Row],[ExerciseName]],tbl_Lookup_Exercises[ExerciseName],0)),""Unknown"")"
E-20260112-0079,S-20260112-01,Farmer's Walk,2,150.0,,45.0,,,,,,,,,2,2026-01-12T15:59:04.574Z,"=IFERROR(INDEX(tbl_Lookup_Exercises[Category],MATCH(tbl_Exercises[[#This Row],[ExerciseName]],tbl_Lookup_Exercises[ExerciseName],0)),""Unknown"")"
E-20260112-0080,S-20260112-01,Farmer's Walk,3,150.0,,45.0,,,,,,,,,2,2026-01-12T16:01:15.530Z,"=IFERROR(INDEX(tbl_Lookup_Exercises[Category],MATCH(tbl_Exercises[[#This Row],[ExerciseName]],tbl_Lookup_Exercises[ExerciseName],0)),""Unknown"")"
E-20260112-0081,S-20260112-01,Farmer's Walk,4,150.0,,45.0,,,,,,,,,2,2026-01-12T16:03:33.329Z,"=IFERROR(INDEX(tbl_Lookup_Exercises[Category],MATCH(tbl_Exercises[[#This Row],[ExerciseName]],tbl_Lookup_Exercises[ExerciseName],0)),""Unknown"")"
E-20260112-0082,S-20260112-01,Farmer's Walk,5,150.0,,37.2,,,,,,,,,2,2026-01-12T16:06:00.123Z,"=IFERROR(INDEX(tbl_Lookup_Exercises[Category],MATCH(tbl_Exercises[[#This Row],[ExerciseName]],tbl_Lookup_Exercises[ExerciseName],0)),""Unknown"")"
E-20260112-0083,S-20260112-01,Machine Row,1,130.0,12.0,,,,,,,,,Level setting. ,2,2026-01-12T16:12:08.818Z,"=IFERROR(INDEX(tbl_Lookup_Exercises[Category],MATCH(tbl_Exercises[[#This Row],[ExerciseName]],tbl_Lookup_Exercises[ExerciseName],0)),""Unknown"")"
E-20260112-0084,S-20260112-01,Machine Row,2,180.0,8.0,,,,,,,,,Chest plate fully out (maybe set at 8); set height at 6 so top of chest pad is just below clavicle,2,2026-01-12T16:14:20.102Z,"=IFERROR(INDEX(tbl_Lookup_Exercises[Category],MATCH(tbl_Exercises[[#This Row],[ExerciseName]],tbl_Lookup_Exercises[ExerciseName],0)),""Unknown"")"
E-20260112-0085,S-20260112-01,Machine Row,3,190.0,7.0,,,,,,,,,Some slippage in with grip; Chest plate fully out (maybe set at 8); set height at 6 so top of chest pad is just below clavicle,2,2026-01-12T16:15:40.085Z,"=IFERROR(INDEX(tbl_Lookup_Exercises[Category],MATCH(tbl_Exercises[[#This Row],[ExerciseName]],tbl_Lookup_Exercises[ExerciseName],0)),""Unknown"")"
E-20260112-0086,S-20260112-01,Machine Row,4,190.0,7.0,,,,,,,,,Some slippage in with grip; Chest plate fully out (maybe set at 8); set height at 6 so top of chest pad is just below clavicle,2,2026-01-12T16:17:18.682Z,"=IFERROR(INDEX(tbl_Lookup_Exercises[Category],MATCH(tbl_Exercises[[#This Row],[ExerciseName]],tbl_Lookup_Exercises[ExerciseName],0)),""Unknown"")"
E-20260112-0087,S-20260112-01,Machine Row,5,200.0,6.0,,,,,,,,,Some slippage in with grip; Chest plate fully out (maybe set at 8); set height at 6 so top of chest pad is just below clavicle,2,2026-01-12T16:19:33.859Z,"=IFERROR(INDEX(tbl_Lookup_Exercises[Category],MATCH(tbl_Exercises[[#This Row],[ExerciseName]],tbl_Lookup_Exercises[ExerciseName],0)),""Unknown"")"
E-20260112-0088,S-20260112-01,Body Row,1,0.0,8.0,,,,,,,,,,2,2026-01-12T16:21:57.204Z,"=IFERROR(INDEX(tbl_Lookup_Exercises[Category],MATCH(tbl_Exercises[[#This Row],[ExerciseName]],tbl_Lookup_Exercises[ExerciseName],0)),""Unknown"")"
E-20260112-0089,S-20260112-01,Body Row,2,0.0,7.0,,,,,,,,,2-1-2,2,2026-01-12T16:23:47.940Z,"=IFERROR(INDEX(tbl_Lookup_Exercises[Category],MATCH(tbl_Exercises[[#This Row],[ExerciseName]],tbl_Lookup_Exercises[ExerciseName],0)),""Unknown"")"
E-20260112-0090,S-20260112-01,Body Row,3,0.0,7.0,,,,,,,,,2-1-2,2,2026-01-12T16:25:20.972Z,"=IFERROR(INDEX(tbl_Lookup_Exercises[Category],MATCH(tbl_Exercises[[#This Row],[ExerciseName]],tbl_Lookup_Exercises[ExerciseName],0)),""Unknown"")"
E-20260112-0091,S-20260112-01,Body Row,4,0.0,6.0,,,,,,,,,2-1-2; grip fatigue ,2,2026-01-12T16:27:32.077Z,"=IFERROR(INDEX(tbl_Lookup_Exercises[Category],MATCH(tbl_Exercises[[#This Row],[ExerciseName]],tbl_Lookup_Exercises[ExerciseName],0)),""Unknown"")"
E-20260112-0092,S-20260112-01,Seated Single Arm DB Curl - Anchored,1,30.0,12.0,,,,,,,,,Full squeeze on left was challenging,2,2026-01-12T16:31:40.607Z,"=IFERROR(INDEX(tbl_Lookup_Exercises[Category],MATCH(tbl_Exercises[[#This Row],[ExerciseName]],tbl_Lookup_Exercises[ExerciseName],0)),""Unknown"")"
E-20260112-0093,S-20260112-01,Seated Single Arm DB Curl - Anchored,2,30.0,11.0,,,,,,,,,9-11 weaker on left; Full squeeze on left was challenging,2,2026-01-12T16:35:10.244Z,"=IFERROR(INDEX(tbl_Lookup_Exercises[Category],MATCH(tbl_Exercises[[#This Row],[ExerciseName]],tbl_Lookup_Exercises[ExerciseName],0)),""Unknown"")"
E-20260112-0094,S-20260112-01,Seated Single Arm DB Curl - Anchored,3,35.0,6.0,,,,,,,,2026-01-12T16:39:29.744Z,Drop set from 35lbs  AMRAP to 30lbs AMRAP ,2,2026-01-12T16:39:30.752Z,"=IFERROR(INDEX(tbl_Lookup_Exercises[Category],MATCH(tbl_Exercises[[#This Row],[ExerciseName]],tbl_Lookup_Exercises[ExerciseName],0)),""Unknown"")"
E-20260112-0095,S-20260112-01,Seated Single Arm DB Curl - Anchored,4,30.0,4.0,,,,,,,,2026-01-12T16:39:29.744Z,Drop set from 35lbs  AMRAP to 30lbs AMRAP ,2,2026-01-12T16:39:39.499Z,"=IFERROR(INDEX(tbl_Lookup_Exercises[Category],MATCH(tbl_Exercises[[#This Row],[ExerciseName]],tbl_Lookup_Exercises[ExerciseName],0)),""Unknown"")"
E-20260113-0096,S-20260113-01,Supine Press Machine - Plate Loaded (Planet Fitness),1,90.0,10.0,,,,,,,,,45s on each side: Level set haven’t used this machine before,2,2026-01-13T22:34:16.459Z,"=IFERROR(INDEX(tbl_Lookup_Exercises[Category],MATCH(tbl_Exercises[[#This Row],[ExerciseName]],tbl_Lookup_Exercises[ExerciseName],0)),""Unknown"")"
E-20260113-0097,S-20260113-01,Supine Press Machine - Plate Loaded (Planet Fitness),2,180.0,8.0,,,,,,,,,2x45s on each side: Level set haven’t used this machine before,2,2026-01-13T22:34:28.303Z,"=IFERROR(INDEX(tbl_Lookup_Exercises[Category],MATCH(tbl_Exercises[[#This Row],[ExerciseName]],tbl_Lookup_Exercises[ExerciseName],0)),""Unknown"")"
E-20260113-0098,S-20260113-01,Supine Press Machine - Plate Loaded (Planet Fitness),3,180.0,8.0,,,,,,,,,2x45s on each side: Level set haven’t used this machine before,2,2026-01-13T22:36:13.989Z,"=IFERROR(INDEX(tbl_Lookup_Exercises[Category],MATCH(tbl_Exercises[[#This Row],[ExerciseName]],tbl_Lookup_Exercises[ExerciseName],0)),""Unknown"")"
E-20260113-0099,S-20260113-01,Supine Press Machine - Plate Loaded (Planet Fitness),4,180.0,6.0,,,,,,,,,Little capsule tightness/weakness on right side but manageable ,2,2026-01-13T22:38:58.229Z,"=IFERROR(INDEX(tbl_Lookup_Exercises[Category],MATCH(tbl_Exercises[[#This Row],[ExerciseName]],tbl_Lookup_Exercises[ExerciseName],0)),""Unknown"")"
E-20260113-0100,S-20260113-01,Supine Press Machine - Plate Loaded (Planet Fitness),5,180.0,2.5,,,,,,,,,Little capsule tightness/weakness on right side but manageable ,2,2026-01-13T22:40:55.626Z,"=IFERROR(INDEX(tbl_Lookup_Exercises[Category],MATCH(tbl_Exercises[[#This Row],[ExerciseName]],tbl_Lookup_Exercises[ExerciseName],0)),""Unknown"")"
E-20260113-0101,S-20260113-01,DB Neutral Press (slight Rotate To Underhand ),1,50.0,8.0,,,,,,,,,Floor press neutral grip; single arm press,2,2026-01-13T22:45:33.593Z,"=IFERROR(INDEX(tbl_Lookup_Exercises[Category],MATCH(tbl_Exercises[[#This Row],[ExerciseName]],tbl_Lookup_Exercises[ExerciseName],0)),""Unknown"")"
E-20260113-0102,S-20260113-01,DB Neutral Press (slight Rotate To Underhand ),2,50.0,8.0,,,,,,,,,Floor press neutral grip; single arm press,2,2026-01-13T22:46:35.801Z,"=IFERROR(INDEX(tbl_Lookup_Exercises[Category],MATCH(tbl_Exercises[[#This Row],[ExerciseName]],tbl_Lookup_Exercises[ExerciseName],0)),""Unknown"")"
E-20260113-0103,S-20260113-01,DB Neutral Press (slight Rotate To Underhand ),3,55.0,8.0,,,,,,,,,Floor press neutral grip; single arm press,2,2026-01-13T22:49:10.313Z,"=IFERROR(INDEX(tbl_Lookup_Exercises[Category],MATCH(tbl_Exercises[[#This Row],[ExerciseName]],tbl_Lookup_Exercises[ExerciseName],0)),""Unknown"")"
E-20260113-0104,S-20260113-01,DB Neutral Press (slight Rotate To Underhand ),4,55.0,6.0,,,,,,,,,7 w/right 6 w/left; Floor press neutral grip; single arm press,2,2026-01-13T22:52:10.383Z,"=IFERROR(INDEX(tbl_Lookup_Exercises[Category],MATCH(tbl_Exercises[[#This Row],[ExerciseName]],tbl_Lookup_Exercises[ExerciseName],0)),""Unknown"")"
E-20260113-0105,S-20260113-01,Single-Arm Vertical Plate Balance Press,1,45.0,3.0,,,,,,,,2026-01-13T22:58:09.213Z,Dropset 25lbs,2,2026-01-13T22:58:30.001Z,"=IFERROR(INDEX(tbl_Lookup_Exercises[Category],MATCH(tbl_Exercises[[#This Row],[ExerciseName]],tbl_Lookup_Exercises[ExerciseName],0)),""Unknown"")"
E-20260113-0106,S-20260113-01,Single-Arm Vertical Plate Balance Press,2,25.0,5.0,,,,,,,,2026-01-13T22:58:09.213Z,Dropset 25lbs,2,2026-01-13T22:58:34.436Z,"=IFERROR(INDEX(tbl_Lookup_Exercises[Category],MATCH(tbl_Exercises[[#This Row],[ExerciseName]],tbl_Lookup_Exercises[ExerciseName],0)),""Unknown"")"
E-20260113-0107,S-20260113-01,Single-Arm Vertical Plate Balance Press,3,45.0,3.0,,,,,,,,2026-01-13T23:02:31.846Z,Dropset 25lbs,2,2026-01-13T23:02:34.038Z,"=IFERROR(INDEX(tbl_Lookup_Exercises[Category],MATCH(tbl_Exercises[[#This Row],[ExerciseName]],tbl_Lookup_Exercises[ExerciseName],0)),""Unknown"")"
E-20260113-0108,S-20260113-01,Single-Arm Vertical Plate Balance Press,4,25.0,5.0,,,,,,,,2026-01-13T23:02:31.846Z,Dropset 25lbs; left has more control vs right,2,2026-01-13T23:02:53.768Z,"=IFERROR(INDEX(tbl_Lookup_Exercises[Category],MATCH(tbl_Exercises[[#This Row],[ExerciseName]],tbl_Lookup_Exercises[ExerciseName],0)),""Unknown"")"
E-20260113-0109,S-20260113-01,Single-Arm Vertical Plate Balance Press,5,45.0,2.0,,,,,,,,2026-01-13T23:07:18.268Z,Dropset 25lbs; left has more control vs right,2,2026-01-13T23:07:19.557Z,"=IFERROR(INDEX(tbl_Lookup_Exercises[Category],MATCH(tbl_Exercises[[#This Row],[ExerciseName]],tbl_Lookup_Exercises[ExerciseName],0)),""Unknown"")"
E-20260113-0110,S-20260113-01,Single-Arm Vertical Plate Balance Press,6,25.0,6.0,,,,,,,,2026-01-13T23:07:18.268Z,Dropset 25lbs; left has more control vs right,2,2026-01-13T23:07:22.953Z,"=IFERROR(INDEX(tbl_Lookup_Exercises[Category],MATCH(tbl_Exercises[[#This Row],[ExerciseName]],tbl_Lookup_Exercises[ExerciseName],0)),""Unknown"")"
E-20260113-0111,S-20260113-01,Cable Triceps Extension - “Quad”,1,15.75,15.0,,,,,,,,,,2,2026-01-13T23:10:43.636Z,"=IFERROR(INDEX(tbl_Lookup_Exercises[Category],MATCH(tbl_Exercises[[#This Row],[ExerciseName]],tbl_Lookup_Exercises[ExerciseName],0)),""Unknown"")"
E-20260113-0112,S-20260113-01,Cable Triceps Extension - “Quad”,2,20.0,15.0,,,,,,,,,,2,2026-01-13T23:13:52.738Z,"=IFERROR(INDEX(tbl_Lookup_Exercises[Category],MATCH(tbl_Exercises[[#This Row],[ExerciseName]],tbl_Lookup_Exercises[ExerciseName],0)),""Unknown"")"
E-20260113-0113,S-20260113-01,Cable Triceps Extension - “Quad”,3,20.0,15.0,,,,,,,,,Right achieved 15 @ 27.5 lbs; left had to drop to 15 @ 20 lbs,2,2026-01-13T23:18:15.153Z,"=IFERROR(INDEX(tbl_Lookup_Exercises[Category],MATCH(tbl_Exercises[[#This Row],[ExerciseName]],tbl_Lookup_Exercises[ExerciseName],0)),""Unknown"")"
E-20260113-0114,S-20260113-01,Cable Triceps Extension - “Quad”,4,23.5,15.0,,,,,,,,,,2,2026-01-13T23:22:07.992Z,"=IFERROR(INDEX(tbl_Lookup_Exercises[Category],MATCH(tbl_Exercises[[#This Row],[ExerciseName]],tbl_Lookup_Exercises[ExerciseName],0)),""Unknown"")"
E-20260114-0115,S-20260114-01,Suitcase Carries,1,75.0,,45.0,,,,,,,,5lb db pinched with arm not carrying 75 lbs,2,2026-01-14T23:16:48.897Z,"=IFERROR(INDEX(tbl_Lookup_Exercises[Category],MATCH(tbl_Exercises[[#This Row],[ExerciseName]],tbl_Lookup_Exercises[ExerciseName],0)),""Unknown"")"
E-20260114-0116,S-20260114-01,Suitcase Carries,2,75.0,,60.0,,,,,,,,10lb db pinched with arm not carrying 75 lbs; right grip was second and slipped a little around 50-55 sec,2,2026-01-14T23:20:11.132Z,"=IFERROR(INDEX(tbl_Lookup_Exercises[Category],MATCH(tbl_Exercises[[#This Row],[ExerciseName]],tbl_Lookup_Exercises[ExerciseName],0)),""Unknown"")"
E-20260114-0117,S-20260114-01,Suitcase Carries,3,75.0,,45.0,,,,,,,,10lb db pinched with arm not carrying 75 lbs; r,2,2026-01-14T23:23:38.418Z,"=IFERROR(INDEX(tbl_Lookup_Exercises[Category],MATCH(tbl_Exercises[[#This Row],[ExerciseName]],tbl_Lookup_Exercises[ExerciseName],0)),""Unknown"")"
E-20260114-0118,S-20260114-01,Suitcase Carries,4,75.0,,45.0,,,,,,,,10lb db pinched with arm not carrying 75 lbs; r,2,2026-01-14T23:25:37.658Z,"=IFERROR(INDEX(tbl_Lookup_Exercises[Category],MATCH(tbl_Exercises[[#This Row],[ExerciseName]],tbl_Lookup_Exercises[ExerciseName],0)),""Unknown"")"
E-20260114-0119,S-20260114-01,Kneeling Cable Row,1,120.0,10.0,,,,,,,,,Slow and controlled,2,2026-01-14T23:31:32.628Z,"=IFERROR(INDEX(tbl_Lookup_Exercises[Category],MATCH(tbl_Exercises[[#This Row],[ExerciseName]],tbl_Lookup_Exercises[ExerciseName],0)),""Unknown"")"
E-20260114-0120,S-20260114-01,Kneeling Cable Row,2,130.0,12.0,,,,,,,,,Slow and controlled,2,2026-01-14T23:33:54.441Z,"=IFERROR(INDEX(tbl_Lookup_Exercises[Category],MATCH(tbl_Exercises[[#This Row],[ExerciseName]],tbl_Lookup_Exercises[ExerciseName],0)),""Unknown"")"
E-20260114-0121,S-20260114-01,Kneeling Cable Row,3,130.0,12.0,,,,,,,,,Slow and controlled; feeling a little biceps bias as I progressed on reps 9-12,2,2026-01-14T23:37:11.625Z,"=IFERROR(INDEX(tbl_Lookup_Exercises[Category],MATCH(tbl_Exercises[[#This Row],[ExerciseName]],tbl_Lookup_Exercises[ExerciseName],0)),""Unknown"")"
E-20260114-0122,S-20260114-01,Kneeling Cable Row,4,140.0,10.0,,,,,,,0,,Slow and controlled; feeling a little biceps bias as I progressed through reps. RIR=0,2,2026-01-14T23:39:57.575Z,"=IFERROR(INDEX(tbl_Lookup_Exercises[Category],MATCH(tbl_Exercises[[#This Row],[ExerciseName]],tbl_Lookup_Exercises[ExerciseName],0)),""Unknown"")"
E-20260114-0123,S-20260114-01,Face Pull,1,30.0,15.0,,,,,,,,,Cable at about for head height. Thumbs up grip on rope;,2,2026-01-14T23:42:47.752Z,"=IFERROR(INDEX(tbl_Lookup_Exercises[Category],MATCH(tbl_Exercises[[#This Row],[ExerciseName]],tbl_Lookup_Exercises[ExerciseName],0)),""Unknown"")"
E-20260114-0124,S-20260114-01,Face Pull,2,30.0,20.0,,,,,,,,,Cable at about for head height. Thumbs up grip on rope;,2,2026-01-14T23:44:36.108Z,"=IFERROR(INDEX(tbl_Lookup_Exercises[Category],MATCH(tbl_Exercises[[#This Row],[ExerciseName]],tbl_Lookup_Exercises[ExerciseName],0)),""Unknown"")"
E-20260114-0125,S-20260114-01,Face Pull,3,30.0,20.0,,,,,,,,,Cable at about for head height. Thumbs up grip on rope;,2,2026-01-14T23:46:59.643Z,"=IFERROR(INDEX(tbl_Lookup_Exercises[Category],MATCH(tbl_Exercises[[#This Row],[ExerciseName]],tbl_Lookup_Exercises[ExerciseName],0)),""Unknown"")"
E-20260114-0126,S-20260114-01,Standing One Arm Extended Cable Curls,1,50.0,12.0,,,,,,,,,2 sec hold at contraction; 2 sec hold fully extended. ,2,2026-01-14T23:51:45.184Z,"=IFERROR(INDEX(tbl_Lookup_Exercises[Category],MATCH(tbl_Exercises[[#This Row],[ExerciseName]],tbl_Lookup_Exercises[ExerciseName],0)),""Unknown"")"
E-20260114-0127,S-20260114-01,Standing One Arm Extended Cable Curls,2,50.0,12.0,,,,,,,,,2 sec squeeze on contraction and 2 sec extended hold each rep,2,2026-01-14T23:55:18.897Z,"=IFERROR(INDEX(tbl_Lookup_Exercises[Category],MATCH(tbl_Exercises[[#This Row],[ExerciseName]],tbl_Lookup_Exercises[ExerciseName],0)),""Unknown"")"
E-20260114-0128,S-20260114-01,Standing One Arm Extended Cable Curls,3,50.0,10.0,,,,,,,,,I was GASSED after this set ,2,2026-01-14T23:58:56.870Z,"=IFERROR(INDEX(tbl_Lookup_Exercises[Category],MATCH(tbl_Exercises[[#This Row],[ExerciseName]],tbl_Lookup_Exercises[ExerciseName],0)),""Unknown"")"
E-20260116-0129,S-20260116-01,DB Spider Curl (Hammer),1,40.0,15.0,,,,,,,,2026-01-16T18:31:05.865Z,Bench at 3,2,2026-01-16T18:31:17.479Z,"=IFERROR(INDEX(tbl_Lookup_Exercises[Category],MATCH(tbl_Exercises[[#This Row],[ExerciseName]],tbl_Lookup_Exercises[ExerciseName],0)),""Unknown"")"
E-20260116-0130,S-20260116-01,Rope Push-Downs,1,40.0,15.0,,,,,,,,2026-01-16T18:31:05.865Z,,2,2026-01-16T18:31:27.117Z,"=IFERROR(INDEX(tbl_Lookup_Exercises[Category],MATCH(tbl_Exercises[[#This Row],[ExerciseName]],tbl_Lookup_Exercises[ExerciseName],0)),""Unknown"")"
E-20260116-0131,S-20260116-01,DB Spider Curl (Hammer),2,45.0,13.0,,,,,,,,2026-01-16T18:35:30.214Z,Bench at 3,2,2026-01-16T18:35:32.074Z,"=IFERROR(INDEX(tbl_Lookup_Exercises[Category],MATCH(tbl_Exercises[[#This Row],[ExerciseName]],tbl_Lookup_Exercises[ExerciseName],0)),""Unknown"")"
E-20260116-0132,S-20260116-01,Rope Push-Downs,2,40.0,15.0,,,,,,,,2026-01-16T18:35:30.214Z,,2,2026-01-16T18:35:34.634Z,"=IFERROR(INDEX(tbl_Lookup_Exercises[Category],MATCH(tbl_Exercises[[#This Row],[ExerciseName]],tbl_Lookup_Exercises[ExerciseName],0)),""Unknown"")"
E-20260116-0133,S-20260116-01,DB Spider Curl (Hammer),3,45.0,14.0,,,,,,,,2026-01-16T18:39:49.790Z,Bench at 3; alternating; right was a little less of a contraction on later reps,2,2026-01-16T18:39:50.539Z,"=IFERROR(INDEX(tbl_Lookup_Exercises[Category],MATCH(tbl_Exercises[[#This Row],[ExerciseName]],tbl_Lookup_Exercises[ExerciseName],0)),""Unknown"")"
E-20260116-0134,S-20260116-01,Rope Push-Downs,3,40.0,13.0,,,,,,,,2026-01-16T18:39:49.790Z,,2,2026-01-16T18:39:57.683Z,"=IFERROR(INDEX(tbl_Lookup_Exercises[Category],MATCH(tbl_Exercises[[#This Row],[ExerciseName]],tbl_Lookup_Exercises[ExerciseName],0)),""Unknown"")"
E-20260116-0135,S-20260116-01,Single Arm Cable Extensions,1,15.0,10.0,,,,,,,,,No attachment. Just grabbed the cable the attachment slot,2,2026-01-16T18:43:47.867Z,"=IFERROR(INDEX(tbl_Lookup_Exercises[Category],MATCH(tbl_Exercises[[#This Row],[ExerciseName]],tbl_Lookup_Exercises[ExerciseName],0)),""Unknown"")"
E-20260116-0136,S-20260116-01,Single Arm Cable Extensions,2,10.0,15.0,,,,,,,,,No attachment. Just grabbed the cable the attachment slot,2,2026-01-16T18:46:30.629Z,"=IFERROR(INDEX(tbl_Lookup_Exercises[Category],MATCH(tbl_Exercises[[#This Row],[ExerciseName]],tbl_Lookup_Exercises[ExerciseName],0)),""Unknown"")"
E-20260116-0137,S-20260116-01,Single Arm Cable Extensions,3,10.0,13.5,,,,,,,,,No attachment. Just grabbed the cable the attachment slot,2,2026-01-16T18:49:32.552Z,"=IFERROR(INDEX(tbl_Lookup_Exercises[Category],MATCH(tbl_Exercises[[#This Row],[ExerciseName]],tbl_Lookup_Exercises[ExerciseName],0)),""Unknown"")"
E-20260116-0138,S-20260116-01,Farmer’s Hold,1,75.0,,90.0,,,,,,,,,2,2026-01-16T18:53:21.386Z,"=IFERROR(INDEX(tbl_Lookup_Exercises[Category],MATCH(tbl_Exercises[[#This Row],[ExerciseName]],tbl_Lookup_Exercises[ExerciseName],0)),""Unknown"")"
E-20260116-0139,S-20260116-01,Farmer’s Hold,2,75.0,,60.0,,,,,,,,,2,2026-01-16T18:56:11.019Z,"=IFERROR(INDEX(tbl_Lookup_Exercises[Category],MATCH(tbl_Exercises[[#This Row],[ExerciseName]],tbl_Lookup_Exercises[ExerciseName],0)),""Unknown"")"
E-20260116-0140,S-20260116-01,Farmer’s Hold,3,75.0,,60.0,,,,,,,,Lactic acid in the forearms is massive by set 3,2,2026-01-16T18:59:10.765Z,"=IFERROR(INDEX(tbl_Lookup_Exercises[Category],MATCH(tbl_Exercises[[#This Row],[ExerciseName]],tbl_Lookup_Exercises[ExerciseName],0)),""Unknown"")"
E-20260118-0141,S-20260118-01,Farmer's Walk,1,150.0,,60.0,,,,,,,,,2,2026-01-18T17:19:54.904Z,"=IFERROR(INDEX(tbl_Lookup_Exercises[Category],MATCH(tbl_Exercises[[#This Row],[ExerciseName]],tbl_Lookup_Exercises[ExerciseName],0)),""Unknown"")"
E-20260118-0142,S-20260118-01,Farmer's Walk,2,150.0,,60.0,,,,,,,,,2,2026-01-18T17:22:33.439Z,"=IFERROR(INDEX(tbl_Lookup_Exercises[Category],MATCH(tbl_Exercises[[#This Row],[ExerciseName]],tbl_Lookup_Exercises[ExerciseName],0)),""Unknown"")"
E-20260118-0143,S-20260118-01,Farmer's Walk,3,150.0,,45.0,,,,,,,,,2,2026-01-18T17:24:59.566Z,"=IFERROR(INDEX(tbl_Lookup_Exercises[Category],MATCH(tbl_Exercises[[#This Row],[ExerciseName]],tbl_Lookup_Exercises[ExerciseName],0)),""Unknown"")"
E-20260118-0144,S-20260118-01,Farmer's Walk,4,150.0,,45.0,,,,,,,,Slight slippage at 40 sec on right ,2,2026-01-18T17:27:17.406Z,"=IFERROR(INDEX(tbl_Lookup_Exercises[Category],MATCH(tbl_Exercises[[#This Row],[ExerciseName]],tbl_Lookup_Exercises[ExerciseName],0)),""Unknown"")"
E-20260118-0145,S-20260118-01,Farmer's Walk,5,150.0,,34.8,,,,,,,,,2,2026-01-18T17:29:09.146Z,"=IFERROR(INDEX(tbl_Lookup_Exercises[Category],MATCH(tbl_Exercises[[#This Row],[ExerciseName]],tbl_Lookup_Exercises[ExerciseName],0)),""Unknown"")"
E-20260118-0146,S-20260118-01,Machine Row,1,130.0,12.0,,,,,,,,,"Seated cable row, shoulder width neutral grip attachment. ",2,2026-01-18T17:33:39.459Z,"=IFERROR(INDEX(tbl_Lookup_Exercises[Category],MATCH(tbl_Exercises[[#This Row],[ExerciseName]],tbl_Lookup_Exercises[ExerciseName],0)),""Unknown"")"
E-20260118-0147,S-20260118-01,Machine Row,2,140.0,10.0,,,,,,,,,"Seated cable row, shoulder width neutral grip attachment. ",2,2026-01-18T17:35:51.640Z,"=IFERROR(INDEX(tbl_Lookup_Exercises[Category],MATCH(tbl_Exercises[[#This Row],[ExerciseName]],tbl_Lookup_Exercises[ExerciseName],0)),""Unknown"")"
E-20260118-0148,S-20260118-01,Machine Row,3,160.0,8.0,,,,,,,,,"Seated cable row, shoulder width neutral grip attachment. ",2,2026-01-18T17:38:22.884Z,"=IFERROR(INDEX(tbl_Lookup_Exercises[Category],MATCH(tbl_Exercises[[#This Row],[ExerciseName]],tbl_Lookup_Exercises[ExerciseName],0)),""Unknown"")"
E-20260118-0149,S-20260118-01,Machine Row,4,160.0,8.0,,,,,,,,,"Partials 7 & 8 difficulty to get the shoulder blades to pull fully back. Seated cable row, shoulder width neutral grip attachment. ",2,2026-01-18T17:41:11.815Z,"=IFERROR(INDEX(tbl_Lookup_Exercises[Category],MATCH(tbl_Exercises[[#This Row],[ExerciseName]],tbl_Lookup_Exercises[ExerciseName],0)),""Unknown"")"
E-20260118-0150,S-20260118-01,Body Row,1,0.0,7.0,,,,,,,,,Feet elevated on bench.,2,2026-01-18T17:43:52.845Z,"=IFERROR(INDEX(tbl_Lookup_Exercises[Category],MATCH(tbl_Exercises[[#This Row],[ExerciseName]],tbl_Lookup_Exercises[ExerciseName],0)),""Unknown"")"
E-20260118-0151,S-20260118-01,Body Row,2,0.0,8.0,,,,,,,,,Feet elevated on bench. I’m not making it chest to bar at the top. Should that be my target? ,2,2026-01-18T17:46:43.329Z,"=IFERROR(INDEX(tbl_Lookup_Exercises[Category],MATCH(tbl_Exercises[[#This Row],[ExerciseName]],tbl_Lookup_Exercises[ExerciseName],0)),""Unknown"")"
E-20260118-0152,S-20260118-01,Body Row,3,0.0,7.0,,,,,,,,,Heels on floor. Made it a bit closer to chest this set. ,2,2026-01-18T17:49:17.535Z,"=IFERROR(INDEX(tbl_Lookup_Exercises[Category],MATCH(tbl_Exercises[[#This Row],[ExerciseName]],tbl_Lookup_Exercises[ExerciseName],0)),""Unknown"")"
E-20260118-0153,S-20260118-01,Body Row,4,0.0,6.0,,,,,,,,,Feet elevated 1-4,2,2026-01-18T17:51:45.638Z,"=IFERROR(INDEX(tbl_Lookup_Exercises[Category],MATCH(tbl_Exercises[[#This Row],[ExerciseName]],tbl_Lookup_Exercises[ExerciseName],0)),""Unknown"")"
E-20260118-0154,S-20260118-01,Seated Single Arm DB Curl - Anchored,1,40.0,8.0,,,,,,,,,Left I assisted (tapping) reps 6-8,2,2026-01-18T17:56:35.001Z,"=IFERROR(INDEX(tbl_Lookup_Exercises[Category],MATCH(tbl_Exercises[[#This Row],[ExerciseName]],tbl_Lookup_Exercises[ExerciseName],0)),""Unknown"")"
E-20260118-0155,S-20260118-01,Seated Single Arm DB Curl - Anchored,2,45.0,5.0,,,,,,,,,Left I assisted (tapping) reps 6-8,2,2026-01-18T18:00:32.056Z,"=IFERROR(INDEX(tbl_Lookup_Exercises[Category],MATCH(tbl_Exercises[[#This Row],[ExerciseName]],tbl_Lookup_Exercises[ExerciseName],0)),""Unknown"")"
E-20260118-0156,S-20260118-01,Seated Single Arm DB Curl - Anchored,3,45.0,3.0,,,,,,,,2026-01-18T18:00:41.040Z,Drop set,2,2026-01-18T18:03:45.636Z,"=IFERROR(INDEX(tbl_Lookup_Exercises[Category],MATCH(tbl_Exercises[[#This Row],[ExerciseName]],tbl_Lookup_Exercises[ExerciseName],0)),""Unknown"")"
E-20260118-0157,S-20260118-01,Seated Single Arm DB Curl - Anchored,4,40.0,3.0,,,,,,,,2026-01-18T18:00:41.040Z,Drop set,2,2026-01-18T18:05:02.809Z,"=IFERROR(INDEX(tbl_Lookup_Exercises[Category],MATCH(tbl_Exercises[[#This Row],[ExerciseName]],tbl_Lookup_Exercises[ExerciseName],0)),""Unknown"")"
E-20260118-0158,S-20260118-01,Seated Single Arm DB Curl - Anchored,5,35.0,3.0,,,,,,,,2026-01-18T18:00:41.040Z,Partials ,2,2026-01-18T18:05:10.888Z,"=IFERROR(INDEX(tbl_Lookup_Exercises[Category],MATCH(tbl_Exercises[[#This Row],[ExerciseName]],tbl_Lookup_Exercises[ExerciseName],0)),""Unknown"")"
E-20260118-0159,S-20260118-01,Seated Single Arm DB Curl - Anchored,6,30.0,2.0,,,,,,,,2026-01-18T18:00:41.040Z,Partials ,2,2026-01-18T18:05:16.079Z,"=IFERROR(INDEX(tbl_Lookup_Exercises[Category],MATCH(tbl_Exercises[[#This Row],[ExerciseName]],tbl_Lookup_Exercises[ExerciseName],0)),""Unknown"")"
E-20260119-0160,S-20260119-01,Supine Press Machine - Plate Loaded (Planet Fitness),1,90.0,12.0,,,,,,,,,45 lb plate on each side. Warm up,2,2026-01-19T18:17:12.343Z,"=IFERROR(INDEX(tbl_Lookup_Exercises[Category],MATCH(tbl_Exercises[[#This Row],[ExerciseName]],tbl_Lookup_Exercises[ExerciseName],0)),""Unknown"")"
E-20260119-0161,S-20260119-01,Supine Press Machine - Plate Loaded (Planet Fitness),2,140.0,10.0,,,,,,,,,45+25 each side; 2-1-2 tempo;,2,2026-01-19T18:19:20.350Z,"=IFERROR(INDEX(tbl_Lookup_Exercises[Category],MATCH(tbl_Exercises[[#This Row],[ExerciseName]],tbl_Lookup_Exercises[ExerciseName],0)),""Unknown"")"
E-20260119-0162,S-20260119-01,Supine Press Machine - Plate Loaded (Planet Fitness),3,160.0,8.0,,,,,,,1-2,,RIR = 1-2; Not sure the best way to log this. Do we want the weight per side on plate-loaded machines? 45+25 each side; 2-1-2 tempo;,2,2026-01-19T18:21:49.139Z,"=IFERROR(INDEX(tbl_Lookup_Exercises[Category],MATCH(tbl_Exercises[[#This Row],[ExerciseName]],tbl_Lookup_Exercises[ExerciseName],0)),""Unknown"")"
E-20260119-0163,S-20260119-01,Supine Press Machine - Plate Loaded (Planet Fitness),4,180.0,3.0,,,,,,,1-2,,RIR = 1-2; Not sure the best way to log this. Do we want the weight per side on plate-loaded machines? 45+25 each side; 2-1-2 tempo;,2,2026-01-19T18:23:49.618Z,"=IFERROR(INDEX(tbl_Lookup_Exercises[Category],MATCH(tbl_Exercises[[#This Row],[ExerciseName]],tbl_Lookup_Exercises[ExerciseName],0)),""Unknown"")"
E-20260119-0164,S-20260119-01,DB Neutral Press (slight Rotate To Underhand ),1,45.0,10.0,,,,2.0,1.0,2.0,,,Tempo 2-1-2; elbows kept close to body,2,2026-01-19T18:27:25.419Z,"=IFERROR(INDEX(tbl_Lookup_Exercises[Category],MATCH(tbl_Exercises[[#This Row],[ExerciseName]],tbl_Lookup_Exercises[ExerciseName],0)),""Unknown"")"
E-20260119-0165,S-20260119-01,DB Neutral Press (slight Rotate To Underhand ),2,45.0,9.0,,,,2.0,1.0,2.0,1-2,,RIR 1-2; Tempo 2-1-2; elbows kept close to body,2,2026-01-19T18:29:54.250Z,"=IFERROR(INDEX(tbl_Lookup_Exercises[Category],MATCH(tbl_Exercises[[#This Row],[ExerciseName]],tbl_Lookup_Exercises[ExerciseName],0)),""Unknown"")"
E-20260119-0166,S-20260119-01,DB Neutral Press (slight Rotate To Underhand ),3,50.0,8.0,,,,2.0,1.0,2.0,1-2,,RIR 1-2; Tempo 2-1-2; elbows kept close to body,2,2026-01-19T18:32:19.752Z,"=IFERROR(INDEX(tbl_Lookup_Exercises[Category],MATCH(tbl_Exercises[[#This Row],[ExerciseName]],tbl_Lookup_Exercises[ExerciseName],0)),""Unknown"")"
E-20260119-0167,S-20260119-01,DB Neutral Press (slight Rotate To Underhand ),4,50.0,6.0,,,,2.0,1.0,2.0,1,,RIR 1; Tempo 2-1-2; elbows kept close to body,2,2026-01-19T18:35:07.469Z,"=IFERROR(INDEX(tbl_Lookup_Exercises[Category],MATCH(tbl_Exercises[[#This Row],[ExerciseName]],tbl_Lookup_Exercises[ExerciseName],0)),""Unknown"")"
E-20260119-0168,S-20260119-01,Single-Arm Vertical Plate Balance Press,1,45.0,3.0,,,,,,,,2026-01-19T18:42:36.652Z,Supine Vertical Plate Press to Supine DB Vertical Press superset,2,2026-01-19T18:42:37.338Z,"=IFERROR(INDEX(tbl_Lookup_Exercises[Category],MATCH(tbl_Exercises[[#This Row],[ExerciseName]],tbl_Lookup_Exercises[ExerciseName],0)),""Unknown"")"
E-20260119-0169,S-20260119-01,Single-Arm DB Balance Press,1,45.0,3.0,,,,,,,,2026-01-19T18:42:36.652Z,,2,2026-01-19T18:42:39.316Z,"=IFERROR(INDEX(tbl_Lookup_Exercises[Category],MATCH(tbl_Exercises[[#This Row],[ExerciseName]],tbl_Lookup_Exercises[ExerciseName],0)),""Unknown"")"
E-20260119-0170,S-20260119-01,Single-Arm Vertical Plate Balance Press,2,45.0,3.0,,,,,,,,2026-01-19T18:44:46.899Z,Supine Vertical Plate Press to Supine DB Vertical Press superset,2,2026-01-19T18:44:49.278Z,"=IFERROR(INDEX(tbl_Lookup_Exercises[Category],MATCH(tbl_Exercises[[#This Row],[ExerciseName]],tbl_Lookup_Exercises[ExerciseName],0)),""Unknown"")"
E-20260119-0171,S-20260119-01,Single-Arm DB Balance Press,2,45.0,4.0,,,,,,,,2026-01-19T18:44:46.899Z,,2,2026-01-19T18:44:52.742Z,"=IFERROR(INDEX(tbl_Lookup_Exercises[Category],MATCH(tbl_Exercises[[#This Row],[ExerciseName]],tbl_Lookup_Exercises[ExerciseName],0)),""Unknown"")"
E-20260119-0172,S-20260119-01,Single-Arm Vertical Plate Balance Press,3,45.0,5.0,,,,,,,,2026-01-19T18:50:01.923Z,,2,2026-01-19T18:50:04.550Z,"=IFERROR(INDEX(tbl_Lookup_Exercises[Category],MATCH(tbl_Exercises[[#This Row],[ExerciseName]],tbl_Lookup_Exercises[ExerciseName],0)),""Unknown"")"
E-20260119-0173,S-20260119-01,Single-Arm DB Balance Press,3,45.0,4.0,,,,,,,,2026-01-19T18:50:01.923Z,,2,2026-01-19T18:50:08.048Z,"=IFERROR(INDEX(tbl_Lookup_Exercises[Category],MATCH(tbl_Exercises[[#This Row],[ExerciseName]],tbl_Lookup_Exercises[ExerciseName],0)),""Unknown"")"
E-20260119-0174,S-20260119-01,Cable Triceps Extension - “Quad”,1,20.0,15.0,,,,,,,,,Right did 15 easy; left hit a wall at 9… assisted to 11,2,2026-01-19T18:54:29.686Z,"=IFERROR(INDEX(tbl_Lookup_Exercises[Category],MATCH(tbl_Exercises[[#This Row],[ExerciseName]],tbl_Lookup_Exercises[ExerciseName],0)),""Unknown"")"
E-20260119-0175,S-20260119-01,Cable Triceps Extension - “Quad”,2,20.0,15.0,,,,,,,,,Right did 15 easy; left dropped to 15 lbs and did 15 easy,2,2026-01-19T18:58:14.786Z,"=IFERROR(INDEX(tbl_Lookup_Exercises[Category],MATCH(tbl_Exercises[[#This Row],[ExerciseName]],tbl_Lookup_Exercises[ExerciseName],0)),""Unknown"")"
E-20260119-0176,S-20260119-01,Cable Triceps Extension - “Quad”,3,20.0,15.0,,,,,,,,,"Right did 15 easy; left 6@ 20, then dropped to 15 lbs for 8",2,2026-01-19T19:02:15.787Z,"=IFERROR(INDEX(tbl_Lookup_Exercises[Category],MATCH(tbl_Exercises[[#This Row],[ExerciseName]],tbl_Lookup_Exercises[ExerciseName],0)),""Unknown"")"
E-20260119-0177,S-20260119-01,Cable Triceps Extension - “Quad”,4,25.0,11.0,,,,,,,,2026-01-19T19:08:15.419Z,"Drop set left 25; right 25x6, 20x5,15x6",2,2026-01-19T19:08:16.289Z,"=IFERROR(INDEX(tbl_Lookup_Exercises[Category],MATCH(tbl_Exercises[[#This Row],[ExerciseName]],tbl_Lookup_Exercises[ExerciseName],0)),""Unknown"")"
E-20260119-0178,S-20260119-01,Cable Triceps Extension - “Quad”,5,20.0,6.0,,,,,,,,2026-01-19T19:08:15.419Z,"Drop set left 25; right 25x6, 20x5,15x6",2,2026-01-19T19:08:20.405Z,"=IFERROR(INDEX(tbl_Lookup_Exercises[Category],MATCH(tbl_Exercises[[#This Row],[ExerciseName]],tbl_Lookup_Exercises[ExerciseName],0)),""Unknown"")"
E-20260121-0179,S-20260121-01,Suitcase Carries,1,50.0,,75.0,,,,,,,,"Incline 1%, 2.7mph; plate pinch of 10 lbs with ‘off’ hand ",2,2026-01-21T21:12:50.747Z,"=IFERROR(INDEX(tbl_Lookup_Exercises[Category],MATCH(tbl_Exercises[[#This Row],[ExerciseName]],tbl_Lookup_Exercises[ExerciseName],0)),""Unknown"")"
E-20260121-0180,S-20260121-01,Suitcase Carries,2,50.0,,75.0,,,,,,,,"Incline 1%, 2.7mph; plate pinch of 10 lbs with ‘off’ hand ",2,2026-01-21T21:15:42.122Z,"=IFERROR(INDEX(tbl_Lookup_Exercises[Category],MATCH(tbl_Exercises[[#This Row],[ExerciseName]],tbl_Lookup_Exercises[ExerciseName],0)),""Unknown"")"
E-20260121-0181,S-20260121-01,Suitcase Carries,3,50.0,,75.0,,,,,,,,"Incline 1%, 2.7mph; plate pinch of 10 lbs with ‘off’ hand; dropped the plate at 60 seconds set 3 left hand",2,2026-01-21T21:20:16.606Z,"=IFERROR(INDEX(tbl_Lookup_Exercises[Category],MATCH(tbl_Exercises[[#This Row],[ExerciseName]],tbl_Lookup_Exercises[ExerciseName],0)),""Unknown"")"
E-20260121-0182,S-20260121-01,Suitcase Carries,4,50.0,,75.0,,,,,,,,"Incline 1%, 2.7mph; plate pinch of 10 lbs with ‘off’ hand; dropped the plate at 72 seconds set 3 left hand",2,2026-01-21T21:23:39.843Z,"=IFERROR(INDEX(tbl_Lookup_Exercises[Category],MATCH(tbl_Exercises[[#This Row],[ExerciseName]],tbl_Lookup_Exercises[ExerciseName],0)),""Unknown"")"
E-20260121-0183,S-20260121-01,Suitcase Carries,5,50.0,,75.0,,,,,,,,"Incline 1%, 2.7mph; plate pinch of 10 lbs with ‘off’ hand; dropped the plate at 72 seconds set 3 left hand",2,2026-01-21T21:26:57.955Z,"=IFERROR(INDEX(tbl_Lookup_Exercises[Category],MATCH(tbl_Exercises[[#This Row],[ExerciseName]],tbl_Lookup_Exercises[ExerciseName],0)),""Unknown"")"
E-20260121-0184,S-20260121-01,Kneeling Cable Row,1,140.0,12.0,,,,,,,,,70 plate on the seated cable row machine ,2,2026-01-21T21:33:04.884Z,"=IFERROR(INDEX(tbl_Lookup_Exercises[Category],MATCH(tbl_Exercises[[#This Row],[ExerciseName]],tbl_Lookup_Exercises[ExerciseName],0)),""Unknown"")"
E-20260121-0185,S-20260121-01,Kneeling Cable Row,2,140.0,12.0,,,,,,,,,70 plate on the seated cable row machine ,2,2026-01-21T21:35:37.185Z,"=IFERROR(INDEX(tbl_Lookup_Exercises[Category],MATCH(tbl_Exercises[[#This Row],[ExerciseName]],tbl_Lookup_Exercises[ExerciseName],0)),""Unknown"")"
E-20260121-0186,S-20260121-01,Kneeling Cable Row,3,145.0,11.0,,,,2.0,1.0,2.0,1,,RIR 1; Tempo 2-1-2 for all sets; 70 plate on the seated cable row machine ,2,2026-01-21T21:39:09.327Z,"=IFERROR(INDEX(tbl_Lookup_Exercises[Category],MATCH(tbl_Exercises[[#This Row],[ExerciseName]],tbl_Lookup_Exercises[ExerciseName],0)),""Unknown"")"
E-20260121-0187,S-20260121-01,Kneeling Cable Row,4,145.0,10.0,,,,2.0,1.0,2.0,0,,RIR 0; Tempo 2-1-2 for all sets; 70 plate on the seated cable row machine ,2,2026-01-21T21:41:13.397Z,"=IFERROR(INDEX(tbl_Lookup_Exercises[Category],MATCH(tbl_Exercises[[#This Row],[ExerciseName]],tbl_Lookup_Exercises[ExerciseName],0)),""Unknown"")"
E-20260121-0188,S-20260121-01,Face Pull,1,30.0,20.0,,,,,,,,,2 sec hold at full pull; cable set at notch 4 (~brow height ),2,2026-01-21T21:45:54.475Z,"=IFERROR(INDEX(tbl_Lookup_Exercises[Category],MATCH(tbl_Exercises[[#This Row],[ExerciseName]],tbl_Lookup_Exercises[ExerciseName],0)),""Unknown"")"
E-20260121-0189,S-20260121-01,Face Pull,2,30.0,20.0,,,,,,,,,2 sec hold at full pull; cable set at notch 4 (~brow height ),2,2026-01-21T21:47:41.183Z,"=IFERROR(INDEX(tbl_Lookup_Exercises[Category],MATCH(tbl_Exercises[[#This Row],[ExerciseName]],tbl_Lookup_Exercises[ExerciseName],0)),""Unknown"")"
E-20260121-0190,S-20260121-01,Face Pull,3,30.0,20.0,,,,,,,,,2 sec hold at full pull; cable set at notch 4 (~brow height ),2,2026-01-21T21:49:58.315Z,"=IFERROR(INDEX(tbl_Lookup_Exercises[Category],MATCH(tbl_Exercises[[#This Row],[ExerciseName]],tbl_Lookup_Exercises[ExerciseName],0)),""Unknown"")"
E-20260121-0191,S-20260121-01,Standing One Arm Extended Cable Curls,1,50.0,12.0,,,,,,,,,2 sec hold on contract and extended; 25 plate at Planet Fitness,2,2026-01-21T21:54:12.129Z,"=IFERROR(INDEX(tbl_Lookup_Exercises[Category],MATCH(tbl_Exercises[[#This Row],[ExerciseName]],tbl_Lookup_Exercises[ExerciseName],0)),""Unknown"")"
E-20260121-0192,S-20260121-01,Standing One Arm Extended Cable Curls,2,55.0,11.0,,,,,,,of,,2 sec vs hold on contract and extended; 25 plate + 2.5 at Planet Fitness; left arm was RIR of 0 at 10th rep,2,2026-01-21T21:57:48.835Z,"=IFERROR(INDEX(tbl_Lookup_Exercises[Category],MATCH(tbl_Exercises[[#This Row],[ExerciseName]],tbl_Lookup_Exercises[ExerciseName],0)),""Unknown"")"
E-20260121-0193,S-20260121-01,Standing One Arm Extended Cable Curls,3,40.0,10.0,,,,,,,,2026-01-21T21:58:41.773Z,Rest Pause set slow and controlled. ,2,2026-01-21T22:02:16.420Z,"=IFERROR(INDEX(tbl_Lookup_Exercises[Category],MATCH(tbl_Exercises[[#This Row],[ExerciseName]],tbl_Lookup_Exercises[ExerciseName],0)),""Unknown"")"
E-20260121-0194,S-20260121-01,Standing One Arm Extended Cable Curls,4,40.0,4.0,,,,,,,,2026-01-21T21:58:41.773Z,Rest Pause set slow and controlled. ,2,2026-01-21T22:02:18.612Z,"=IFERROR(INDEX(tbl_Lookup_Exercises[Category],MATCH(tbl_Exercises[[#This Row],[ExerciseName]],tbl_Lookup_Exercises[ExerciseName],0)),""Unknown"")"
E-20260122-0195,S-20260122-01,DB Spider Curl (Hammer),1,45.0,15.0,,,,,,,,2026-01-22T21:43:20.685Z,"Not a great contraction on reps 13-14, but serviceable. Bench set at 3",2,2026-01-22T21:43:21.867Z,"=IFERROR(INDEX(tbl_Lookup_Exercises[Category],MATCH(tbl_Exercises[[#This Row],[ExerciseName]],tbl_Lookup_Exercises[ExerciseName],0)),""Unknown"")"
E-20260122-0196,S-20260122-01,DB Spider Curl (Hammer),2,40.0,15.0,,,,,,,,2026-01-22T21:43:20.685Z,Feel very easy today. Plate at 40. Moving up to 45,2,2026-01-22T21:43:47.047Z,"=IFERROR(INDEX(tbl_Lookup_Exercises[Category],MATCH(tbl_Exercises[[#This Row],[ExerciseName]],tbl_Lookup_Exercises[ExerciseName],0)),""Unknown"")"
E-20260122-0197,S-20260122-01,DB Spider Curl (Hammer),3,45.0,15.0,,,,,,,,2026-01-22T21:47:08.004Z,Good set. ,2,2026-01-22T21:47:09.381Z,"=IFERROR(INDEX(tbl_Lookup_Exercises[Category],MATCH(tbl_Exercises[[#This Row],[ExerciseName]],tbl_Lookup_Exercises[ExerciseName],0)),""Unknown"")"
E-20260122-0198,S-20260122-01,Rope Push-Downs,1,45.0,15.0,,,,,,,,2026-01-22T21:47:08.004Z,,2,2026-01-22T21:47:16.622Z,"=IFERROR(INDEX(tbl_Lookup_Exercises[Category],MATCH(tbl_Exercises[[#This Row],[ExerciseName]],tbl_Lookup_Exercises[ExerciseName],0)),""Unknown"")"
E-20260122-0199,S-20260122-01,DB Spider Curl (Hammer),4,45.0,10.0,,,,,,,hit,2026-01-22T21:50:31.161Z,Good set. RIR hit 0. Poor flex at 10+,2,2026-01-22T21:50:33.674Z,"=IFERROR(INDEX(tbl_Lookup_Exercises[Category],MATCH(tbl_Exercises[[#This Row],[ExerciseName]],tbl_Lookup_Exercises[ExerciseName],0)),""Unknown"")"
E-20260122-0200,S-20260122-01,Rope Push-Downs,2,45.0,10.0,,,,,,,0,2026-01-22T21:50:31.161Z,RIR 0; full lockout and hold for as long as possible on last rep (only a couple seconds),2,2026-01-22T21:51:09.343Z,"=IFERROR(INDEX(tbl_Lookup_Exercises[Category],MATCH(tbl_Exercises[[#This Row],[ExerciseName]],tbl_Lookup_Exercises[ExerciseName],0)),""Unknown"")"
E-20260122-0201,S-20260122-01,Single Arm Cable Extensions,1,15.0,12.0,,,,1.0,1.0,4.0,,,Tempo 1-1-4,2,2026-01-22T21:55:14.713Z,"=IFERROR(INDEX(tbl_Lookup_Exercises[Category],MATCH(tbl_Exercises[[#This Row],[ExerciseName]],tbl_Lookup_Exercises[ExerciseName],0)),""Unknown"")"
E-20260122-0202,S-20260122-01,Single Arm Cable Extensions,2,15.0,12.5,,,,,,,,,,2,2026-01-22T21:58:59.335Z,"=IFERROR(INDEX(tbl_Lookup_Exercises[Category],MATCH(tbl_Exercises[[#This Row],[ExerciseName]],tbl_Lookup_Exercises[ExerciseName],0)),""Unknown"")"
E-20260122-0203,S-20260122-01,Single Arm Cable Extensions,3,15.0,11.0,,,,,,,,,Squeezed each rep,2,2026-01-22T22:01:51.857Z,"=IFERROR(INDEX(tbl_Lookup_Exercises[Category],MATCH(tbl_Exercises[[#This Row],[ExerciseName]],tbl_Lookup_Exercises[ExerciseName],0)),""Unknown"")"
E-20260122-0204,S-20260122-01,Farmer’s Hold,1,75.0,,75.0,,,,,,,,Dropped once grip started to give (weight slowly rolling towards fingertip),2,2026-01-22T22:06:50.637Z,"=IFERROR(INDEX(tbl_Lookup_Exercises[Category],MATCH(tbl_Exercises[[#This Row],[ExerciseName]],tbl_Lookup_Exercises[ExerciseName],0)),""Unknown"")"
E-20260122-0205,S-20260122-01,Farmer’s Hold,2,75.0,,67.2,,,,,,,,Dropped once grip started to give (weight slowly rolling towards fingertip),2,2026-01-22T22:09:28.415Z,"=IFERROR(INDEX(tbl_Lookup_Exercises[Category],MATCH(tbl_Exercises[[#This Row],[ExerciseName]],tbl_Lookup_Exercises[ExerciseName],0)),""Unknown"")"
E-20260122-0206,S-20260122-01,Farmer’s Hold,3,75.0,,52.8,,,,,,,,Dropped once grip started to give (weight slowly rolling towards fingertip),2,2026-01-22T22:11:17.065Z,"=IFERROR(INDEX(tbl_Lookup_Exercises[Category],MATCH(tbl_Exercises[[#This Row],[ExerciseName]],tbl_Lookup_Exercises[ExerciseName],0)),""Unknown"")"
E-20260124-0207,S-20260124-01,Farmer's Walk,1,150.0,,75.0,,,,,,,,"1% incline, 3mph",2,2026-01-24T17:50:54.018Z,"=IFERROR(INDEX(tbl_Lookup_Exercises[Category],MATCH(tbl_Exercises[[#This Row],[ExerciseName]],tbl_Lookup_Exercises[ExerciseName],0)),""Unknown"")"
E-20260124-0208,S-20260124-01,Farmer's Walk,2,150.0,,60.0,,,,,,,,"1% incline, 2.5 mph",2,2026-01-24T17:53:44.460Z,"=IFERROR(INDEX(tbl_Lookup_Exercises[Category],MATCH(tbl_Exercises[[#This Row],[ExerciseName]],tbl_Lookup_Exercises[ExerciseName],0)),""Unknown"")"
E-20260124-0209,S-20260124-01,Farmer's Walk,3,150.0,,49.8,,,,,,,,"1% incline, 2.5 mph",2,2026-01-24T17:56:20.279Z,"=IFERROR(INDEX(tbl_Lookup_Exercises[Category],MATCH(tbl_Exercises[[#This Row],[ExerciseName]],tbl_Lookup_Exercises[ExerciseName],0)),""Unknown"")"
E-20260124-0210,S-20260124-01,Farmer's Walk,4,150.0,,45.0,,,,,,,,"1% incline, 2.5 mph",2,2026-01-24T17:58:20.720Z,"=IFERROR(INDEX(tbl_Lookup_Exercises[Category],MATCH(tbl_Exercises[[#This Row],[ExerciseName]],tbl_Lookup_Exercises[ExerciseName],0)),""Unknown"")"
E-20260124-0211,S-20260124-01,Farmer's Walk,5,150.0,,39.6,,,,,,,,"1% incline, 2.5 mph",2,2026-01-24T18:00:58.496Z,"=IFERROR(INDEX(tbl_Lookup_Exercises[Category],MATCH(tbl_Exercises[[#This Row],[ExerciseName]],tbl_Lookup_Exercises[ExerciseName],0)),""Unknown"")"
E-20260124-0212,S-20260124-01,Neutral Grip Seated 2 Arm Row,1,140.0,8.0,,,,,,,,,"Felt too easy. Also, Coach, you say “Chest to pad”?? There is no chest pad on a seated cable row. Not sure what you are referring to",2,2026-01-24T18:07:40.075Z,"=IFERROR(INDEX(tbl_Lookup_Exercises[Category],MATCH(tbl_Exercises[[#This Row],[ExerciseName]],tbl_Lookup_Exercises[ExerciseName],0)),""Unknown"")"
E-20260124-0213,S-20260124-01,Neutral Grip Seated 2 Arm Row,2,160.0,8.0,,,,,,,2-3?,,Better. RIR 2-3? Concentration on keep traps relaxed. Pulling elbows straight back and squeezing scapula together,2,2026-01-24T18:09:19.499Z,"=IFERROR(INDEX(tbl_Lookup_Exercises[Category],MATCH(tbl_Exercises[[#This Row],[ExerciseName]],tbl_Lookup_Exercises[ExerciseName],0)),""Unknown"")"
E-20260124-0214,S-20260124-01,Neutral Grip Seated 2 Arm Row,3,165.0,8.0,,,,,,,1-2,,Better. RIR 1-2.  Concentration on keep traps relaxed. Pulling elbows straight back and squeezing scapula together,2,2026-01-24T18:11:40.451Z,"=IFERROR(INDEX(tbl_Lookup_Exercises[Category],MATCH(tbl_Exercises[[#This Row],[ExerciseName]],tbl_Lookup_Exercises[ExerciseName],0)),""Unknown"")"
E-20260124-0215,S-20260124-01,Neutral Grip Seated 2 Arm Row,4,170.0,7.0,,,,,,,0-1,,Better. RIR 0-1.  Concentration on keep traps relaxed. Pulling elbows straight back and squeezing scapula together,2,2026-01-24T18:13:51.291Z,"=IFERROR(INDEX(tbl_Lookup_Exercises[Category],MATCH(tbl_Exercises[[#This Row],[ExerciseName]],tbl_Lookup_Exercises[ExerciseName],0)),""Unknown"")"
E-20260124-0216,S-20260124-01,Body Row,1,0.0,8.0,,,,,,,,,Feet elevated,2,2026-01-24T18:16:24.704Z,"=IFERROR(INDEX(tbl_Lookup_Exercises[Category],MATCH(tbl_Exercises[[#This Row],[ExerciseName]],tbl_Lookup_Exercises[ExerciseName],0)),""Unknown"")"
E-20260124-0217,S-20260124-01,Body Row,2,0.0,9.0,,,,,,,,,Feet on floor,2,2026-01-24T18:18:31.490Z,"=IFERROR(INDEX(tbl_Lookup_Exercises[Category],MATCH(tbl_Exercises[[#This Row],[ExerciseName]],tbl_Lookup_Exercises[ExerciseName],0)),""Unknown"")"
E-20260124-0218,S-20260124-01,Body Row,3,0.0,5.0,,,,,,,,2026-01-24T18:20:26.071Z,Feet elevated ,2,2026-01-24T18:20:33.484Z,"=IFERROR(INDEX(tbl_Lookup_Exercises[Category],MATCH(tbl_Exercises[[#This Row],[ExerciseName]],tbl_Lookup_Exercises[ExerciseName],0)),""Unknown"")"
E-20260124-0219,S-20260124-01,Body Row,4,0.0,3.0,,,,,,,,2026-01-24T18:20:26.071Z,Feet on floor,2,2026-01-24T18:20:40.243Z,"=IFERROR(INDEX(tbl_Lookup_Exercises[Category],MATCH(tbl_Exercises[[#This Row],[ExerciseName]],tbl_Lookup_Exercises[ExerciseName],0)),""Unknown"")"
E-20260124-0220,S-20260124-01,Seated Single Arm DB Curl - Anchored,1,40.0,7.0,,,,,,,,,,2,2026-01-24T18:23:40.192Z,"=IFERROR(INDEX(tbl_Lookup_Exercises[Category],MATCH(tbl_Exercises[[#This Row],[ExerciseName]],tbl_Lookup_Exercises[ExerciseName],0)),""Unknown"")"
E-20260124-0221,S-20260124-01,Seated Single Arm DB Curl - Anchored,2,40.0,7.0,,,,,,,,,"Helped tap /momentum reps 5,6,7. Full squeeze. ",2,2026-01-24T18:27:42.551Z,"=IFERROR(INDEX(tbl_Lookup_Exercises[Category],MATCH(tbl_Exercises[[#This Row],[ExerciseName]],tbl_Lookup_Exercises[ExerciseName],0)),""Unknown"")"
E-20260124-0222,S-20260124-01,Seated Single Arm DB Curl - Anchored,3,40.0,5.0,,,,,,,,2026-01-24T18:33:18.543Z,Drop set to 30,2,2026-01-24T18:33:28.264Z,"=IFERROR(INDEX(tbl_Lookup_Exercises[Category],MATCH(tbl_Exercises[[#This Row],[ExerciseName]],tbl_Lookup_Exercises[ExerciseName],0)),""Unknown"")"
E-20260124-0223,S-20260124-01,Seated Single Arm DB Curl - Anchored,4,30.0,10.0,,,,,,,,2026-01-24T18:33:18.543Z,"~5-6 strong reps, then partials until burned out",2,2026-01-24T18:33:59.167Z,"=IFERROR(INDEX(tbl_Lookup_Exercises[Category],MATCH(tbl_Exercises[[#This Row],[ExerciseName]],tbl_Lookup_Exercises[ExerciseName],0)),""Unknown"")"
E-20260124-0224,S-20260124-01,Captains Chair Knee Raises,1,0.0,15.0,,,,,,,,,Little tightness in right shoulder cap,2,2026-01-24T18:36:11.557Z,"=IFERROR(INDEX(tbl_Lookup_Exercises[Category],MATCH(tbl_Exercises[[#This Row],[ExerciseName]],tbl_Lookup_Exercises[ExerciseName],0)),""Unknown"")"
E-20260124-0225,S-20260124-01,Hanging Knee Raises,1,0.0,,13.0,,,,,,,,Felt pretty good. ,2,2026-01-24T18:38:49.954Z,"=IFERROR(INDEX(tbl_Lookup_Exercises[Category],MATCH(tbl_Exercises[[#This Row],[ExerciseName]],tbl_Lookup_Exercises[ExerciseName],0)),""Unknown"")"
E-20260125-0226,S-20260125-01,Supine Press Machine - Plate Loaded (Planet Fitness),1,90.0,12.0,,,,,,,,,2-1-2 tempo,2,2026-01-25T17:31:52.396Z,"=IFERROR(INDEX(tbl_Lookup_Exercises[Category],MATCH(tbl_Exercises[[#This Row],[ExerciseName]],tbl_Lookup_Exercises[ExerciseName],0)),""Unknown"")"
E-20260125-0227,S-20260125-01,Supine Press Machine - Plate Loaded (Planet Fitness),2,140.0,11.0,,,,,,,,,2-1-2 tempo,2,2026-01-25T17:33:31.523Z,"=IFERROR(INDEX(tbl_Lookup_Exercises[Category],MATCH(tbl_Exercises[[#This Row],[ExerciseName]],tbl_Lookup_Exercises[ExerciseName],0)),""Unknown"")"
E-20260125-0228,S-20260125-01,Supine Press Machine - Plate Loaded (Planet Fitness),3,160.0,8.0,,,,,,,,,2-1-2 tempo; held the lockout on rep 7 for a few counts before finishing the 8th clean rep. Good set,2,2026-01-25T17:36:06.185Z,"=IFERROR(INDEX(tbl_Lookup_Exercises[Category],MATCH(tbl_Exercises[[#This Row],[ExerciseName]],tbl_Lookup_Exercises[ExerciseName],0)),""Unknown"")"
E-20260125-0229,S-20260125-01,Supine Press Machine - Plate Loaded (Planet Fitness),4,180.0,6.0,,,,,,,1,,2-1-2 tempo; RIR  1;,2,2026-01-25T17:39:18.981Z,"=IFERROR(INDEX(tbl_Lookup_Exercises[Category],MATCH(tbl_Exercises[[#This Row],[ExerciseName]],tbl_Lookup_Exercises[ExerciseName],0)),""Unknown"")"
E-20260125-0230,S-20260125-01,DB Neutral Press (slight Rotate To Underhand ),1,45.0,11.0,,,,2.0,1.0,2.0,,,Tempo 2-1-2,2,2026-01-25T17:42:20.857Z,"=IFERROR(INDEX(tbl_Lookup_Exercises[Category],MATCH(tbl_Exercises[[#This Row],[ExerciseName]],tbl_Lookup_Exercises[ExerciseName],0)),""Unknown"")"
E-20260125-0231,S-20260125-01,DB Neutral Press (slight Rotate To Underhand ),2,50.0,9.0,,,,2.0,1.0,2.0,1-2,,Tempo 2-1-2; RIR 1-2,2,2026-01-25T17:44:50.013Z,"=IFERROR(INDEX(tbl_Lookup_Exercises[Category],MATCH(tbl_Exercises[[#This Row],[ExerciseName]],tbl_Lookup_Exercises[ExerciseName],0)),""Unknown"")"
E-20260125-0232,S-20260125-01,DB Neutral Press (slight Rotate To Underhand ),3,50.0,8.0,,,,2.0,1.0,2.0,1-2,,Tempo 2-1-2; RIR 1-2,2,2026-01-25T17:46:57.844Z,"=IFERROR(INDEX(tbl_Lookup_Exercises[Category],MATCH(tbl_Exercises[[#This Row],[ExerciseName]],tbl_Lookup_Exercises[ExerciseName],0)),""Unknown"")"
E-20260125-0233,S-20260125-01,DB Neutral Press (slight Rotate To Underhand ),4,50.0,7.0,,,,2.0,1.0,2.0,1,,Tempo 2-1-2; RIR 1,2,2026-01-25T17:49:39.508Z,"=IFERROR(INDEX(tbl_Lookup_Exercises[Category],MATCH(tbl_Exercises[[#This Row],[ExerciseName]],tbl_Lookup_Exercises[ExerciseName],0)),""Unknown"")"
E-20260125-0234,S-20260125-01,Single-Arm Vertical Plate Balance Press,1,45.0,5.0,,,,,,,,2026-01-25T17:51:27.157Z,,2,2026-01-25T17:54:05.047Z,"=IFERROR(INDEX(tbl_Lookup_Exercises[Category],MATCH(tbl_Exercises[[#This Row],[ExerciseName]],tbl_Lookup_Exercises[ExerciseName],0)),""Unknown"")"
E-20260125-0235,S-20260125-01,Single-Arm DB Balance Press,1,45.0,5.0,,,,,,,,2026-01-25T17:51:27.157Z,,2,2026-01-25T17:54:08.611Z,"=IFERROR(INDEX(tbl_Lookup_Exercises[Category],MATCH(tbl_Exercises[[#This Row],[ExerciseName]],tbl_Lookup_Exercises[ExerciseName],0)),""Unknown"")"
E-20260125-0236,S-20260125-01,Single-Arm Vertical Plate Balance Press,2,45.0,4.0,,,,,,,,2026-01-25T17:58:05.374Z,,2,2026-01-25T17:58:05.997Z,"=IFERROR(INDEX(tbl_Lookup_Exercises[Category],MATCH(tbl_Exercises[[#This Row],[ExerciseName]],tbl_Lookup_Exercises[ExerciseName],0)),""Unknown"")"
E-20260125-0237,S-20260125-01,Single-Arm DB Balance Press,2,45.0,5.0,,,,,,,,2026-01-25T17:58:05.374Z,,2,2026-01-25T17:58:08.120Z,"=IFERROR(INDEX(tbl_Lookup_Exercises[Category],MATCH(tbl_Exercises[[#This Row],[ExerciseName]],tbl_Lookup_Exercises[ExerciseName],0)),""Unknown"")"
E-20260125-0238,S-20260125-01,Single-Arm Vertical Plate Balance Press,3,45.0,5.0,,,,,,,,2026-01-25T18:02:32.740Z,,2,2026-01-25T18:02:34.865Z,"=IFERROR(INDEX(tbl_Lookup_Exercises[Category],MATCH(tbl_Exercises[[#This Row],[ExerciseName]],tbl_Lookup_Exercises[ExerciseName],0)),""Unknown"")"
E-20260125-0239,S-20260125-01,Single-Arm DB Balance Press,3,45.0,4.0,,,,,,,0-1,2026-01-25T18:02:32.740Z,RIR 0-1,2,2026-01-25T18:02:46.581Z,"=IFERROR(INDEX(tbl_Lookup_Exercises[Category],MATCH(tbl_Exercises[[#This Row],[ExerciseName]],tbl_Lookup_Exercises[ExerciseName],0)),""Unknown"")"
E-20260125-0240,S-20260125-01,Cable Triceps Extension - “Quad”,1,20.0,15.0,,,,,,,,,Pretty consistent between sides today on set 1 👍,2,2026-01-25T18:07:58.754Z,"=IFERROR(INDEX(tbl_Lookup_Exercises[Category],MATCH(tbl_Exercises[[#This Row],[ExerciseName]],tbl_Lookup_Exercises[ExerciseName],0)),""Unknown"")"
E-20260125-0241,S-20260125-01,Cable Triceps Extension - “Quad”,2,20.0,15.0,,,,,,,,,"Assist on left side reps 13,14,15",2,2026-01-25T18:11:25.099Z,"=IFERROR(INDEX(tbl_Lookup_Exercises[Category],MATCH(tbl_Exercises[[#This Row],[ExerciseName]],tbl_Lookup_Exercises[ExerciseName],0)),""Unknown"")"
E-20260125-0242,S-20260125-01,Cable Triceps Extension - “Quad”,3,20.0,15.0,,,,,,,,,"Assist on left side reps 10,11,12,13,14,15",2,2026-01-25T18:14:52.454Z,"=IFERROR(INDEX(tbl_Lookup_Exercises[Category],MATCH(tbl_Exercises[[#This Row],[ExerciseName]],tbl_Lookup_Exercises[ExerciseName],0)),""Unknown"")"
E-20260125-0243,S-20260125-01,Cable Triceps Extension - “Quad”,4,20.0,12.0,,,,,,,,2026-01-25T18:19:07.788Z,"Right did 20lb x 12, then 15lb x 10",2,2026-01-25T18:19:08.478Z,"=IFERROR(INDEX(tbl_Lookup_Exercises[Category],MATCH(tbl_Exercises[[#This Row],[ExerciseName]],tbl_Lookup_Exercises[ExerciseName],0)),""Unknown"")"
E-20260125-0244,S-20260125-01,Cable Triceps Extension - “Quad”,5,15.0,10.0,,,,,,,,2026-01-25T18:19:07.788Z,"Right did 20lb x 12, then 15lb x 10",2,2026-01-25T18:19:12.155Z,"=IFERROR(INDEX(tbl_Lookup_Exercises[Category],MATCH(tbl_Exercises[[#This Row],[ExerciseName]],tbl_Lookup_Exercises[ExerciseName],0)),""Unknown"")"
E-20260127-0245,S-20260127-01,Suitcase Carries,1,50.0,,60.0,,,,,,,2026-01-27T21:37:45.626Z,"Left - 0% incline, 2.5mph, 2 10 lbs plates pinched on off hand ",2,2026-01-27T21:37:46.544Z,"=IFERROR(INDEX(tbl_Lookup_Exercises[Category],MATCH(tbl_Exercises[[#This Row],[ExerciseName]],tbl_Lookup_Exercises[ExerciseName],0)),""Unknown"")"
E-20260127-0246,S-20260127-01,Suitcase Carries,2,50.0,,60.0,,,,,,,2026-01-27T21:37:45.626Z,"Right - 0% incline, 2.5mph, 2 10 lbs plates pinched on off hand ",2,2026-01-27T21:37:54.001Z,"=IFERROR(INDEX(tbl_Lookup_Exercises[Category],MATCH(tbl_Exercises[[#This Row],[ExerciseName]],tbl_Lookup_Exercises[ExerciseName],0)),""Unknown"")"
E-20260127-0247,S-20260127-01,Suitcase Carries,3,50.0,,60.0,,,,,,,2026-01-27T21:41:15.542Z,"Left - 0% incline, 2.5mph, 2 10 lbs plates pinched on off hand ",2,2026-01-27T21:41:16.144Z,"=IFERROR(INDEX(tbl_Lookup_Exercises[Category],MATCH(tbl_Exercises[[#This Row],[ExerciseName]],tbl_Lookup_Exercises[ExerciseName],0)),""Unknown"")"
E-20260127-0248,S-20260127-01,Suitcase Carries,4,50.0,,60.0,,,,,,,2026-01-27T21:41:15.542Z,"Right- 0% incline, 2.5mph, 2 10 lbs plates pinched on off hand ",2,2026-01-27T21:41:23.036Z,"=IFERROR(INDEX(tbl_Lookup_Exercises[Category],MATCH(tbl_Exercises[[#This Row],[ExerciseName]],tbl_Lookup_Exercises[ExerciseName],0)),""Unknown"")"
E-20260127-0249,S-20260127-01,Kneeling Cable Row,1,145.0,12.0,,,,,,,,,,2,2026-01-27T21:44:21.566Z,"=IFERROR(INDEX(tbl_Lookup_Exercises[Category],MATCH(tbl_Exercises[[#This Row],[ExerciseName]],tbl_Lookup_Exercises[ExerciseName],0)),""Unknown"")"
E-20260127-0250,S-20260127-01,Kneeling Cable Row,2,150.0,12.0,,,,,,,,,,2,2026-01-27T21:47:02.124Z,"=IFERROR(INDEX(tbl_Lookup_Exercises[Category],MATCH(tbl_Exercises[[#This Row],[ExerciseName]],tbl_Lookup_Exercises[ExerciseName],0)),""Unknown"")"
E-20260127-0251,S-20260127-01,Kneeling Cable Row,3,150.0,11.0,,,,,,,,,"Form stayed pretty true. A little less contraction on 10,11 both sides. ",2,2026-01-27T21:50:18.165Z,"=IFERROR(INDEX(tbl_Lookup_Exercises[Category],MATCH(tbl_Exercises[[#This Row],[ExerciseName]],tbl_Lookup_Exercises[ExerciseName],0)),""Unknown"")"
E-20260127-0252,S-20260127-01,Kneeling Cable Row,4,150.0,11.0,,,,,,,,,"Form stayed pretty true. A little less contraction on 10,11 both sides. ",2,2026-01-27T21:53:57.192Z,"=IFERROR(INDEX(tbl_Lookup_Exercises[Category],MATCH(tbl_Exercises[[#This Row],[ExerciseName]],tbl_Lookup_Exercises[ExerciseName],0)),""Unknown"")"
E-20260127-0253,S-20260127-01,Chest Supported DB Row (Spider),1,60.0,14.0,,,,,,,,,Bench at 3 (or ~30degree).,2,2026-01-27T21:58:14.895Z,"=IFERROR(INDEX(tbl_Lookup_Exercises[Category],MATCH(tbl_Exercises[[#This Row],[ExerciseName]],tbl_Lookup_Exercises[ExerciseName],0)),""Unknown"")"
E-20260127-0254,S-20260127-01,Chest Supported DB Row (Spider),2,60.0,13.0,,,,,,,2-3,,RIR 2-3; Bench at 3 (or ~30degree).,2,2026-01-27T21:59:45.450Z,"=IFERROR(INDEX(tbl_Lookup_Exercises[Category],MATCH(tbl_Exercises[[#This Row],[ExerciseName]],tbl_Lookup_Exercises[ExerciseName],0)),""Unknown"")"
E-20260127-0255,S-20260127-01,Chest Supported DB Row (Spider),3,60.0,12.0,,,,,,,1-2,,RIR 1-2; Bench at 3 (or ~30degree).,2,2026-01-27T22:01:24.006Z,"=IFERROR(INDEX(tbl_Lookup_Exercises[Category],MATCH(tbl_Exercises[[#This Row],[ExerciseName]],tbl_Lookup_Exercises[ExerciseName],0)),""Unknown"")"
E-20260127-0256,S-20260127-01,Face Pull,1,30.0,20.0,,,,,,,,,Cable set at 8. This was too low. ,2,2026-01-27T22:04:59.173Z,"=IFERROR(INDEX(tbl_Lookup_Exercises[Category],MATCH(tbl_Exercises[[#This Row],[ExerciseName]],tbl_Lookup_Exercises[ExerciseName],0)),""Unknown"")"
E-20260127-0257,S-20260127-01,Face Pull,2,30.0,20.0,,,,,,,,,"Move cable to 4. This is about brow height. A little tight / sore in right shoulder cap. Not serious but residual from Captains Chair, same spot ",2,2026-01-27T22:07:39.328Z,"=IFERROR(INDEX(tbl_Lookup_Exercises[Category],MATCH(tbl_Exercises[[#This Row],[ExerciseName]],tbl_Lookup_Exercises[ExerciseName],0)),""Unknown"")"
E-20260127-0258,S-20260127-01,Face Pull,3,30.0,20.0,,,,,,,,,Cable at 4. Squeezing on all sets for 2 seconds ,2,2026-01-27T22:10:04.192Z,"=IFERROR(INDEX(tbl_Lookup_Exercises[Category],MATCH(tbl_Exercises[[#This Row],[ExerciseName]],tbl_Lookup_Exercises[ExerciseName],0)),""Unknown"")"
E-20260127-0259,S-20260127-01,Standing One Arm Bicep Curl with Cable (Anchored),1,20.0,15.0,,,,,,,,,Squeeze for a 2-count. Elbow anchored,2,2026-01-27T22:14:33.900Z,"=IFERROR(INDEX(tbl_Lookup_Exercises[Category],MATCH(tbl_Exercises[[#This Row],[ExerciseName]],tbl_Lookup_Exercises[ExerciseName],0)),""Unknown"")"
E-20260127-0260,S-20260127-01,Standing One Arm Bicep Curl with Cable (Anchored),2,20.0,12.0,,,,,,,0,,Squeeze for a 2-count. Elbow anchored. RIR 0,2,2026-01-27T22:17:38.082Z,"=IFERROR(INDEX(tbl_Lookup_Exercises[Category],MATCH(tbl_Exercises[[#This Row],[ExerciseName]],tbl_Lookup_Exercises[ExerciseName],0)),""Unknown"")"
E-20260127-0261,S-20260127-01,Standing One Arm Bicep Curl with Cable (Anchored),3,20.0,12.0,,,,,,,0,,Squeeze for a 2-count. Elbow anchored. RIR 0,2,2026-01-27T22:22:25.683Z,"=IFERROR(INDEX(tbl_Lookup_Exercises[Category],MATCH(tbl_Exercises[[#This Row],[ExerciseName]],tbl_Lookup_Exercises[ExerciseName],0)),""Unknown"")"
E-20260127-0262,S-20260127-01,Pallof Press,1,30.0,10.0,,,,,,,,2026-01-27T22:39:12.753Z,10 reps each side. Cable machine set at nipple line; right,2,2026-01-27T22:39:13.373Z,"=IFERROR(INDEX(tbl_Lookup_Exercises[Category],MATCH(tbl_Exercises[[#This Row],[ExerciseName]],tbl_Lookup_Exercises[ExerciseName],0)),""Unknown"")"
E-20260127-0263,S-20260127-01,Pallof Press,2,30.0,10.0,,,,,,,,2026-01-27T22:39:12.753Z,10 reps each side. Cable machine set at nipple line; left,2,2026-01-27T22:39:21.001Z,"=IFERROR(INDEX(tbl_Lookup_Exercises[Category],MATCH(tbl_Exercises[[#This Row],[ExerciseName]],tbl_Lookup_Exercises[ExerciseName],0)),""Unknown"")"
E-20260128-0264,S-20260128-01,DB Spider Curl (Hammer),1,45.0,15.0,,,,,,,,,Bench at 4. Is this too high?,2,2026-01-28T20:35:08.477Z,"=IFERROR(INDEX(tbl_Lookup_Exercises[Category],MATCH(tbl_Exercises[[#This Row],[ExerciseName]],tbl_Lookup_Exercises[ExerciseName],0)),""Unknown"")"
E-20260128-0265,S-20260128-01,DB Spider Curl (Hammer),2,45.0,15.0,,,,,,,,,Bench at 3. Slow and controlled pause at the bottom to try to prevent swinging or momentum ,2,2026-01-28T20:38:45.293Z,"=IFERROR(INDEX(tbl_Lookup_Exercises[Category],MATCH(tbl_Exercises[[#This Row],[ExerciseName]],tbl_Lookup_Exercises[ExerciseName],0)),""Unknown"")"
E-20260128-0266,S-20260128-01,DB Spider Curl (Hammer),3,45.0,13.0,,,,,,,0,,RIR 0; Bench at 3. Slow and controlled pause at the bottom to try to prevent swinging or momentum ,2,2026-01-28T20:40:56.966Z,"=IFERROR(INDEX(tbl_Lookup_Exercises[Category],MATCH(tbl_Exercises[[#This Row],[ExerciseName]],tbl_Lookup_Exercises[ExerciseName],0)),""Unknown"")"
E-20260128-0267,S-20260128-01,Rope Push-Downs,1,45.0,15.0,,,,,,,,,Kneeling. Felt pretty easy,2,2026-01-28T20:43:40.112Z,"=IFERROR(INDEX(tbl_Lookup_Exercises[Category],MATCH(tbl_Exercises[[#This Row],[ExerciseName]],tbl_Lookup_Exercises[ExerciseName],0)),""Unknown"")"
E-20260128-0268,S-20260128-01,Rope Push-Downs,2,45.0,13.0,,,,,,,1-2,,RIR 1-2; Kneeling. Felt pretty easy,2,2026-01-28T20:45:46.575Z,"=IFERROR(INDEX(tbl_Lookup_Exercises[Category],MATCH(tbl_Exercises[[#This Row],[ExerciseName]],tbl_Lookup_Exercises[ExerciseName],0)),""Unknown"")"
E-20260128-0269,S-20260128-01,Rope Push-Downs,3,45.0,10.0,,,,,,,0,,RIR 0; Kneeling. Felt pretty easy,2,2026-01-28T20:47:42.575Z,"=IFERROR(INDEX(tbl_Lookup_Exercises[Category],MATCH(tbl_Exercises[[#This Row],[ExerciseName]],tbl_Lookup_Exercises[ExerciseName],0)),""Unknown"")"
E-20260128-0270,S-20260128-01,Single Arm Cable Extensions,1,17.5,10.0,,,,,,,,,,2,2026-01-28T20:50:02.760Z,"=IFERROR(INDEX(tbl_Lookup_Exercises[Category],MATCH(tbl_Exercises[[#This Row],[ExerciseName]],tbl_Lookup_Exercises[ExerciseName],0)),""Unknown"")"
E-20260128-0271,S-20260128-01,Single Arm Cable Extensions,2,17.5,11.0,,,,,,,,,Tapped on 11th right side ,2,2026-01-28T20:52:36.279Z,"=IFERROR(INDEX(tbl_Lookup_Exercises[Category],MATCH(tbl_Exercises[[#This Row],[ExerciseName]],tbl_Lookup_Exercises[ExerciseName],0)),""Unknown"")"
E-20260128-0272,S-20260128-01,Single Arm Cable Extensions,3,17.5,11.0,,,,,,,,,,2,2026-01-28T20:55:48.070Z,"=IFERROR(INDEX(tbl_Lookup_Exercises[Category],MATCH(tbl_Exercises[[#This Row],[ExerciseName]],tbl_Lookup_Exercises[ExerciseName],0)),""Unknown"")"
E-20260128-0273,S-20260128-01,Farmer’s Hold,1,75.0,,60.0,,,,,,,,,2,2026-01-28T21:02:39.415Z,"=IFERROR(INDEX(tbl_Lookup_Exercises[Category],MATCH(tbl_Exercises[[#This Row],[ExerciseName]],tbl_Lookup_Exercises[ExerciseName],0)),""Unknown"")"
E-20260128-0274,S-20260128-01,Farmer’s Hold,2,75.0,,60.0,,,,,,,,,2,2026-01-28T21:02:40.219Z,"=IFERROR(INDEX(tbl_Lookup_Exercises[Category],MATCH(tbl_Exercises[[#This Row],[ExerciseName]],tbl_Lookup_Exercises[ExerciseName],0)),""Unknown"")"
E-20260128-0275,S-20260128-01,Farmer’s Hold,3,75.0,,55.2,,,,,,,,,2,2026-01-28T21:02:43.645Z,"=IFERROR(INDEX(tbl_Lookup_Exercises[Category],MATCH(tbl_Exercises[[#This Row],[ExerciseName]],tbl_Lookup_Exercises[ExerciseName],0)),""Unknown"")"
E-20260131-0276,S-20260131-01,Farmer's Walk,1,150.0,,60.0,,,,,,,,"2.5mph, incline 0%",2,2026-01-31T16:46:36.061Z,"=IFERROR(INDEX(tbl_Lookup_Exercises[Category],MATCH(tbl_Exercises[[#This Row],[ExerciseName]],tbl_Lookup_Exercises[ExerciseName],0)),""Unknown"")"
E-20260131-0277,S-20260131-01,Farmer's Walk,2,150.0,,60.0,,,,,,,,"2.5mph, incline 0%",2,2026-01-31T16:47:55.158Z,"=IFERROR(INDEX(tbl_Lookup_Exercises[Category],MATCH(tbl_Exercises[[#This Row],[ExerciseName]],tbl_Lookup_Exercises[ExerciseName],0)),""Unknown"")"
E-20260131-0278,S-20260131-01,Farmer's Walk,3,150.0,,52.2,,,,,,,,"2.5mph, incline 0%",2,2026-01-31T16:50:07.293Z,"=IFERROR(INDEX(tbl_Lookup_Exercises[Category],MATCH(tbl_Exercises[[#This Row],[ExerciseName]],tbl_Lookup_Exercises[ExerciseName],0)),""Unknown"")"
E-20260131-0279,S-20260131-01,Farmer's Walk,4,150.0,,45.0,,,,,,,,"2.5mph, incline 0%",2,2026-01-31T16:51:59.169Z,"=IFERROR(INDEX(tbl_Lookup_Exercises[Category],MATCH(tbl_Exercises[[#This Row],[ExerciseName]],tbl_Lookup_Exercises[ExerciseName],0)),""Unknown"")"
E-20260131-0280,S-20260131-01,Farmer's Walk,5,150.0,,34.8,,,,,,,,"2.5mph, incline 0%",2,2026-01-31T16:54:15.144Z,"=IFERROR(INDEX(tbl_Lookup_Exercises[Category],MATCH(tbl_Exercises[[#This Row],[ExerciseName]],tbl_Lookup_Exercises[ExerciseName],0)),""Unknown"")"
E-20260131-0281,S-20260131-01,Neutral Grip Seated 2 Arm Row,1,80.0,8.0,,,,,,,,,Warm up; cap squeeze; elbow tuck,2,2026-01-31T16:59:16.254Z,"=IFERROR(INDEX(tbl_Lookup_Exercises[Category],MATCH(tbl_Exercises[[#This Row],[ExerciseName]],tbl_Lookup_Exercises[ExerciseName],0)),""Unknown"")"
E-20260131-0282,S-20260131-01,Neutral Grip Seated 2 Arm Row,2,160.0,8.0,,,,2.0,1.0,2.0,3,,Tempo 2-1-2; RIR 3,2,2026-01-31T17:00:49.430Z,"=IFERROR(INDEX(tbl_Lookup_Exercises[Category],MATCH(tbl_Exercises[[#This Row],[ExerciseName]],tbl_Lookup_Exercises[ExerciseName],0)),""Unknown"")"
E-20260131-0283,S-20260131-01,Neutral Grip Seated 2 Arm Row,3,165.0,8.0,,,,2.0,1.0,2.0,1-2,,Tempo 2-1-2; RIR 1-2,2,2026-01-31T17:02:40.168Z,"=IFERROR(INDEX(tbl_Lookup_Exercises[Category],MATCH(tbl_Exercises[[#This Row],[ExerciseName]],tbl_Lookup_Exercises[ExerciseName],0)),""Unknown"")"
E-20260131-0284,S-20260131-01,Neutral Grip Seated 2 Arm Row,4,170.0,8.0,,,,2.0,1.0,2.0,1,,Tempo 2-1-2; RIR 1; little bit of lean back on last 2 pulls. But good hold and scap retraction,2,2026-01-31T17:05:07.712Z,"=IFERROR(INDEX(tbl_Lookup_Exercises[Category],MATCH(tbl_Exercises[[#This Row],[ExerciseName]],tbl_Lookup_Exercises[ExerciseName],0)),""Unknown"")"
E-20260131-0285,S-20260131-01,Neutral Grip Seated 2 Arm Row,5,170.0,7.0,,,,,,,0,,"Tempo maintains; lower back tweaked as I was getting this last set, set up; RIR 0 and lower back not feeing great now. ",2,2026-01-31T17:08:32.076Z,"=IFERROR(INDEX(tbl_Lookup_Exercises[Category],MATCH(tbl_Exercises[[#This Row],[ExerciseName]],tbl_Lookup_Exercises[ExerciseName],0)),""Unknown"")"
E-20260131-0286,S-20260131-01,Body Row,1,0.0,10.0,,,,,,,,,Feet on floor. ,2,2026-01-31T17:12:02.427Z,"=IFERROR(INDEX(tbl_Lookup_Exercises[Category],MATCH(tbl_Exercises[[#This Row],[ExerciseName]],tbl_Lookup_Exercises[ExerciseName],0)),""Unknown"")"
E-20260131-0287,S-20260131-01,Body Row,2,0.0,8.0,,,,,,,,,Feet on elevated; struggled ,2,2026-01-31T17:14:03.348Z,"=IFERROR(INDEX(tbl_Lookup_Exercises[Category],MATCH(tbl_Exercises[[#This Row],[ExerciseName]],tbl_Lookup_Exercises[ExerciseName],0)),""Unknown"")"
E-20260131-0288,S-20260131-01,Body Row,3,0.0,5.5,,,,,,,,,Feet elevated. Lower back getting progressively tighter following cable rows,2,2026-01-31T17:15:54.651Z,"=IFERROR(INDEX(tbl_Lookup_Exercises[Category],MATCH(tbl_Exercises[[#This Row],[ExerciseName]],tbl_Lookup_Exercises[ExerciseName],0)),""Unknown"")"
E-20260131-0289,S-20260131-01,Body Row,4,0.0,8.0,,,,,,,,,Feet on floor,2,2026-01-31T17:17:35.967Z,"=IFERROR(INDEX(tbl_Lookup_Exercises[Category],MATCH(tbl_Exercises[[#This Row],[ExerciseName]],tbl_Lookup_Exercises[ExerciseName],0)),""Unknown"")"
E-20260131-0290,S-20260131-01,Seated Single Arm DB Curl - Anchored,1,40.0,7.0,,,,,,,,,"8,9,10 partials",2,2026-01-31T17:22:35.807Z,"=IFERROR(INDEX(tbl_Lookup_Exercises[Category],MATCH(tbl_Exercises[[#This Row],[ExerciseName]],tbl_Lookup_Exercises[ExerciseName],0)),""Unknown"")"
E-20260131-0291,S-20260131-01,Seated Single Arm DB Curl - Anchored,2,40.0,5.0,,,,,,,,,"Partials 6,7,8,9,10; feeling heavy today. Yesterday’s long row impacting?",2,2026-01-31T17:25:56.278Z,"=IFERROR(INDEX(tbl_Lookup_Exercises[Category],MATCH(tbl_Exercises[[#This Row],[ExerciseName]],tbl_Lookup_Exercises[ExerciseName],0)),""Unknown"")"
E-20260131-0292,S-20260131-01,Seated Single Arm DB Curl - Anchored,3,40.0,5.0,,,,,,,,2026-01-31T17:26:40.710Z,Drop sets like last week; 40 to 30,2,2026-01-31T17:30:40.340Z,"=IFERROR(INDEX(tbl_Lookup_Exercises[Category],MATCH(tbl_Exercises[[#This Row],[ExerciseName]],tbl_Lookup_Exercises[ExerciseName],0)),""Unknown"")"
E-20260131-0293,S-20260131-01,Seated Single Arm DB Curl - Anchored,4,30.0,5.0,,,,,,,,2026-01-31T17:26:40.710Z,Drop sets like last week; 40 to 30,2,2026-01-31T17:30:42.716Z,"=IFERROR(INDEX(tbl_Lookup_Exercises[Category],MATCH(tbl_Exercises[[#This Row],[ExerciseName]],tbl_Lookup_Exercises[ExerciseName],0)),""Unknown"")"
E-20260203-0294,S-20260203-01,Supine Press Machine - Plate Loaded (Planet Fitness),1,180.0,10.0,,,,,,,,,No small weights available! Argh. Will focus on tempo and form. ,2,2026-02-03T22:34:53.799Z,"=IFERROR(INDEX(tbl_Lookup_Exercises[Category],MATCH(tbl_Exercises[[#This Row],[ExerciseName]],tbl_Lookup_Exercises[ExerciseName],0)),""Unknown"")"
E-20260203-0295,S-20260203-01,Supine Press Machine - Plate Loaded (Planet Fitness),2,200.0,6.0,,,,,,,,,No small weights available! Argh. 180 felt good. Only 10lbs plates available. Will focus on tempo and form. ,2,2026-02-03T22:37:11.755Z,"=IFERROR(INDEX(tbl_Lookup_Exercises[Category],MATCH(tbl_Exercises[[#This Row],[ExerciseName]],tbl_Lookup_Exercises[ExerciseName],0)),""Unknown"")"
E-20260203-0296,S-20260203-01,Supine Press Machine - Plate Loaded (Planet Fitness),3,180.0,6.0,,,,,,,,,No small weights available! Argh. 180 felt good. Only 10lbs plates available. Will focus on tempo and form. ,2,2026-02-03T22:37:59.251Z,"=IFERROR(INDEX(tbl_Lookup_Exercises[Category],MATCH(tbl_Exercises[[#This Row],[ExerciseName]],tbl_Lookup_Exercises[ExerciseName],0)),""Unknown"")"
E-20260203-0297,S-20260203-01,Supine Press Machine - Plate Loaded (Planet Fitness),4,180.0,3.0,,,,,,,,2026-02-03T22:41:39.476Z,Drop set? 180 > 140 > 90lbs; No small weights available! Argh. 180 felt good. Only 10lbs plates available. Will focus on tempo and form. ,2,2026-02-03T22:41:42.505Z,"=IFERROR(INDEX(tbl_Lookup_Exercises[Category],MATCH(tbl_Exercises[[#This Row],[ExerciseName]],tbl_Lookup_Exercises[ExerciseName],0)),""Unknown"")"
E-20260203-0298,S-20260203-01,Supine Press Machine - Plate Loaded (Planet Fitness),5,140.0,3.0,,,,,,,,2026-02-03T22:41:39.476Z,Drop set? 180 > 140 > 90lbs; No small weights available! Argh. 180 felt good. Only 10lbs plates available. Will focus on tempo and form. ,2,2026-02-03T22:41:57.533Z,"=IFERROR(INDEX(tbl_Lookup_Exercises[Category],MATCH(tbl_Exercises[[#This Row],[ExerciseName]],tbl_Lookup_Exercises[ExerciseName],0)),""Unknown"")"
E-20260203-0299,S-20260203-01,Supine Press Machine - Plate Loaded (Planet Fitness),6,90.0,5.0,,,,,,,,2026-02-03T22:41:39.476Z,Drop set? 180 > 140 > 90lbs; No small weights available! Argh. 180 felt good. Only 10lbs plates available. Will focus on tempo and form. ,2,2026-02-03T22:42:02.837Z,"=IFERROR(INDEX(tbl_Lookup_Exercises[Category],MATCH(tbl_Exercises[[#This Row],[ExerciseName]],tbl_Lookup_Exercises[ExerciseName],0)),""Unknown"")"
E-20260203-0300,S-20260203-01,DB Neutral Press (slight Rotate To Underhand ),1,50.0,8.0,,,,,,,,,No bench available. ,2,2026-02-03T22:46:00.695Z,"=IFERROR(INDEX(tbl_Lookup_Exercises[Category],MATCH(tbl_Exercises[[#This Row],[ExerciseName]],tbl_Lookup_Exercises[ExerciseName],0)),""Unknown"")"
E-20260203-0301,S-20260203-01,DB Neutral Press (slight Rotate To Underhand ),2,50.0,9.0,,,,2.0,1.0,2.0,1-2,,Got a bench. RIR  1-2; Tempo 2-1-2,2,2026-02-03T22:48:17.961Z,"=IFERROR(INDEX(tbl_Lookup_Exercises[Category],MATCH(tbl_Exercises[[#This Row],[ExerciseName]],tbl_Lookup_Exercises[ExerciseName],0)),""Unknown"")"
E-20260203-0302,S-20260203-01,DB Neutral Press (slight Rotate To Underhand ),3,50.0,6.5,,,,2.0,1.0,2.0,0,,RIR  0; Tempo 2-1-2,2,2026-02-03T22:50:53.520Z,"=IFERROR(INDEX(tbl_Lookup_Exercises[Category],MATCH(tbl_Exercises[[#This Row],[ExerciseName]],tbl_Lookup_Exercises[ExerciseName],0)),""Unknown"")"
E-20260203-0303,S-20260203-01,DB Neutral Press (slight Rotate To Underhand ),4,50.0,7.0,,,,2.0,1.0,2.0,1,,RIR 1; Tempo 2-1-2,2,2026-02-03T22:53:21.902Z,"=IFERROR(INDEX(tbl_Lookup_Exercises[Category],MATCH(tbl_Exercises[[#This Row],[ExerciseName]],tbl_Lookup_Exercises[ExerciseName],0)),""Unknown"")"
E-20260203-0304,S-20260203-01,Single-Arm Vertical Plate Balance Press,1,45.0,4.0,,,,,,,,2026-02-03T22:56:44.306Z,,2,2026-02-03T22:56:51.553Z,"=IFERROR(INDEX(tbl_Lookup_Exercises[Category],MATCH(tbl_Exercises[[#This Row],[ExerciseName]],tbl_Lookup_Exercises[ExerciseName],0)),""Unknown"")"
E-20260203-0305,S-20260203-01,Single-Arm DB Balance Press,1,45.0,3.0,,,,,,,,2026-02-03T22:56:44.306Z,,2,2026-02-03T22:56:57.126Z,"=IFERROR(INDEX(tbl_Lookup_Exercises[Category],MATCH(tbl_Exercises[[#This Row],[ExerciseName]],tbl_Lookup_Exercises[ExerciseName],0)),""Unknown"")"
E-20260203-0306,S-20260203-01,Single-Arm Vertical Plate Balance Press,2,45.0,4.0,,,,,,,,2026-02-03T23:00:50.714Z,"Tightness near AC joint, anterior shoulder cap right side. ",2,2026-02-03T23:00:52.894Z,"=IFERROR(INDEX(tbl_Lookup_Exercises[Category],MATCH(tbl_Exercises[[#This Row],[ExerciseName]],tbl_Lookup_Exercises[ExerciseName],0)),""Unknown"")"
E-20260203-0307,S-20260203-01,Single-Arm DB Balance Press,2,45.0,4.0,,,,,,,,2026-02-03T23:00:50.714Z,,2,2026-02-03T23:00:56.923Z,"=IFERROR(INDEX(tbl_Lookup_Exercises[Category],MATCH(tbl_Exercises[[#This Row],[ExerciseName]],tbl_Lookup_Exercises[ExerciseName],0)),""Unknown"")"
E-20260203-0308,S-20260203-01,Single-Arm Vertical Plate Balance Press,3,45.0,6.0,,,,,,,,2026-02-03T23:05:17.316Z,"Tightness near AC joint, anterior shoulder cap right side. ",2,2026-02-03T23:05:44.466Z,"=IFERROR(INDEX(tbl_Lookup_Exercises[Category],MATCH(tbl_Exercises[[#This Row],[ExerciseName]],tbl_Lookup_Exercises[ExerciseName],0)),""Unknown"")"
E-20260203-0309,S-20260203-01,Single-Arm DB Balance Press,3,45.0,3.0,,,,,,,,2026-02-03T23:05:17.316Z,,2,2026-02-03T23:05:48.997Z,"=IFERROR(INDEX(tbl_Lookup_Exercises[Category],MATCH(tbl_Exercises[[#This Row],[ExerciseName]],tbl_Lookup_Exercises[ExerciseName],0)),""Unknown"")"
E-20260203-0310,S-20260203-01,Cable Triceps Extension - “Quad”,1,20.0,20.0,,,,,,,,,Whoops. Lost track of how many reps to do. ,2,2026-02-03T23:10:41.990Z,"=IFERROR(INDEX(tbl_Lookup_Exercises[Category],MATCH(tbl_Exercises[[#This Row],[ExerciseName]],tbl_Lookup_Exercises[ExerciseName],0)),""Unknown"")"
E-20260203-0311,S-20260203-01,Cable Triceps Extension - “Quad”,2,20.0,15.0,,,,,,,,,,2,2026-02-03T23:13:08.224Z,"=IFERROR(INDEX(tbl_Lookup_Exercises[Category],MATCH(tbl_Exercises[[#This Row],[ExerciseName]],tbl_Lookup_Exercises[ExerciseName],0)),""Unknown"")"
E-20260203-0312,S-20260203-01,Cable Triceps Extension - “Quad”,3,20.0,15.0,,,,,,,,,Tap assist 11-15 on left. ,2,2026-02-03T23:16:05.236Z,"=IFERROR(INDEX(tbl_Lookup_Exercises[Category],MATCH(tbl_Exercises[[#This Row],[ExerciseName]],tbl_Lookup_Exercises[ExerciseName],0)),""Unknown"")"
E-20260203-0313,S-20260203-01,Cable Triceps Extension - “Quad”,4,20.0,15.0,,,,,,,,,Tap assist 11-15 on left. ,2,2026-02-03T23:18:59.663Z,"=IFERROR(INDEX(tbl_Lookup_Exercises[Category],MATCH(tbl_Exercises[[#This Row],[ExerciseName]],tbl_Lookup_Exercises[ExerciseName],0)),""Unknown"")"
E-20260204-0314,S-20260204-01,Chest Supported DB Row (Spider),1,50.0,12.0,,,,2.0,1.0,2.0,5+,,Tempo 2-1-2; RIR 5+,2,2026-02-04T23:01:43.689Z,"=IFERROR(INDEX(tbl_Lookup_Exercises[Category],MATCH(tbl_Exercises[[#This Row],[ExerciseName]],tbl_Lookup_Exercises[ExerciseName],0)),""Unknown"")"
E-20260204-0315,S-20260204-01,Chest Supported DB Row (Spider),2,55.0,12.0,,,,2.0,1.0,2.0,2,,Tempo 2-1-2; RIR 2,2,2026-02-04T23:03:37.049Z,"=IFERROR(INDEX(tbl_Lookup_Exercises[Category],MATCH(tbl_Exercises[[#This Row],[ExerciseName]],tbl_Lookup_Exercises[ExerciseName],0)),""Unknown"")"
E-20260204-0316,S-20260204-01,Chest Supported DB Row (Spider),3,55.0,12.0,,,,2.0,1.0,2.0,2,,Tempo 2-1-2; RIR 2,2,2026-02-04T23:05:33.073Z,"=IFERROR(INDEX(tbl_Lookup_Exercises[Category],MATCH(tbl_Exercises[[#This Row],[ExerciseName]],tbl_Lookup_Exercises[ExerciseName],0)),""Unknown"")"
E-20260204-0317,S-20260204-01,Chest Supported DB Row (Spider),4,60.0,12.0,,,,2.0,1.0,2.0,1-2,,Tempo 2-1-2; RIR 1-2,2,2026-02-04T23:07:39.465Z,"=IFERROR(INDEX(tbl_Lookup_Exercises[Category],MATCH(tbl_Exercises[[#This Row],[ExerciseName]],tbl_Lookup_Exercises[ExerciseName],0)),""Unknown"")"
E-20260204-0318,S-20260204-01,Single-Arm Neutral Grip Cable Pulldown,1,80.0,10.0,,,,2.0,1.0,2.0,5+,,Elbow to ribs. Sitting tall. Tempo 2-1-2; RIR 5+,2,2026-02-04T23:11:57.011Z,"=IFERROR(INDEX(tbl_Lookup_Exercises[Category],MATCH(tbl_Exercises[[#This Row],[ExerciseName]],tbl_Lookup_Exercises[ExerciseName],0)),""Unknown"")"
E-20260204-0319,S-20260204-01,Single-Arm Neutral Grip Cable Pulldown,2,100.0,10.0,,,,2.0,1.0,2.0,3-4,,Elbow to ribs. Sitting tall. Tempo 2-1-2; RIR 3-4,2,2026-02-04T23:13:35.514Z,"=IFERROR(INDEX(tbl_Lookup_Exercises[Category],MATCH(tbl_Exercises[[#This Row],[ExerciseName]],tbl_Lookup_Exercises[ExerciseName],0)),""Unknown"")"
E-20260204-0320,S-20260204-01,Single-Arm Neutral Grip Cable Pulldown,3,120.0,10.0,,,,2.0,1.0,2.0,3-4,,Elbow to ribs. Sitting tall. Tempo 2-1-2; RIR 3-4,2,2026-02-04T23:15:40.727Z,"=IFERROR(INDEX(tbl_Lookup_Exercises[Category],MATCH(tbl_Exercises[[#This Row],[ExerciseName]],tbl_Lookup_Exercises[ExerciseName],0)),""Unknown"")"
E-20260204-0321,S-20260204-01,Single-Arm Neutral Grip Cable Pulldown,4,150.0,10.0,,,,2.0,1.0,3.0,1,,Elbow to ribs. Sitting tall. Tempo 2-1-3; RIR 1,2,2026-02-04T23:18:38.749Z,"=IFERROR(INDEX(tbl_Lookup_Exercises[Category],MATCH(tbl_Exercises[[#This Row],[ExerciseName]],tbl_Lookup_Exercises[ExerciseName],0)),""Unknown"")"
E-20260204-0322,S-20260204-01,Single-Arm Cable Row (Split Stance),1,50.0,10.0,,,,2.0,1.0,2.0,5+,,Tempo 2-1-2; RIR 5+,2,2026-02-04T23:22:34.901Z,"=IFERROR(INDEX(tbl_Lookup_Exercises[Category],MATCH(tbl_Exercises[[#This Row],[ExerciseName]],tbl_Lookup_Exercises[ExerciseName],0)),""Unknown"")"
E-20260204-0323,S-20260204-01,Single-Arm Cable Row (Split Stance),2,70.0,10.0,,,,2.0,1.0,2.0,3,,Tempo 2-1-2; RIR 3,2,2026-02-04T23:24:09.907Z,"=IFERROR(INDEX(tbl_Lookup_Exercises[Category],MATCH(tbl_Exercises[[#This Row],[ExerciseName]],tbl_Lookup_Exercises[ExerciseName],0)),""Unknown"")"
E-20260204-0324,S-20260204-01,Single-Arm Cable Row (Split Stance),3,80.0,10.0,,,,2.0,1.0,2.0,2,,Tempo 2-1-2; RIR 2,2,2026-02-04T23:26:16.278Z,"=IFERROR(INDEX(tbl_Lookup_Exercises[Category],MATCH(tbl_Exercises[[#This Row],[ExerciseName]],tbl_Lookup_Exercises[ExerciseName],0)),""Unknown"")"
E-20260204-0325,S-20260204-01,Seated Single Arm DB Curl - Anchored,1,25.0,10.0,,,,2.0,1.0,2.0,2,,Tempo 2-1-2; RIR 2,2,2026-02-04T23:31:42.172Z,"=IFERROR(INDEX(tbl_Lookup_Exercises[Category],MATCH(tbl_Exercises[[#This Row],[ExerciseName]],tbl_Lookup_Exercises[ExerciseName],0)),""Unknown"")"
E-20260204-0326,S-20260204-01,Seated Single Arm DB Curl - Anchored,2,25.0,10.0,,,,2.0,1.0,3.0,1-2,,Tempo 2-1-3; RIR 1-2,2,2026-02-04T23:34:47.952Z,"=IFERROR(INDEX(tbl_Lookup_Exercises[Category],MATCH(tbl_Exercises[[#This Row],[ExerciseName]],tbl_Lookup_Exercises[ExerciseName],0)),""Unknown"")"
E-20260204-0327,S-20260204-01,Seated Single Arm DB Curl - Anchored,3,30.0,10.0,,,,2.0,1.0,3.0,0,,Tempo 2-1-3; RIR 0,2,2026-02-04T23:38:42.690Z,"=IFERROR(INDEX(tbl_Lookup_Exercises[Category],MATCH(tbl_Exercises[[#This Row],[ExerciseName]],tbl_Lookup_Exercises[ExerciseName],0)),""Unknown"")"
E-20260204-0328,S-20260204-01,Incline DB Hammer Curl,1,15.0,15.0,,,,3.0,1.0,3.0,; bench at ~30 degrees,,Tempo 3-1-3; RIR ; bench at ~30 degrees,2,2026-02-04T23:42:37.908Z,"=IFERROR(INDEX(tbl_Lookup_Exercises[Category],MATCH(tbl_Exercises[[#This Row],[ExerciseName]],tbl_Lookup_Exercises[ExerciseName],0)),""Unknown"")"
E-20260204-0329,S-20260204-01,Incline DB Hammer Curl,2,15.0,15.0,,,,3.0,1.0,3.0,; bench at ~30 degrees; for both sets my arms were hanging straight down,,Tempo 3-1-3; RIR ; bench at ~30 degrees; for both sets my arms were hanging straight down,2,2026-02-04T23:47:54.393Z,"=IFERROR(INDEX(tbl_Lookup_Exercises[Category],MATCH(tbl_Exercises[[#This Row],[ExerciseName]],tbl_Lookup_Exercises[ExerciseName],0)),""Unknown"")"
E-20260207-0330,S-20260207-01,DB Spider Curl (Hammer),1,45.0,15.0,,,,1.0,1.0,3.0,2,,Tempo 1-1-3; RIR 2,2,2026-02-07T17:44:30.017Z,"=IFERROR(INDEX(tbl_Lookup_Exercises[Category],MATCH(tbl_Exercises[[#This Row],[ExerciseName]],tbl_Lookup_Exercises[ExerciseName],0)),""Unknown"")"
E-20260207-0331,S-20260207-01,DB Spider Curl (Hammer),2,35.0,13.0,,,,3.0,1.0,3.0,2,,Tempo 3-1-3; RIR 2,2,2026-02-07T17:47:22.367Z,"=IFERROR(INDEX(tbl_Lookup_Exercises[Category],MATCH(tbl_Exercises[[#This Row],[ExerciseName]],tbl_Lookup_Exercises[ExerciseName],0)),""Unknown"")"
E-20260207-0332,S-20260207-01,DB Spider Curl (Hammer),3,35.0,12.0,,,,3.0,1.0,3.0,1,,Tempo 3-1-3; RIR 1,2,2026-02-07T17:50:04.044Z,"=IFERROR(INDEX(tbl_Lookup_Exercises[Category],MATCH(tbl_Exercises[[#This Row],[ExerciseName]],tbl_Lookup_Exercises[ExerciseName],0)),""Unknown"")"
E-20260207-0333,S-20260207-01,DB Spider Curl (Hammer),4,35.0,12.0,,,,3.0,1.0,3.0,0,,"Tempo 3-1-3; RIR 0; contraction was more difficult at 7+, but squeezed as much as possible and stayed true to the tempo",2,2026-02-07T17:54:28.282Z,"=IFERROR(INDEX(tbl_Lookup_Exercises[Category],MATCH(tbl_Exercises[[#This Row],[ExerciseName]],tbl_Lookup_Exercises[ExerciseName],0)),""Unknown"")"
E-20260207-0334,S-20260207-01,Rope Push-Downs,1,50.0,12.0,,,,2.0,1.0,2.0,1-2,,Kneeling. Tempo 2-1-2; RIR 1-2; High cable machine (as opposed to the adjustable height cable spots. ,2,2026-02-07T17:57:02.628Z,"=IFERROR(INDEX(tbl_Lookup_Exercises[Category],MATCH(tbl_Exercises[[#This Row],[ExerciseName]],tbl_Lookup_Exercises[ExerciseName],0)),""Unknown"")"
E-20260207-0335,S-20260207-01,Rope Push-Downs,2,50.0,10.0,,,,2.0,1.0,2.0,0,,Kneeling. Tempo 2-1-2; RIR 0; High cable machine (as opposed to the adjustable height cable spots. ,2,2026-02-07T17:59:05.809Z,"=IFERROR(INDEX(tbl_Lookup_Exercises[Category],MATCH(tbl_Exercises[[#This Row],[ExerciseName]],tbl_Lookup_Exercises[ExerciseName],0)),""Unknown"")"
E-20260207-0336,S-20260207-01,Rope Push-Downs,3,40.0,10.0,,,,2.0,1.0,2.0,1,,Kneeling. Tempo 2-1-2; RIR 1; High cable machine (as opposed to the adjustable height cable spots. ,2,2026-02-07T18:01:04.131Z,"=IFERROR(INDEX(tbl_Lookup_Exercises[Category],MATCH(tbl_Exercises[[#This Row],[ExerciseName]],tbl_Lookup_Exercises[ExerciseName],0)),""Unknown"")"
E-20260207-0337,S-20260207-01,Rope Push-Downs,4,40.0,10.0,,,,2.0,1.0,2.0,1,,"Kneeling. Tempo 2-1-2 (tempo wasn’t specified on today’s plan, so maybe 2-1-2 was too slow and controlled?); RIR 1; High cable machine (as opposed to the adjustable height cable spots. ",2,2026-02-07T18:03:31.295Z,"=IFERROR(INDEX(tbl_Lookup_Exercises[Category],MATCH(tbl_Exercises[[#This Row],[ExerciseName]],tbl_Lookup_Exercises[ExerciseName],0)),""Unknown"")"
E-20260207-0338,S-20260207-01,Single-Arm Cable Triceps Extension (Cross-Body),1,10.0,12.0,,,,,,,,,Squeeze at full extension. Cable set at height 17,2,2026-02-07T18:08:51.280Z,"=IFERROR(INDEX(tbl_Lookup_Exercises[Category],MATCH(tbl_Exercises[[#This Row],[ExerciseName]],tbl_Lookup_Exercises[ExerciseName],0)),""Unknown"")"
E-20260207-0339,S-20260207-01,Single-Arm Cable Triceps Extension (Cross-Body),2,10.0,10.0,,,,,,,,,Squeeze at full extension. Cable set at height 17,2,2026-02-07T18:08:56.633Z,"=IFERROR(INDEX(tbl_Lookup_Exercises[Category],MATCH(tbl_Exercises[[#This Row],[ExerciseName]],tbl_Lookup_Exercises[ExerciseName],0)),""Unknown"")"
E-20260207-0340,S-20260207-01,Single-Arm Cable Triceps Extension (Cross-Body),3,10.0,11.0,,,,,,,1,,RIR 1; Squeeze at full extension. Cable set at height 17,2,2026-02-07T18:10:39.673Z,"=IFERROR(INDEX(tbl_Lookup_Exercises[Category],MATCH(tbl_Exercises[[#This Row],[ExerciseName]],tbl_Lookup_Exercises[ExerciseName],0)),""Unknown"")"
E-20260207-0341,S-20260207-01,Incline Dumbbell Curl (Supinated),1,25.0,12.0,,,,1.0,1.0,3.0,1,,Tempo 1-1-3; RIR 1; bench at ~30degrees,2,2026-02-07T18:14:00.635Z,"=IFERROR(INDEX(tbl_Lookup_Exercises[Category],MATCH(tbl_Exercises[[#This Row],[ExerciseName]],tbl_Lookup_Exercises[ExerciseName],0)),""Unknown"")"
E-20260207-0342,S-20260207-01,Incline Dumbbell Curl (Supinated),2,25.0,11.0,,,,1.0,1.0,3.0,1,,Tempo 1-1-3; RIR 1; bench at ~30degrees,2,2026-02-07T18:16:16.169Z,"=IFERROR(INDEX(tbl_Lookup_Exercises[Category],MATCH(tbl_Exercises[[#This Row],[ExerciseName]],tbl_Lookup_Exercises[ExerciseName],0)),""Unknown"")"
E-20260207-0343,S-20260207-01,Incline Dumbbell Curl (Supinated),3,25.0,11.0,,,,1.0,1.0,3.0,1,,Tempo 1-1-3; RIR 1; bench at ~30degrees,2,2026-02-07T18:19:07.653Z,"=IFERROR(INDEX(tbl_Lookup_Exercises[Category],MATCH(tbl_Exercises[[#This Row],[ExerciseName]],tbl_Lookup_Exercises[ExerciseName],0)),""Unknown"")"
E-20260207-0344,S-20260207-01,Farmer’s Hold,1,75.0,,60.0,,,,,,,,,2,2026-02-07T18:22:20.048Z,"=IFERROR(INDEX(tbl_Lookup_Exercises[Category],MATCH(tbl_Exercises[[#This Row],[ExerciseName]],tbl_Lookup_Exercises[ExerciseName],0)),""Unknown"")"
E-20260207-0345,S-20260207-01,Farmer’s Hold,2,75.0,,60.0,,,,,,,,,2,2026-02-07T18:24:48.981Z,"=IFERROR(INDEX(tbl_Lookup_Exercises[Category],MATCH(tbl_Exercises[[#This Row],[ExerciseName]],tbl_Lookup_Exercises[ExerciseName],0)),""Unknown"")"
E-20260207-0346,S-20260207-01,Farmer’s Hold,3,75.0,,55.800000000000004,,,,,,,,,2,2026-02-07T18:27:31.138Z,"=IFERROR(INDEX(tbl_Lookup_Exercises[Category],MATCH(tbl_Exercises[[#This Row],[ExerciseName]],tbl_Lookup_Exercises[ExerciseName],0)),""Unknown"")"
E-20260207-0347,S-20260207-01,Rowing,1,,,460.0,2000.0,mi,,,,,,Damper at 5,2,2026-02-07T18:40:33.609Z,"=IFERROR(INDEX(tbl_Lookup_Exercises[Category],MATCH(tbl_Exercises[[#This Row],[ExerciseName]],tbl_Lookup_Exercises[ExerciseName],0)),""Unknown"")"
E-20260208-0348,S-20260208-01,Smith Machine Split Squat (rear foot elevated optional),1,25.0,6.0,,,,,,,,,Per side. Rear foot elevated on 2 plates,3,2026-02-08T16:03:48.661Z,"=IFERROR(INDEX(tbl_Lookup_Exercises[Category],MATCH(tbl_Exercises[[#This Row],[ExerciseName]],tbl_Lookup_Exercises[ExerciseName],0)),""Unknown"")"
E-20260208-0349,S-20260208-01,Smith Machine Split Squat (rear foot elevated optional),2,45.0,6.0,,,,,,,,,Extreme tightness on Left side during descending; Per side. Rear foot elevated on 2 plates,3,2026-02-08T16:04:26.036Z,"=IFERROR(INDEX(tbl_Lookup_Exercises[Category],MATCH(tbl_Exercises[[#This Row],[ExerciseName]],tbl_Lookup_Exercises[ExerciseName],0)),""Unknown"")"
E-20260208-0350,S-20260208-01,Smith Machine Split Squat (rear foot elevated optional),3,25.0,6.0,,,,,,,,,Extreme tightness on Left hamstring side during descending; Per side. Rear foot elevated on 2 plates,3,2026-02-08T16:06:07.050Z,"=IFERROR(INDEX(tbl_Lookup_Exercises[Category],MATCH(tbl_Exercises[[#This Row],[ExerciseName]],tbl_Lookup_Exercises[ExerciseName],0)),""Unknown"")"
E-20260208-0351,S-20260208-01,Smith Machine Split Squat (rear foot elevated optional),4,25.0,6.0,,,,,,,,,Slow controlled movement for all sets. ,3,2026-02-08T16:06:35.854Z,"=IFERROR(INDEX(tbl_Lookup_Exercises[Category],MATCH(tbl_Exercises[[#This Row],[ExerciseName]],tbl_Lookup_Exercises[ExerciseName],0)),""Unknown"")"
E-20260208-0352,S-20260208-01,Dumbbell Romanian Deadlift,1,60.0,6.0,,,,,,,,,30lbs dbs,3,2026-02-08T16:10:51.318Z,"=IFERROR(INDEX(tbl_Lookup_Exercises[Category],MATCH(tbl_Exercises[[#This Row],[ExerciseName]],tbl_Lookup_Exercises[ExerciseName],0)),""Unknown"")"
E-20260208-0353,S-20260208-01,Dumbbell Romanian Deadlift,2,60.0,6.0,,,,,,,,,30lbs dbs,3,2026-02-08T16:12:50.312Z,"=IFERROR(INDEX(tbl_Lookup_Exercises[Category],MATCH(tbl_Exercises[[#This Row],[ExerciseName]],tbl_Lookup_Exercises[ExerciseName],0)),""Unknown"")"
E-20260208-0354,S-20260208-01,Dumbbell Romanian Deadlift,3,80.0,6.0,,,,2.0,0.0,1.0,,,Tempo 2-0-1,3,2026-02-08T16:14:36.441Z,"=IFERROR(INDEX(tbl_Lookup_Exercises[Category],MATCH(tbl_Exercises[[#This Row],[ExerciseName]],tbl_Lookup_Exercises[ExerciseName],0)),""Unknown"")"
E-20260208-0355,S-20260208-01,Dumbbell Romanian Deadlift,4,100.0,6.0,,,,2.0,0.0,1.0,1-2,,Tempo 2-0-1; RIR 1-2,3,2026-02-08T16:16:56.171Z,"=IFERROR(INDEX(tbl_Lookup_Exercises[Category],MATCH(tbl_Exercises[[#This Row],[ExerciseName]],tbl_Lookup_Exercises[ExerciseName],0)),""Unknown"")"
E-20260208-0356,S-20260208-01,Farmer's Walk,1,150.0,,60.0,,,,,,,,Incline 0; 2.5mph,3,2026-02-08T16:20:55.317Z,"=IFERROR(INDEX(tbl_Lookup_Exercises[Category],MATCH(tbl_Exercises[[#This Row],[ExerciseName]],tbl_Lookup_Exercises[ExerciseName],0)),""Unknown"")"
E-20260208-0357,S-20260208-01,Farmer's Walk,2,150.0,,49.8,,,,,,,,Incline 0; 2.5mph; stopped as soon as a roll to fingertips ,3,2026-02-08T16:23:17.189Z,"=IFERROR(INDEX(tbl_Lookup_Exercises[Category],MATCH(tbl_Exercises[[#This Row],[ExerciseName]],tbl_Lookup_Exercises[ExerciseName],0)),""Unknown"")"
E-20260208-0358,S-20260208-01,Farmer's Walk,3,150.0,,45.0,,,,,,,,Incline 0; 2.5mph; stopped as soon as a roll to fingertips ,3,2026-02-08T16:25:07.547Z,"=IFERROR(INDEX(tbl_Lookup_Exercises[Category],MATCH(tbl_Exercises[[#This Row],[ExerciseName]],tbl_Lookup_Exercises[ExerciseName],0)),""Unknown"")"
E-20260208-0359,S-20260208-01,Seated Calf Raise,1,50.0,12.0,,,,2.0,1.0,2.0,3+,,Tempo 2-1-2; RIR 3+,3,2026-02-08T16:30:32.198Z,"=IFERROR(INDEX(tbl_Lookup_Exercises[Category],MATCH(tbl_Exercises[[#This Row],[ExerciseName]],tbl_Lookup_Exercises[ExerciseName],0)),""Unknown"")"
E-20260208-0360,S-20260208-01,Seated Calf Raise,2,90.0,12.0,,,,2.0,1.0,2.0,1,,Tempo 2-1-2; RIR 1,3,2026-02-08T16:33:11.370Z,"=IFERROR(INDEX(tbl_Lookup_Exercises[Category],MATCH(tbl_Exercises[[#This Row],[ExerciseName]],tbl_Lookup_Exercises[ExerciseName],0)),""Unknown"")"
E-20260209-0361,S-20260209-01,Smith Machine Bench Press,1,135.0,5.0,,,,,,,3+,,"Tempo slow and control; RIR 3+; Elbows tucked, moderate grip width, stopped just above chest; slow and controlled ",3,2026-02-09T20:00:37.973Z,"=IFERROR(INDEX(tbl_Lookup_Exercises[Category],MATCH(tbl_Exercises[[#This Row],[ExerciseName]],tbl_Lookup_Exercises[ExerciseName],0)),""Unknown"")"
E-20260209-0362,S-20260209-01,Smith Machine Bench Press,2,155.0,5.0,,,,,,,1-2,,"Tempo slow and control; RIR 1-2; Elbows tucked, moderate grip width, stopped just above chest; slow and controlled ",3,2026-02-09T20:00:48.614Z,"=IFERROR(INDEX(tbl_Lookup_Exercises[Category],MATCH(tbl_Exercises[[#This Row],[ExerciseName]],tbl_Lookup_Exercises[ExerciseName],0)),""Unknown"")"
E-20260209-0363,S-20260209-01,Smith Machine Bench Press,3,175.0,4.0,,,,,,,1,,"Tempo slow and control; RIR 1; Elbows tucked, moderate grip width, stopped just above chest; slow and controlled ",3,2026-02-09T20:01:41.268Z,"=IFERROR(INDEX(tbl_Lookup_Exercises[Category],MATCH(tbl_Exercises[[#This Row],[ExerciseName]],tbl_Lookup_Exercises[ExerciseName],0)),""Unknown"")"
E-20260209-0364,S-20260209-01,Smith Machine Bench Press,4,175.0,4.0,,,,,,,1,,"Tempo slow and control; RIR 1; Elbows tucked, moderate grip width, stopped just above chest; slow and controlled ",3,2026-02-09T20:04:01.474Z,"=IFERROR(INDEX(tbl_Lookup_Exercises[Category],MATCH(tbl_Exercises[[#This Row],[ExerciseName]],tbl_Lookup_Exercises[ExerciseName],0)),""Unknown"")"
E-20260209-0365,S-20260209-01,Half-Kneeling Single-Arm DB Press,1,10.0,8.0,,,,1.0,,,3+,,Tempo 1-1; RIR 3+,3,2026-02-09T20:07:20.818Z,"=IFERROR(INDEX(tbl_Lookup_Exercises[Category],MATCH(tbl_Exercises[[#This Row],[ExerciseName]],tbl_Lookup_Exercises[ExerciseName],0)),""Unknown"")"
E-20260209-0366,S-20260209-01,Half-Kneeling Single-Arm DB Press,2,25.0,8.0,,,,2.0,0.0,1.0,2+,,Tempo 2-0-1; RIR 2+,3,2026-02-09T20:09:33.681Z,"=IFERROR(INDEX(tbl_Lookup_Exercises[Category],MATCH(tbl_Exercises[[#This Row],[ExerciseName]],tbl_Lookup_Exercises[ExerciseName],0)),""Unknown"")"
E-20260209-0367,S-20260209-01,Half-Kneeling Single-Arm DB Press,3,25.0,8.0,,,,2.0,0.0,1.0,2+,,Tempo 2-0-1; RIR 2+,3,2026-02-09T20:12:01.813Z,"=IFERROR(INDEX(tbl_Lookup_Exercises[Category],MATCH(tbl_Exercises[[#This Row],[ExerciseName]],tbl_Lookup_Exercises[ExerciseName],0)),""Unknown"")"
E-20260209-0368,S-20260209-01,Low-Incline DB Press (15–30°),1,50.0,8.0,,,,3.0,1.0,3.0,2+,,Tempo 3-1-3; RIR 2+; bench at 2 (~15 deg),3,2026-02-09T20:15:10.566Z,"=IFERROR(INDEX(tbl_Lookup_Exercises[Category],MATCH(tbl_Exercises[[#This Row],[ExerciseName]],tbl_Lookup_Exercises[ExerciseName],0)),""Unknown"")"
E-20260209-0369,S-20260209-01,Low-Incline DB Press (15–30°),2,80.0,8.0,,,,3.0,1.0,3.0,2+,,Tempo 3-1-3; RIR 2+; bench at 2 (~15 deg),3,2026-02-09T20:17:25.531Z,"=IFERROR(INDEX(tbl_Lookup_Exercises[Category],MATCH(tbl_Exercises[[#This Row],[ExerciseName]],tbl_Lookup_Exercises[ExerciseName],0)),""Unknown"")"
E-20260209-0370,S-20260209-01,Low-Incline DB Press (15–30°),3,90.0,7.0,,,,3.0,1.0,3.0,1,,Tempo 3-1-3; RIR 1; bench at 2 (~15 deg),3,2026-02-09T20:20:38.016Z,"=IFERROR(INDEX(tbl_Lookup_Exercises[Category],MATCH(tbl_Exercises[[#This Row],[ExerciseName]],tbl_Lookup_Exercises[ExerciseName],0)),""Unknown"")"
E-20260209-0371,S-20260209-01,Cable Push-Downs,1,50.0,10.0,,,,3.0,1.0,2.0,2,,Straight bar; adjustable cable rack; tempo 3-1-2; RIR 2,3,2026-02-09T20:24:12.148Z,"=IFERROR(INDEX(tbl_Lookup_Exercises[Category],MATCH(tbl_Exercises[[#This Row],[ExerciseName]],tbl_Lookup_Exercises[ExerciseName],0)),""Unknown"")"
E-20260209-0372,S-20260209-01,Cable Push-Downs,2,57.5,9.0,,,,2.0,1.0,3.0,0-1,,Straight bar; adjustable cable rack; tempo 2-1-3; RIR 0-1,3,2026-02-09T20:26:25.119Z,"=IFERROR(INDEX(tbl_Lookup_Exercises[Category],MATCH(tbl_Exercises[[#This Row],[ExerciseName]],tbl_Lookup_Exercises[ExerciseName],0)),""Unknown"")"
E-20260209-0373,S-20260209-01,Cable Push-Downs,3,50.0,10.0,,,,2.0,1.0,3.0,0-1,,Straight bar; adjustable cable rack; tempo 2-1-3; RIR 0-1,3,2026-02-09T20:27:59.159Z,"=IFERROR(INDEX(tbl_Lookup_Exercises[Category],MATCH(tbl_Exercises[[#This Row],[ExerciseName]],tbl_Lookup_Exercises[ExerciseName],0)),""Unknown"")"
E-20260209-0374,S-20260209-01,Cable Push-Downs,4,52.5,10.0,,,,2.0,1.0,3.0,0-1,,Straight bar; adjustable cable rack; tempo 2-1-3; RIR 0-1,3,2026-02-09T20:30:05.166Z,"=IFERROR(INDEX(tbl_Lookup_Exercises[Category],MATCH(tbl_Exercises[[#This Row],[ExerciseName]],tbl_Lookup_Exercises[ExerciseName],0)),""Unknown"")"
E-20260209-0375,S-20260209-01,Single-Arm Overhead Cable Extension,1,10.0,12.0,,,,1.0,1.0,3.0,2+,,Tempo 1-1-3; RIR 2+; standing,3,2026-02-09T20:34:23.436Z,"=IFERROR(INDEX(tbl_Lookup_Exercises[Category],MATCH(tbl_Exercises[[#This Row],[ExerciseName]],tbl_Lookup_Exercises[ExerciseName],0)),""Unknown"")"
E-20260209-0376,S-20260209-01,Single-Arm Overhead Cable Extension,2,12.5,12.0,,,,1.0,1.0,3.0,0-1,,Tempo 1-1-3; RIR 0-1; standing,3,2026-02-09T20:37:23.985Z,"=IFERROR(INDEX(tbl_Lookup_Exercises[Category],MATCH(tbl_Exercises[[#This Row],[ExerciseName]],tbl_Lookup_Exercises[ExerciseName],0)),""Unknown"")"
E-20260211-0377,S-20260211-01,Chest Supported DB Row (Spider),1,60.0,10.0,,,,2.0,1.0,2.0,1-2,,Tempo 2-1-2  ;RIR 1-2,3,2026-02-11T22:36:19.865Z,"=IFERROR(INDEX(tbl_Lookup_Exercises[Category],MATCH(tbl_Exercises[[#This Row],[ExerciseName]],tbl_Lookup_Exercises[ExerciseName],0)),""Unknown"")"
E-20260211-0378,S-20260211-01,Chest Supported DB Row (Spider),2,60.0,10.0,,,,2.0,1.0,2.0,1-2,,Tempo 2-1-2; RIR 1-2,3,2026-02-11T22:38:11.669Z,"=IFERROR(INDEX(tbl_Lookup_Exercises[Category],MATCH(tbl_Exercises[[#This Row],[ExerciseName]],tbl_Lookup_Exercises[ExerciseName],0)),""Unknown"")"
E-20260211-0379,S-20260211-01,Chest Supported DB Row (Spider),3,60.0,10.0,,,,2.0,1.0,2.0,1-2,,Tempo 2-1-2; RIR 1-2,3,2026-02-11T22:40:14.992Z,"=IFERROR(INDEX(tbl_Lookup_Exercises[Category],MATCH(tbl_Exercises[[#This Row],[ExerciseName]],tbl_Lookup_Exercises[ExerciseName],0)),""Unknown"")"
E-20260211-0380,S-20260211-01,Chest Supported DB Row (Spider),4,60.0,10.0,,,,2.0,1.0,2.0,1-2,,"Tempo 2-1-2; RIR 1-2; better at the slower eccentric vs slow contraction, but held good form and tempo for all sets",3,2026-02-11T22:42:10.981Z,"=IFERROR(INDEX(tbl_Lookup_Exercises[Category],MATCH(tbl_Exercises[[#This Row],[ExerciseName]],tbl_Lookup_Exercises[ExerciseName],0)),""Unknown"")"
E-20260211-0381,S-20260211-01,Single-Arm Neutral Grip Cable Pulldown,1,150.0,10.0,,,,2.0,1.0,2.0,1-2,,Tempo 2-1-2; RIR 1-2; residual anterior capsule ‘feeling’ ,3,2026-02-11T22:51:51.735Z,"=IFERROR(INDEX(tbl_Lookup_Exercises[Category],MATCH(tbl_Exercises[[#This Row],[ExerciseName]],tbl_Lookup_Exercises[ExerciseName],0)),""Unknown"")"
E-20260211-0382,S-20260211-01,Single-Arm Neutral Grip Cable Pulldown,2,160.0,10.0,,,,2.0,1.0,2.0,1-2,,Tempo 2-1-2; RIR 1-2; residual anterior capsule ‘feeling’ ,3,2026-02-11T22:51:54.798Z,"=IFERROR(INDEX(tbl_Lookup_Exercises[Category],MATCH(tbl_Exercises[[#This Row],[ExerciseName]],tbl_Lookup_Exercises[ExerciseName],0)),""Unknown"")"
E-20260211-0383,S-20260211-01,Single-Arm Neutral Grip Cable Pulldown,3,160.0,8.0,,,,2.0,1.0,3.0,1-2,,Tempo 2-1-3; RIR 1-2; residual anterior capsule feel on full extension,3,2026-02-11T22:55:15.661Z,"=IFERROR(INDEX(tbl_Lookup_Exercises[Category],MATCH(tbl_Exercises[[#This Row],[ExerciseName]],tbl_Lookup_Exercises[ExerciseName],0)),""Unknown"")"
E-20260211-0384,S-20260211-01,Single-Arm Neutral Grip Cable Pulldown,4,170.0,8.0,,,,2.0,1.0,3.0,0-1,,Tempo 2-1-3; RIR 0-1; residual anterior capsule feel on full extension,3,2026-02-11T22:57:58.487Z,"=IFERROR(INDEX(tbl_Lookup_Exercises[Category],MATCH(tbl_Exercises[[#This Row],[ExerciseName]],tbl_Lookup_Exercises[ExerciseName],0)),""Unknown"")"
E-20260211-0385,S-20260211-01,Single-Arm Cable Row (Split Stance),1,70.0,10.0,,,,2.0,1.0,3.0,2,,Tempo 2-1-3; RIR 2; tightness/twinge in anterior capsule. Reduce my ROM very slightly to prevent anterior involvement during pull 👍,3,2026-02-11T23:01:28.639Z,"=IFERROR(INDEX(tbl_Lookup_Exercises[Category],MATCH(tbl_Exercises[[#This Row],[ExerciseName]],tbl_Lookup_Exercises[ExerciseName],0)),""Unknown"")"
E-20260211-0386,S-20260211-01,Single-Arm Cable Row (Split Stance),2,80.0,10.0,,,,2.0,1.0,3.0,2,,Tempo 2-1-3; RIR 2; twinge is is weird it only hits in one slot of the movement otherwise no feeling before or after ,3,2026-02-11T23:04:43.528Z,"=IFERROR(INDEX(tbl_Lookup_Exercises[Category],MATCH(tbl_Exercises[[#This Row],[ExerciseName]],tbl_Lookup_Exercises[ExerciseName],0)),""Unknown"")"
E-20260211-0387,S-20260211-01,Single-Arm Cable Row (Split Stance),3,90.0,9.0,,,,2.0,1.0,3.0,1,,Tempo 2-1-3; RIR 1; no twinge 🤔,3,2026-02-11T23:07:29.831Z,"=IFERROR(INDEX(tbl_Lookup_Exercises[Category],MATCH(tbl_Exercises[[#This Row],[ExerciseName]],tbl_Lookup_Exercises[ExerciseName],0)),""Unknown"")"
E-20260211-0388,S-20260211-01,Seated Single Arm DB Curl - Anchored,1,25.0,10.0,,,,2.0,1.0,2.0,1-2,,Tempo 2-1-2; RIR 1-2,3,2026-02-11T23:10:56.472Z,"=IFERROR(INDEX(tbl_Lookup_Exercises[Category],MATCH(tbl_Exercises[[#This Row],[ExerciseName]],tbl_Lookup_Exercises[ExerciseName],0)),""Unknown"")"
E-20260211-0389,S-20260211-01,Seated Single Arm DB Curl - Anchored,2,25.0,10.0,,,,2.0,1.0,3.0,1,,Tempo 2-1-3; RIR 1,3,2026-02-11T23:13:42.337Z,"=IFERROR(INDEX(tbl_Lookup_Exercises[Category],MATCH(tbl_Exercises[[#This Row],[ExerciseName]],tbl_Lookup_Exercises[ExerciseName],0)),""Unknown"")"
E-20260211-0390,S-20260211-01,Seated Single Arm DB Curl - Anchored,3,25.0,10.0,,,,2.0,1.0,3.0,1,,Tempo 2-1-3; RIR 1,3,2026-02-11T23:17:31.068Z,"=IFERROR(INDEX(tbl_Lookup_Exercises[Category],MATCH(tbl_Exercises[[#This Row],[ExerciseName]],tbl_Lookup_Exercises[ExerciseName],0)),""Unknown"")"
E-20260211-0391,S-20260211-01,Incline DB Hammer Curl,1,15.0,15.0,,,,3.0,1.0,3.0,1-2,,Tempo 3-1-3; RIR 1-2,3,2026-02-11T23:21:26.949Z,"=IFERROR(INDEX(tbl_Lookup_Exercises[Category],MATCH(tbl_Exercises[[#This Row],[ExerciseName]],tbl_Lookup_Exercises[ExerciseName],0)),""Unknown"")"
E-20260211-0392,S-20260211-01,Incline DB Hammer Curl,2,15.0,15.0,,,,3.0,1.0,3.0,1-2,,Tempo 3-1-3; RIR 1-2; up the weight next time?,3,2026-02-11T23:25:11.816Z,"=IFERROR(INDEX(tbl_Lookup_Exercises[Category],MATCH(tbl_Exercises[[#This Row],[ExerciseName]],tbl_Lookup_Exercises[ExerciseName],0)),""Unknown"")"
E-20260211-0393,S-20260211-01,Suitcase Carries,1,50.0,,60.0,,,,,,,2026-02-11T23:34:26.208Z,2.0 mph; 0 incline; Right,3,2026-02-11T23:34:27.292Z,"=IFERROR(INDEX(tbl_Lookup_Exercises[Category],MATCH(tbl_Exercises[[#This Row],[ExerciseName]],tbl_Lookup_Exercises[ExerciseName],0)),""Unknown"")"
E-20260211-0394,S-20260211-01,Suitcase Carries,2,50.0,,60.0,,,,,,,2026-02-11T23:34:26.208Z,2.0 mph; 0 incline; Left,3,2026-02-11T23:34:32.250Z,"=IFERROR(INDEX(tbl_Lookup_Exercises[Category],MATCH(tbl_Exercises[[#This Row],[ExerciseName]],tbl_Lookup_Exercises[ExerciseName],0)),""Unknown"")"
E-20260211-0395,S-20260211-01,Suitcase Carries,3,50.0,,60.0,,,,,,,2026-02-11T23:34:38.304Z,2.0 mph; 0 incline; right ,3,2026-02-11T23:34:39.191Z,"=IFERROR(INDEX(tbl_Lookup_Exercises[Category],MATCH(tbl_Exercises[[#This Row],[ExerciseName]],tbl_Lookup_Exercises[ExerciseName],0)),""Unknown"")"
E-20260211-0396,S-20260211-01,Suitcase Carries,4,50.0,,60.0,,,,,,,2026-02-11T23:34:38.304Z,2.0 mph; 0 incline; left,3,2026-02-11T23:34:45.316Z,"=IFERROR(INDEX(tbl_Lookup_Exercises[Category],MATCH(tbl_Exercises[[#This Row],[ExerciseName]],tbl_Lookup_Exercises[ExerciseName],0)),""Unknown"")"
E-20260211-0397,S-20260211-01,Suitcase Carries,5,50.0,,57.599999999999994,,,,,,,2026-02-11T23:35:09.031Z,Right 56 seconds,3,2026-02-11T23:35:10.399Z,"=IFERROR(INDEX(tbl_Lookup_Exercises[Category],MATCH(tbl_Exercises[[#This Row],[ExerciseName]],tbl_Lookup_Exercises[ExerciseName],0)),""Unknown"")"
E-20260211-0398,S-20260211-01,Suitcase Carries,6,50.0,,60.0,,,,,,,2026-02-11T23:35:09.031Z,Left,3,2026-02-11T23:35:15.975Z,"=IFERROR(INDEX(tbl_Lookup_Exercises[Category],MATCH(tbl_Exercises[[#This Row],[ExerciseName]],tbl_Lookup_Exercises[ExerciseName],0)),""Unknown"")"
E-20260213-0399,S-20260213-01,DB Spider Curl (Hammer),1,40.0,13.0,,,,2.0,1.0,3.0,1-2,,Tempo 2-1-3; RIR 1-2; good eccentric ,3,2026-02-13T21:18:01.793Z,"=IFERROR(INDEX(tbl_Lookup_Exercises[Category],MATCH(tbl_Exercises[[#This Row],[ExerciseName]],tbl_Lookup_Exercises[ExerciseName],0)),""Unknown"")"
E-20260213-0400,S-20260213-01,DB Spider Curl (Hammer),2,40.0,12.0,,,,1.0,1.0,3.0,1,,Tempo 1-1-3; RIR 1; good eccentric; tried bench incline 1 notch lower,3,2026-02-13T21:21:07.120Z,"=IFERROR(INDEX(tbl_Lookup_Exercises[Category],MATCH(tbl_Exercises[[#This Row],[ExerciseName]],tbl_Lookup_Exercises[ExerciseName],0)),""Unknown"")"
E-20260213-0401,S-20260213-01,DB Spider Curl (Hammer),3,40.0,11.0,,,,,1.0,3.0,0-1,,Controlled. Focus on squeeze up bs any momentum; tempo closest to 1-1-3; RIR 0-1,3,2026-02-13T21:24:07.529Z,"=IFERROR(INDEX(tbl_Lookup_Exercises[Category],MATCH(tbl_Exercises[[#This Row],[ExerciseName]],tbl_Lookup_Exercises[ExerciseName],0)),""Unknown"")"
E-20260213-0402,S-20260213-01,DB Spider Curl (Hammer),4,40.0,10.0,,,,,1.0,3.0,0-1,,Controlled. Focus on squeeze up bs any momentum; tempo closest to 1-1-3; RIR 0-1,3,2026-02-13T21:26:33.643Z,"=IFERROR(INDEX(tbl_Lookup_Exercises[Category],MATCH(tbl_Exercises[[#This Row],[ExerciseName]],tbl_Lookup_Exercises[ExerciseName],0)),""Unknown"")"
E-20260213-0403,S-20260213-01,Rope Push-Downs,1,42.5,12.0,,,,2.0,1.0,2.0,1-2,,Tempo is 2-1-2; RIR 1-2,3,2026-02-13T21:30:12.736Z,"=IFERROR(INDEX(tbl_Lookup_Exercises[Category],MATCH(tbl_Exercises[[#This Row],[ExerciseName]],tbl_Lookup_Exercises[ExerciseName],0)),""Unknown"")"
E-20260213-0404,S-20260213-01,Rope Push-Downs,2,42.5,11.0,,,,2.0,1.0,2.0,1,,Tempo is 2-1-2; RIR 1,3,2026-02-13T21:32:23.660Z,"=IFERROR(INDEX(tbl_Lookup_Exercises[Category],MATCH(tbl_Exercises[[#This Row],[ExerciseName]],tbl_Lookup_Exercises[ExerciseName],0)),""Unknown"")"
E-20260213-0405,S-20260213-01,Rope Push-Downs,3,42.5,9.0,,,,2.0,1.0,2.0,0,,Tempo is 2-1-2; RIR 0,3,2026-02-13T21:34:55.165Z,"=IFERROR(INDEX(tbl_Lookup_Exercises[Category],MATCH(tbl_Exercises[[#This Row],[ExerciseName]],tbl_Lookup_Exercises[ExerciseName],0)),""Unknown"")"
E-20260213-0406,S-20260213-01,Rope Push-Downs,4,42.5,8.0,,,,2.0,1.0,2.0,0,,Tempo is 2-1-2; RIR 0,3,2026-02-13T21:37:07.229Z,"=IFERROR(INDEX(tbl_Lookup_Exercises[Category],MATCH(tbl_Exercises[[#This Row],[ExerciseName]],tbl_Lookup_Exercises[ExerciseName],0)),""Unknown"")"
E-20260213-0407,S-20260213-01,Single-Arm Cable Triceps Extension (Cross-Body),1,10.0,12.0,,,,,,,,,,3,2026-02-13T21:39:09.874Z,"=IFERROR(INDEX(tbl_Lookup_Exercises[Category],MATCH(tbl_Exercises[[#This Row],[ExerciseName]],tbl_Lookup_Exercises[ExerciseName],0)),""Unknown"")"
E-20260213-0408,S-20260213-01,Single-Arm Cable Triceps Extension (Cross-Body),2,10.0,12.0,,,,1.0,1.0,3.0,1-2,,Tempo 1-1-3; RIR 1-2,3,2026-02-13T21:41:52.516Z,"=IFERROR(INDEX(tbl_Lookup_Exercises[Category],MATCH(tbl_Exercises[[#This Row],[ExerciseName]],tbl_Lookup_Exercises[ExerciseName],0)),""Unknown"")"
E-20260213-0409,S-20260213-01,Single-Arm Cable Triceps Extension (Cross-Body),3,10.0,12.0,,,,1.0,1.0,3.0,1,,Tempo 1-1-3; RIR 1,3,2026-02-13T21:44:17.892Z,"=IFERROR(INDEX(tbl_Lookup_Exercises[Category],MATCH(tbl_Exercises[[#This Row],[ExerciseName]],tbl_Lookup_Exercises[ExerciseName],0)),""Unknown"")"
E-20260213-0410,S-20260213-01,Incline Dumbbell Curl (Supinated),1,25.0,13.0,,,,1.0,1.0,3.0,1-1,,Bench at ~30 deg; tempo 1-1-3; RIR 1-1,3,2026-02-13T21:48:01.397Z,"=IFERROR(INDEX(tbl_Lookup_Exercises[Category],MATCH(tbl_Exercises[[#This Row],[ExerciseName]],tbl_Lookup_Exercises[ExerciseName],0)),""Unknown"")"
E-20260213-0411,S-20260213-01,Incline Dumbbell Curl (Supinated),2,25.0,13.0,,,,1.0,1.0,3.0,1,,Bench at ~30 deg; tempo 1-1-3; RIR 1,3,2026-02-13T21:50:40.780Z,"=IFERROR(INDEX(tbl_Lookup_Exercises[Category],MATCH(tbl_Exercises[[#This Row],[ExerciseName]],tbl_Lookup_Exercises[ExerciseName],0)),""Unknown"")"
E-20260213-0412,S-20260213-01,Incline Dumbbell Curl (Supinated),3,25.0,12.0,,,,1.0,1.0,3.0,1,,Bench at ~30 deg; tempo 1-1-3; RIR 1,3,2026-02-13T21:53:17.119Z,"=IFERROR(INDEX(tbl_Lookup_Exercises[Category],MATCH(tbl_Exercises[[#This Row],[ExerciseName]],tbl_Lookup_Exercises[ExerciseName],0)),""Unknown"")"
E-20260213-0413,S-20260213-01,Farmer’s Hold,1,75.0,,60.0,,,,,,,,,3,2026-02-13T21:59:34.902Z,"=IFERROR(INDEX(tbl_Lookup_Exercises[Category],MATCH(tbl_Exercises[[#This Row],[ExerciseName]],tbl_Lookup_Exercises[ExerciseName],0)),""Unknown"")"
E-20260213-0414,S-20260213-01,Farmer’s Hold,2,75.0,,60.0,,,,,,,,,3,2026-02-13T21:59:36.420Z,"=IFERROR(INDEX(tbl_Lookup_Exercises[Category],MATCH(tbl_Exercises[[#This Row],[ExerciseName]],tbl_Lookup_Exercises[ExerciseName],0)),""Unknown"")"
E-20260213-0415,S-20260213-01,Farmer’s Hold,3,75.0,,60.0,,,,,,,,,3,2026-02-13T22:01:45.419Z,"=IFERROR(INDEX(tbl_Lookup_Exercises[Category],MATCH(tbl_Exercises[[#This Row],[ExerciseName]],tbl_Lookup_Exercises[ExerciseName],0)),""Unknown"")"
E-20260213-0416,S-20260213-01,Rowing,1,,,480.0,2000.0,mi,,,,,,,3,2026-02-13T22:13:55.067Z,"=IFERROR(INDEX(tbl_Lookup_Exercises[Category],MATCH(tbl_Exercises[[#This Row],[ExerciseName]],tbl_Lookup_Exercises[ExerciseName],0)),""Unknown"")"
E-20260215-0417,S-20260215-01,Smith Machine Split Squat (rear foot elevated optional),1,25.0,8.0,,,,2.0,1.0,2.0,2+,,Tempo 2-1-2; RIR 2+; Back foot on 1 plate on the floor. ,3,2026-02-15T18:08:21.572Z,"=IFERROR(INDEX(tbl_Lookup_Exercises[Category],MATCH(tbl_Exercises[[#This Row],[ExerciseName]],tbl_Lookup_Exercises[ExerciseName],0)),""Unknown"")"
E-20260215-0418,S-20260215-01,Smith Machine Split Squat (rear foot elevated optional),2,35.0,10.0,,,,2.0,1.0,2.0,2,,Tight through left ham and glute; Tempo 2-1-2; RIR 2; Back foot on 1 plate on the floor. ,3,2026-02-15T18:14:35.426Z,"=IFERROR(INDEX(tbl_Lookup_Exercises[Category],MATCH(tbl_Exercises[[#This Row],[ExerciseName]],tbl_Lookup_Exercises[ExerciseName],0)),""Unknown"")"
E-20260215-0419,S-20260215-01,Smith Machine Split Squat (rear foot elevated optional),3,35.0,10.0,,,,2.0,1.0,2.0,1-2,,Tight through left ham and glute; Tempo 2-1-2; RIR 1-2; Back foot on 1 plate on the floor. ,3,2026-02-15T18:14:46.203Z,"=IFERROR(INDEX(tbl_Lookup_Exercises[Category],MATCH(tbl_Exercises[[#This Row],[ExerciseName]],tbl_Lookup_Exercises[ExerciseName],0)),""Unknown"")"
E-20260215-0420,S-20260215-01,Smith Machine Split Squat (rear foot elevated optional),4,35.0,8.0,,,,2.0,1.0,2.0,1,,Tight through left ham and glute; Tempo 2-1-2; RIR 1; Back foot on 1 plate on the floor. ,3,2026-02-15T18:17:04.101Z,"=IFERROR(INDEX(tbl_Lookup_Exercises[Category],MATCH(tbl_Exercises[[#This Row],[ExerciseName]],tbl_Lookup_Exercises[ExerciseName],0)),""Unknown"")"
E-20260215-0421,S-20260215-01,Dumbbell Romanian Deadlift,1,110.0,8.0,,,,2.0,1.0,2.0,,,55# dbs; tempo 2-1-2,3,2026-02-15T18:21:00.841Z,"=IFERROR(INDEX(tbl_Lookup_Exercises[Category],MATCH(tbl_Exercises[[#This Row],[ExerciseName]],tbl_Lookup_Exercises[ExerciseName],0)),""Unknown"")"
E-20260215-0422,S-20260215-01,Dumbbell Romanian Deadlift,2,110.0,8.0,,,,2.0,1.0,2.0,,,55# dbs; tempo 2-1-2; trying hard to keep shoulders from rounding at the bottom/stretch,3,2026-02-15T18:22:38.735Z,"=IFERROR(INDEX(tbl_Lookup_Exercises[Category],MATCH(tbl_Exercises[[#This Row],[ExerciseName]],tbl_Lookup_Exercises[ExerciseName],0)),""Unknown"")"
E-20260215-0423,S-20260215-01,Dumbbell Romanian Deadlift,3,110.0,8.0,,,,2.0,1.0,2.0,,,55# dbs; tempo 2-1-2; trying hard to keep shoulders from rounding at the bottom/stretch,3,2026-02-15T18:24:20.262Z,"=IFERROR(INDEX(tbl_Lookup_Exercises[Category],MATCH(tbl_Exercises[[#This Row],[ExerciseName]],tbl_Lookup_Exercises[ExerciseName],0)),""Unknown"")"
E-20260215-0424,S-20260215-01,Walking Lunges,1,0.0,,10.0,,,,,,,,10 strides per side. ,3,2026-02-15T18:27:29.062Z,"=IFERROR(INDEX(tbl_Lookup_Exercises[Category],MATCH(tbl_Exercises[[#This Row],[ExerciseName]],tbl_Lookup_Exercises[ExerciseName],0)),""Unknown"")"
E-20260215-0425,S-20260215-01,Walking Lunges,2,20.0,,10.0,,,,,,,,10 strides per side. Kb held on side lunging / forward foot,3,2026-02-15T18:30:22.307Z,"=IFERROR(INDEX(tbl_Lookup_Exercises[Category],MATCH(tbl_Exercises[[#This Row],[ExerciseName]],tbl_Lookup_Exercises[ExerciseName],0)),""Unknown"")"
E-20260215-0426,S-20260215-01,Calf Extension (Machine),1,200.0,10.0,,,,2.0,1.0,2.0,1-2,,Tempo 2-1-2; RIR 1-2,3,2026-02-15T18:33:56.171Z,"=IFERROR(INDEX(tbl_Lookup_Exercises[Category],MATCH(tbl_Exercises[[#This Row],[ExerciseName]],tbl_Lookup_Exercises[ExerciseName],0)),""Unknown"")"
E-20260215-0427,S-20260215-01,Calf Extension (Machine),2,200.0,12.0,,,,1.0,1.0,3.0,1,,Tempo 1-1-3; RIR 1; shaking ,3,2026-02-15T18:36:12.505Z,"=IFERROR(INDEX(tbl_Lookup_Exercises[Category],MATCH(tbl_Exercises[[#This Row],[ExerciseName]],tbl_Lookup_Exercises[ExerciseName],0)),""Unknown"")"
E-20260215-0428,S-20260215-01,Calf Extension (Machine),3,200.0,9.0,,,,1.0,1.0,3.0,0,,Tempo 1-1-3; RIR 0; shaking ,3,2026-02-15T18:38:12.441Z,"=IFERROR(INDEX(tbl_Lookup_Exercises[Category],MATCH(tbl_Exercises[[#This Row],[ExerciseName]],tbl_Lookup_Exercises[ExerciseName],0)),""Unknown"")"
E-20260215-0429,S-20260215-01,Suitcase Carries,1,60.0,,64.80000000000001,,,,,,,,,3,2026-02-15T18:43:40.489Z,"=IFERROR(INDEX(tbl_Lookup_Exercises[Category],MATCH(tbl_Exercises[[#This Row],[ExerciseName]],tbl_Lookup_Exercises[ExerciseName],0)),""Unknown"")"
E-20260215-0430,S-20260215-01,Suitcase Carries,2,60.0,,64.80000000000001,,,,,,,,,3,2026-02-15T18:46:40.123Z,"=IFERROR(INDEX(tbl_Lookup_Exercises[Category],MATCH(tbl_Exercises[[#This Row],[ExerciseName]],tbl_Lookup_Exercises[ExerciseName],0)),""Unknown"")"
E-20260215-0431,S-20260215-01,Suitcase Carries,3,60.0,,64.80000000000001,,,,,,,,,3,2026-02-15T18:49:43.843Z,"=IFERROR(INDEX(tbl_Lookup_Exercises[Category],MATCH(tbl_Exercises[[#This Row],[ExerciseName]],tbl_Lookup_Exercises[ExerciseName],0)),""Unknown"")"
E-20260216-0432,S-20260216-01,Smith Machine Bench Press,1,185.0,5.0,,,,1.0,1.0,2.0,1,,Tempo 1-1-2; RIR 1,3,2026-02-16T16:52:55.813Z,"=IFERROR(INDEX(tbl_Lookup_Exercises[Category],MATCH(tbl_Exercises[[#This Row],[ExerciseName]],tbl_Lookup_Exercises[ExerciseName],0)),""Unknown"")"
E-20260216-0433,S-20260216-01,Smith Machine Bench Press,2,185.0,4.0,,,,1.0,1.0,2.0,1,,Tempo 1-1-2; RIR 1; first rep I increased incline to slot one on the bench. Got 1 rep and needed to flatten the bench. Got 3 more,3,2026-02-16T16:57:10.027Z,"=IFERROR(INDEX(tbl_Lookup_Exercises[Category],MATCH(tbl_Exercises[[#This Row],[ExerciseName]],tbl_Lookup_Exercises[ExerciseName],0)),""Unknown"")"
E-20260216-0434,S-20260216-01,Low-Incline DB Press (15–30°),1,90.0,10.0,,,,2.0,1.0,2.0,1–2,,Tempo 2-1-2; RIR 1–2 ,3,2026-02-16T17:00:33.258Z,"=IFERROR(INDEX(tbl_Lookup_Exercises[Category],MATCH(tbl_Exercises[[#This Row],[ExerciseName]],tbl_Lookup_Exercises[ExerciseName],0)),""Unknown"")"
E-20260216-0435,S-20260216-01,Low-Incline DB Press (15–30°),2,90.0,8.0,,,,2.0,1.0,2.0,1–2,,Tempo 2-1-2; RIR 1–2; focuses in on good db path (up and slight arc more over head,3,2026-02-16T17:03:38.005Z,"=IFERROR(INDEX(tbl_Lookup_Exercises[Category],MATCH(tbl_Exercises[[#This Row],[ExerciseName]],tbl_Lookup_Exercises[ExerciseName],0)),""Unknown"")"
E-20260216-0436,S-20260216-01,Low-Incline DB Press (15–30°),3,90.0,8.0,,,,2.0,1.0,2.0,1–2,,Tempo 2-1-2; RIR 1–2; focuses in on good db path (up and slight arc more over head,3,2026-02-16T17:07:07.675Z,"=IFERROR(INDEX(tbl_Lookup_Exercises[Category],MATCH(tbl_Exercises[[#This Row],[ExerciseName]],tbl_Lookup_Exercises[ExerciseName],0)),""Unknown"")"
E-20260216-0437,S-20260216-01,Pec Fly,1,70.0,15.0,,,,2.0,1.0,2.0,1–2,,Tempo 2-1-2 RIR 1–2 ; seat set at 8 (shoulders slightly higher than hand grips),3,2026-02-16T17:11:40.803Z,"=IFERROR(INDEX(tbl_Lookup_Exercises[Category],MATCH(tbl_Exercises[[#This Row],[ExerciseName]],tbl_Lookup_Exercises[ExerciseName],0)),""Unknown"")"
E-20260216-0438,S-20260216-01,Pec Fly,2,70.0,15.0,,,,2.0,1.0,2.0,1–2,,Tempo 2-1-2 RIR 1–2 ; seat set at 8 (shoulders slightly higher than hand grips),3,2026-02-16T17:13:12.748Z,"=IFERROR(INDEX(tbl_Lookup_Exercises[Category],MATCH(tbl_Exercises[[#This Row],[ExerciseName]],tbl_Lookup_Exercises[ExerciseName],0)),""Unknown"")"
E-20260216-0439,S-20260216-01,Pec Fly,3,80.0,15.0,,,,2.0,1.0,2.0,0-1,,Tempo 2-1-2 RIR 0-1 ; seat set at 8 (shoulders slightly higher than hand grips); right sensitive with quick movement. Better with pause and press after full extension ,3,2026-02-16T17:18:21.305Z,"=IFERROR(INDEX(tbl_Lookup_Exercises[Category],MATCH(tbl_Exercises[[#This Row],[ExerciseName]],tbl_Lookup_Exercises[ExerciseName],0)),""Unknown"")"
E-20260216-0440,S-20260216-01,Rope Push-Downs,1,42.5,12.0,,,,2.0,1.0,2.0,1-2,,Tempo 2-1-2; RIR 1-2,3,2026-02-16T17:20:42.708Z,"=IFERROR(INDEX(tbl_Lookup_Exercises[Category],MATCH(tbl_Exercises[[#This Row],[ExerciseName]],tbl_Lookup_Exercises[ExerciseName],0)),""Unknown"")"
E-20260216-0441,S-20260216-01,Rope Push-Downs,2,42.5,12.0,,,,2.0,1.0,2.0,0-1,,Tempo 2-1-2; RIR 0-1,3,2026-02-16T17:22:12.981Z,"=IFERROR(INDEX(tbl_Lookup_Exercises[Category],MATCH(tbl_Exercises[[#This Row],[ExerciseName]],tbl_Lookup_Exercises[ExerciseName],0)),""Unknown"")"
E-20260216-0442,S-20260216-01,Rope Push-Downs,3,42.5,10.0,,,,2.0,1.0,2.0,1,,Tempo 2-1-2; RIR 1,3,2026-02-16T17:24:29.635Z,"=IFERROR(INDEX(tbl_Lookup_Exercises[Category],MATCH(tbl_Exercises[[#This Row],[ExerciseName]],tbl_Lookup_Exercises[ExerciseName],0)),""Unknown"")"
E-20260216-0443,S-20260216-01,Rope Push-Downs,4,42.5,9.0,,,,2.0,1.0,2.0,0-1,,"Tempo 2-1-2; RIR 0-1; hand La came together during extension, separated during hold",3,2026-02-16T17:27:27.904Z,"=IFERROR(INDEX(tbl_Lookup_Exercises[Category],MATCH(tbl_Exercises[[#This Row],[ExerciseName]],tbl_Lookup_Exercises[ExerciseName],0)),""Unknown"")"
E-20260216-0444,S-20260216-01,Single-Arm Overhead Cable Extension,1,10.0,12.0,,,,1.0,1.0,3.0,1,,"Tempo 1-1-3 Smooth lockout; left RIR 1, right 2",3,2026-02-16T17:31:40.148Z,"=IFERROR(INDEX(tbl_Lookup_Exercises[Category],MATCH(tbl_Exercises[[#This Row],[ExerciseName]],tbl_Lookup_Exercises[ExerciseName],0)),""Unknown"")"
E-20260216-0445,S-20260216-01,Single-Arm Overhead Cable Extension,2,10.0,12.0,,,,1.0,1.0,3.0,1,,Tempo 1-1-3 Smooth lockout; RIR 1,3,2026-02-16T17:34:41.036Z,"=IFERROR(INDEX(tbl_Lookup_Exercises[Category],MATCH(tbl_Exercises[[#This Row],[ExerciseName]],tbl_Lookup_Exercises[ExerciseName],0)),""Unknown"")"
E-20260216-0446,S-20260216-01,Single-Arm Overhead Cable Extension,3,10.0,12.0,,,,1.0,1.0,3.0,1,,Tempo 1-1-3 Smooth lockout; RIR 1,3,2026-02-16T17:38:16.336Z,"=IFERROR(INDEX(tbl_Lookup_Exercises[Category],MATCH(tbl_Exercises[[#This Row],[ExerciseName]],tbl_Lookup_Exercises[ExerciseName],0)),""Unknown"")"
E-20260216-0447,S-20260216-01,Dumbbell Lateral Raise,1,10.0,15.0,,,,1.0,1.0,2.0,,,5# dbs; tempo 1-1-2,3,2026-02-16T17:42:15.189Z,"=IFERROR(INDEX(tbl_Lookup_Exercises[Category],MATCH(tbl_Exercises[[#This Row],[ExerciseName]],tbl_Lookup_Exercises[ExerciseName],0)),""Unknown"")"
E-20260216-0448,S-20260216-01,Dumbbell Lateral Raise,2,10.0,15.0,,,,2.0,1.0,2.0,,,5# dbs; tempo 2-1-2,3,2026-02-16T17:44:41.301Z,"=IFERROR(INDEX(tbl_Lookup_Exercises[Category],MATCH(tbl_Exercises[[#This Row],[ExerciseName]],tbl_Lookup_Exercises[ExerciseName],0)),""Unknown"")"
E-20260218-0449,S-20260218-01,Chest Supported DB Row (Spider),1,60.0,10.0,,,,2.0,1.0,2.0,2+,,Tempo 2-1-2 1-second squeeze at top; RIR 2+,3,2026-02-18T20:42:14.529Z,"=IFERROR(INDEX(tbl_Lookup_Exercises[Category],MATCH(tbl_Exercises[[#This Row],[ExerciseName]],tbl_Lookup_Exercises[ExerciseName],0)),""Unknown"")"
E-20260218-0450,S-20260218-01,Chest Supported DB Row (Spider),2,65.0,10.0,,,,2.0,1.0,2.0,1-2,,Tempo 2-1-2 1-second squeeze at top; RIR 1-2,3,2026-02-18T20:44:10.616Z,"=IFERROR(INDEX(tbl_Lookup_Exercises[Category],MATCH(tbl_Exercises[[#This Row],[ExerciseName]],tbl_Lookup_Exercises[ExerciseName],0)),""Unknown"")"
E-20260218-0451,S-20260218-01,Chest Supported DB Row (Spider),3,65.0,10.0,,,,2.0,1.0,2.0,1,,Tempo 2-1-2 1-second squeeze at top; RIR 1,3,2026-02-18T20:46:32.153Z,"=IFERROR(INDEX(tbl_Lookup_Exercises[Category],MATCH(tbl_Exercises[[#This Row],[ExerciseName]],tbl_Lookup_Exercises[ExerciseName],0)),""Unknown"")"
E-20260218-0452,S-20260218-01,Chest Supported DB Row (Spider),4,65.0,10.0,,,,2.0,1.0,2.0,1,,Tempo 2-1-2 1-second squeeze at top; RIR 1,3,2026-02-18T20:48:51.700Z,"=IFERROR(INDEX(tbl_Lookup_Exercises[Category],MATCH(tbl_Exercises[[#This Row],[ExerciseName]],tbl_Lookup_Exercises[ExerciseName],0)),""Unknown"")"
E-20260218-0453,S-20260218-01,Single-Arm Neutral Grip Cable Pulldown,1,160.0,9.0,,,,2.0,1.0,1.0,2,,"Tempo 2-1-1 Slight lean back, 10–15 degrees Pull elbows toward ribs, not hands to chest; RIR2; right cap sensitive; tempo a bit weird too to pull down for 2, hold for 1, then extend on 1? That seems like a quick extension",3,2026-02-18T20:54:11.721Z,"=IFERROR(INDEX(tbl_Lookup_Exercises[Category],MATCH(tbl_Exercises[[#This Row],[ExerciseName]],tbl_Lookup_Exercises[ExerciseName],0)),""Unknown"")"
E-20260218-0454,S-20260218-01,Single-Arm Neutral Grip Cable Pulldown,2,160.0,9.0,,,,2.0,1.0,1.0,2,,"Tempo 2-1-1 Slight lean back, 10–15 degrees Pull elbows toward ribs, not hands to chest; RIR2; right cap sensitive",3,2026-02-18T20:56:25.073Z,"=IFERROR(INDEX(tbl_Lookup_Exercises[Category],MATCH(tbl_Exercises[[#This Row],[ExerciseName]],tbl_Lookup_Exercises[ExerciseName],0)),""Unknown"")"
E-20260218-0455,S-20260218-01,Single-Arm Neutral Grip Cable Pulldown,3,160.0,8.0,,,,2.0,1.0,1.0,1,,"Tempo 2-1-1 Slight lean back, 10–15 degrees Pull elbows toward ribs, not hands to chest; RIR 1",3,2026-02-18T20:59:12.048Z,"=IFERROR(INDEX(tbl_Lookup_Exercises[Category],MATCH(tbl_Exercises[[#This Row],[ExerciseName]],tbl_Lookup_Exercises[ExerciseName],0)),""Unknown"")"
E-20260218-0456,S-20260218-01,Seat Cable Row (V / Narrow Neutral Grip),1,100.0,10.0,,,,2.0,1.0,2.0,2+,,Tempo 2-1-2; RIR 2+,3,2026-02-18T21:01:12.717Z,"=IFERROR(INDEX(tbl_Lookup_Exercises[Category],MATCH(tbl_Exercises[[#This Row],[ExerciseName]],tbl_Lookup_Exercises[ExerciseName],0)),""Unknown"")"
E-20260218-0457,S-20260218-01,Seat Cable Row (V / Narrow Neutral Grip),2,120.0,10.0,,,,2.0,1.0,2.0,2,,Tempo 2-1-2; RIR 2,3,2026-02-18T21:03:18.560Z,"=IFERROR(INDEX(tbl_Lookup_Exercises[Category],MATCH(tbl_Exercises[[#This Row],[ExerciseName]],tbl_Lookup_Exercises[ExerciseName],0)),""Unknown"")"
E-20260218-0458,S-20260218-01,Seat Cable Row (V / Narrow Neutral Grip),3,120.0,9.0,,,,2.0,1.0,2.0,1,,Tempo 2-1-2; RIR 1,3,2026-02-18T21:05:19.725Z,"=IFERROR(INDEX(tbl_Lookup_Exercises[Category],MATCH(tbl_Exercises[[#This Row],[ExerciseName]],tbl_Lookup_Exercises[ExerciseName],0)),""Unknown"")"
E-20260218-0459,S-20260218-01,Incline DB Hammer Curl,1,20.0,13.0,,,,3.0,1.0,3.0,2,,Bumping up weight; tempo 3-1-3; RIR 2,3,2026-02-18T21:09:48.538Z,"=IFERROR(INDEX(tbl_Lookup_Exercises[Category],MATCH(tbl_Exercises[[#This Row],[ExerciseName]],tbl_Lookup_Exercises[ExerciseName],0)),""Unknown"")"
E-20260218-0460,S-20260218-01,Incline DB Hammer Curl,2,20.0,12.0,,,,3.0,1.0,3.0,2,,Bumping up weight; tempo 3-1-3; RIR 2,3,2026-02-18T21:12:34.582Z,"=IFERROR(INDEX(tbl_Lookup_Exercises[Category],MATCH(tbl_Exercises[[#This Row],[ExerciseName]],tbl_Lookup_Exercises[ExerciseName],0)),""Unknown"")"
E-20260218-0461,S-20260218-01,Incline DB Hammer Curl,3,20.0,11.0,,,,3.0,1.0,3.0,1,,Tempo 3-1-3; RIR 1,3,2026-02-18T21:16:13.009Z,"=IFERROR(INDEX(tbl_Lookup_Exercises[Category],MATCH(tbl_Exercises[[#This Row],[ExerciseName]],tbl_Lookup_Exercises[ExerciseName],0)),""Unknown"")"
E-20260218-0462,S-20260218-01,Rear Delt Cable Fly,1,15.0,12.0,,,,2.0,1.0,2.0,1-2,,Cable set just about shoulder height. Tempo 2-1-2; RIR 1-2,3,2026-02-18T21:18:51.731Z,"=IFERROR(INDEX(tbl_Lookup_Exercises[Category],MATCH(tbl_Exercises[[#This Row],[ExerciseName]],tbl_Lookup_Exercises[ExerciseName],0)),""Unknown"")"
E-20260218-0463,S-20260218-01,Rear Delt Cable Fly,2,20.0,12.0,,,,2.0,1.0,2.0,1,,Tempo 2-1-2; RIR 1,3,2026-02-18T21:21:21.806Z,"=IFERROR(INDEX(tbl_Lookup_Exercises[Category],MATCH(tbl_Exercises[[#This Row],[ExerciseName]],tbl_Lookup_Exercises[ExerciseName],0)),""Unknown"")"
E-20260218-0464,S-20260218-01,Rear Delt Cable Fly,3,20.0,11.0,,,,2.0,1.0,2.0,1,,Move cable from slot 16 to 17 (1 notch higher); removed grips and grabbed the cable itself; Tempo 2-1-2; RIR 1,3,2026-02-18T21:24:05.229Z,"=IFERROR(INDEX(tbl_Lookup_Exercises[Category],MATCH(tbl_Exercises[[#This Row],[ExerciseName]],tbl_Lookup_Exercises[ExerciseName],0)),""Unknown"")"
E-20260218-0465,S-20260218-01,Farmer’s Hold,1,75.0,,70.19999999999999,,,,,,,,Left started rolling to fingertips at 70 seconds ,3,2026-02-18T21:28:28.263Z,"=IFERROR(INDEX(tbl_Lookup_Exercises[Category],MATCH(tbl_Exercises[[#This Row],[ExerciseName]],tbl_Lookup_Exercises[ExerciseName],0)),""Unknown"")"
E-20260218-0466,S-20260218-01,Farmer’s Hold,2,75.0,,60.0,,,,,,,,Left started rolling to fingertips at 70 seconds ,3,2026-02-18T21:30:25.233Z,"=IFERROR(INDEX(tbl_Lookup_Exercises[Category],MATCH(tbl_Exercises[[#This Row],[ExerciseName]],tbl_Lookup_Exercises[ExerciseName],0)),""Unknown"")"
E-20260218-0467,S-20260218-01,Farmer’s Hold,3,75.0,,49.8,,,,,,,,Left started rolling to fingertips at 70 seconds ,3,2026-02-18T21:32:40.890Z,"=IFERROR(INDEX(tbl_Lookup_Exercises[Category],MATCH(tbl_Exercises[[#This Row],[ExerciseName]],tbl_Lookup_Exercises[ExerciseName],0)),""Unknown"")"
E-20260219-0468,S-20260219-01,DB Spider Curl (Hammer),1,40.0,10.0,,,,3.0,1.0,2.0,1,,Tempo 3-1-2. RIR 1 . Tempo is tough!,3,2026-02-19T21:13:41.766Z,"=IFERROR(INDEX(tbl_Lookup_Exercises[Category],MATCH(tbl_Exercises[[#This Row],[ExerciseName]],tbl_Lookup_Exercises[ExerciseName],0)),""Unknown"")"
E-20260219-0469,S-20260219-01,DB Spider Curl (Hammer),2,40.0,8.0,,,,3.0,1.0,2.0,1,,Tempo 3-1-2. RIR 1 . Tempo is tough!,3,2026-02-19T21:15:22.264Z,"=IFERROR(INDEX(tbl_Lookup_Exercises[Category],MATCH(tbl_Exercises[[#This Row],[ExerciseName]],tbl_Lookup_Exercises[ExerciseName],0)),""Unknown"")"
E-20260219-0470,S-20260219-01,DB Spider Curl (Hammer),3,40.0,8.0,,,,3.0,1.0,2.0,0,,Tempo 3-1-2. RIR 0 . Tempo is tough!,3,2026-02-19T21:17:42.138Z,"=IFERROR(INDEX(tbl_Lookup_Exercises[Category],MATCH(tbl_Exercises[[#This Row],[ExerciseName]],tbl_Lookup_Exercises[ExerciseName],0)),""Unknown"")"
E-20260219-0471,S-20260219-01,DB Spider Curl (Hammer),4,40.0,7.0,,,,3.0,1.0,2.0,0,,Tempo 3-1-2. RIR 0 . Tempo is tough! Not sure how you were expecting me to beat total rep count from last week when you said to stay the same weight but you added seconds to the tempo. Please explain that rationale. ,3,2026-02-19T21:19:34.621Z,"=IFERROR(INDEX(tbl_Lookup_Exercises[Category],MATCH(tbl_Exercises[[#This Row],[ExerciseName]],tbl_Lookup_Exercises[ExerciseName],0)),""Unknown"")"
E-20260219-0472,S-20260219-01,Cross Body Cable Curl,1,10.0,10.0,,,,2.0,1.0,2.0,2+,,Tempo 2-1-2; RIR 2+,3,2026-02-19T21:25:06.209Z,"=IFERROR(INDEX(tbl_Lookup_Exercises[Category],MATCH(tbl_Exercises[[#This Row],[ExerciseName]],tbl_Lookup_Exercises[ExerciseName],0)),""Unknown"")"
E-20260219-0473,S-20260219-01,Cross Body Cable Curl,2,10.0,13.0,,,,2.0,1.0,2.0,1-2,,Tempo 2-1-2; RIR 1-2,3,2026-02-19T21:28:08.277Z,"=IFERROR(INDEX(tbl_Lookup_Exercises[Category],MATCH(tbl_Exercises[[#This Row],[ExerciseName]],tbl_Lookup_Exercises[ExerciseName],0)),""Unknown"")"
E-20260219-0474,S-20260219-01,Cross Body Cable Curl,3,15.0,12.0,,,,2.0,1.0,2.0,1-2,,Tempo 2-1-2; RIR 1-2,3,2026-02-19T21:31:34.467Z,"=IFERROR(INDEX(tbl_Lookup_Exercises[Category],MATCH(tbl_Exercises[[#This Row],[ExerciseName]],tbl_Lookup_Exercises[ExerciseName],0)),""Unknown"")"
E-20260219-0475,S-20260219-01,Rope Push-Downs,1,42.5,12.0,,,,2.0,1.0,2.0,1-2,,Tempo 2-1-2; RIR 1-2,3,2026-02-19T21:33:47.367Z,"=IFERROR(INDEX(tbl_Lookup_Exercises[Category],MATCH(tbl_Exercises[[#This Row],[ExerciseName]],tbl_Lookup_Exercises[ExerciseName],0)),""Unknown"")"
E-20260219-0476,S-20260219-01,Rope Push-Downs,2,42.5,12.0,,,,2.0,1.0,2.0,0-1,,Tempo 2-1-2; RIR 0-1,3,2026-02-19T21:35:57.468Z,"=IFERROR(INDEX(tbl_Lookup_Exercises[Category],MATCH(tbl_Exercises[[#This Row],[ExerciseName]],tbl_Lookup_Exercises[ExerciseName],0)),""Unknown"")"
E-20260219-0477,S-20260219-01,Rope Push-Downs,3,42.5,10.0,,,,2.0,1.0,2.0,0-1,,Tempo 2-1-2; RIR 0-1,3,2026-02-19T21:38:03.623Z,"=IFERROR(INDEX(tbl_Lookup_Exercises[Category],MATCH(tbl_Exercises[[#This Row],[ExerciseName]],tbl_Lookup_Exercises[ExerciseName],0)),""Unknown"")"
E-20260219-0478,S-20260219-01,Rope Push-Downs,4,42.5,8.0,,,,2.0,1.0,2.0,0,,Tempo 2-1-2; RIR 0,3,2026-02-19T21:40:01.295Z,"=IFERROR(INDEX(tbl_Lookup_Exercises[Category],MATCH(tbl_Exercises[[#This Row],[ExerciseName]],tbl_Lookup_Exercises[ExerciseName],0)),""Unknown"")"
E-20260219-0479,S-20260219-01,Single-Arm Cable Triceps Extension (Cross-Body),1,10.0,11.0,,,,1.0,1.0,3.0,1,,Tempo 1-1-3; RIR 1,3,2026-02-19T21:44:34.408Z,"=IFERROR(INDEX(tbl_Lookup_Exercises[Category],MATCH(tbl_Exercises[[#This Row],[ExerciseName]],tbl_Lookup_Exercises[ExerciseName],0)),""Unknown"")"
E-20260219-0480,S-20260219-01,Single-Arm Cable Triceps Extension (Cross-Body),2,10.0,11.0,,,,1.0,1.0,3.0,1,,Tempo 1-1-3; RIR 1,3,2026-02-19T21:47:54.222Z,"=IFERROR(INDEX(tbl_Lookup_Exercises[Category],MATCH(tbl_Exercises[[#This Row],[ExerciseName]],tbl_Lookup_Exercises[ExerciseName],0)),""Unknown"")"
E-20260219-0481,S-20260219-01,Single-Arm Cable Triceps Extension (Cross-Body),3,12.5,10.0,,,,1.0,1.0,3.0,1,,Tempo 1-1-3; RIR 1,3,2026-02-19T21:51:16.212Z,"=IFERROR(INDEX(tbl_Lookup_Exercises[Category],MATCH(tbl_Exercises[[#This Row],[ExerciseName]],tbl_Lookup_Exercises[ExerciseName],0)),""Unknown"")"
E-20260219-0482,S-20260219-01,Dumbbell Lateral Raise,1,6.0,15.0,,,,2.0,1.0,2.0,1-2,,Tempo 2-1-2; RIR 1-2,3,2026-02-19T21:55:43.678Z,"=IFERROR(INDEX(tbl_Lookup_Exercises[Category],MATCH(tbl_Exercises[[#This Row],[ExerciseName]],tbl_Lookup_Exercises[ExerciseName],0)),""Unknown"")"
E-20260219-0483,S-20260219-01,Dumbbell Lateral Raise,2,10.0,14.0,,,,2.0,1.0,2.0,1,,"Tempo 2-1-2; RIR 1; little shrug/trap involved rep 13,14 left side. ",3,2026-02-19T21:58:40.212Z,"=IFERROR(INDEX(tbl_Lookup_Exercises[Category],MATCH(tbl_Exercises[[#This Row],[ExerciseName]],tbl_Lookup_Exercises[ExerciseName],0)),""Unknown"")"
E-20260219-0484,S-20260219-01,Dumbbell Lateral Raise,3,10.0,10.0,,,,2.0,1.0,2.0,1,,Tempo 2-1-2; RIR 1; little shrug/trap self corrected,3,2026-02-19T22:01:04.910Z,"=IFERROR(INDEX(tbl_Lookup_Exercises[Category],MATCH(tbl_Exercises[[#This Row],[ExerciseName]],tbl_Lookup_Exercises[ExerciseName],0)),""Unknown"")"
E-20260221-0485,S-20260221-01,Smith Machine Split Squat (rear foot elevated optional),1,0.0,8.0,,,,3.0,2.0,1.0,,,Tempo 3-2-1; tough,3,2026-02-21T19:48:02.163Z,"=IFERROR(INDEX(tbl_Lookup_Exercises[Category],MATCH(tbl_Exercises[[#This Row],[ExerciseName]],tbl_Lookup_Exercises[ExerciseName],0)),""Unknown"")"
E-20260221-0486,S-20260221-01,Smith Machine Split Squat (rear foot elevated optional),2,0.0,8.0,,,,3.0,2.0,1.0,,,Tempo 3-2-1; tough! Focus on pushing through heels ,3,2026-02-21T19:50:45.722Z,"=IFERROR(INDEX(tbl_Lookup_Exercises[Category],MATCH(tbl_Exercises[[#This Row],[ExerciseName]],tbl_Lookup_Exercises[ExerciseName],0)),""Unknown"")"
E-20260221-0487,S-20260221-01,Dumbbell Romanian Deadlift,1,110.0,8.0,,,,3.0,1.0,1.0,2,,Tempo 3-1-1; RIR 2,3,2026-02-21T19:55:24.702Z,"=IFERROR(INDEX(tbl_Lookup_Exercises[Category],MATCH(tbl_Exercises[[#This Row],[ExerciseName]],tbl_Lookup_Exercises[ExerciseName],0)),""Unknown"")"
E-20260221-0488,S-20260221-01,Dumbbell Romanian Deadlift,2,110.0,8.0,,,,3.0,1.0,1.0,2,,Tempo 3-1-1; RIR 2; focus on keeping dbs close to shins. Stopped at slight bend in knee/full hamstring stretch/mid shin,3,2026-02-21T19:58:18.192Z,"=IFERROR(INDEX(tbl_Lookup_Exercises[Category],MATCH(tbl_Exercises[[#This Row],[ExerciseName]],tbl_Lookup_Exercises[ExerciseName],0)),""Unknown"")"
E-20260221-0489,S-20260221-01,Dumbbell Romanian Deadlift,3,110.0,8.0,,,,3.0,1.0,1.0,2,,Tempo 3-1-1; RIR 2; focus on keeping dbs close to shins. Stopped at slight bend in knee/full hamstring stretch/mid shin,3,2026-02-21T20:00:30.551Z,"=IFERROR(INDEX(tbl_Lookup_Exercises[Category],MATCH(tbl_Exercises[[#This Row],[ExerciseName]],tbl_Lookup_Exercises[ExerciseName],0)),""Unknown"")"
E-20260221-0490,S-20260221-01,Bulgarian Split Squat,1,0.0,8.0,,,,2.0,1.0,1.0,1-2,,Tempo 2-1-1; RIR 1-2; rear foot on bench ,3,2026-02-21T20:05:46.007Z,"=IFERROR(INDEX(tbl_Lookup_Exercises[Category],MATCH(tbl_Exercises[[#This Row],[ExerciseName]],tbl_Lookup_Exercises[ExerciseName],0)),""Unknown"")"
E-20260221-0491,S-20260221-01,Bulgarian Split Squat,2,10.0,8.0,,,,2.0,1.0,2.0,1-2,,Tempo 2-1-2; RIR 1-2; rear foot on bench,3,2026-02-21T20:08:43.261Z,"=IFERROR(INDEX(tbl_Lookup_Exercises[Category],MATCH(tbl_Exercises[[#This Row],[ExerciseName]],tbl_Lookup_Exercises[ExerciseName],0)),""Unknown"")"
E-20260221-0492,S-20260221-01,Bulgarian Split Squat,3,15.0,8.0,,,,2.0,1.0,2.0,1-2,,Left was weaker but made it. Tempo 2-1-2; RIR 1-2; rear foot on bench,3,2026-02-21T20:12:12.257Z,"=IFERROR(INDEX(tbl_Lookup_Exercises[Category],MATCH(tbl_Exercises[[#This Row],[ExerciseName]],tbl_Lookup_Exercises[ExerciseName],0)),""Unknown"")"
E-20260221-0493,S-20260221-01,Walking Lunges,1,20.0,,10.0,,,,,,,,,3,2026-02-21T20:15:16.176Z,"=IFERROR(INDEX(tbl_Lookup_Exercises[Category],MATCH(tbl_Exercises[[#This Row],[ExerciseName]],tbl_Lookup_Exercises[ExerciseName],0)),""Unknown"")"
E-20260221-0494,S-20260221-01,Walking Lunges,2,20.0,,10.0,,,,,,,,,3,2026-02-21T20:17:30.836Z,"=IFERROR(INDEX(tbl_Lookup_Exercises[Category],MATCH(tbl_Exercises[[#This Row],[ExerciseName]],tbl_Lookup_Exercises[ExerciseName],0)),""Unknown"")"
E-20260221-0495,S-20260221-01,Standing Calf Raise,1,25.0,12.0,,,,2.0,1.0,2.0,2,,Tempo 2-1-2; RIR 2; smith machine,3,2026-02-21T20:22:10.508Z,"=IFERROR(INDEX(tbl_Lookup_Exercises[Category],MATCH(tbl_Exercises[[#This Row],[ExerciseName]],tbl_Lookup_Exercises[ExerciseName],0)),""Unknown"")"
E-20260221-0496,S-20260221-01,Standing Calf Raise,2,75.0,12.0,,,,2.0,1.0,2.0,2,,Tempo 2-1-2; RIR 2; smith machine,3,2026-02-21T20:24:34.634Z,"=IFERROR(INDEX(tbl_Lookup_Exercises[Category],MATCH(tbl_Exercises[[#This Row],[ExerciseName]],tbl_Lookup_Exercises[ExerciseName],0)),""Unknown"")"
E-20260221-0497,S-20260221-01,Standing Calf Raise,3,95.0,12.0,,,,2.0,1.0,2.0,2,,Tempo 2-1-2; RIR 2; smith machine,3,2026-02-21T20:27:30.713Z,"=IFERROR(INDEX(tbl_Lookup_Exercises[Category],MATCH(tbl_Exercises[[#This Row],[ExerciseName]],tbl_Lookup_Exercises[ExerciseName],0)),""Unknown"")"
E-20260221-0498,S-20260221-01,Tibia Flex,1,45.0,12.0,,,,,,,,,Tempo slow and controlled. Placed 1 45# plate on my toe and flexed ,3,2026-02-21T20:29:56.001Z,"=IFERROR(INDEX(tbl_Lookup_Exercises[Category],MATCH(tbl_Exercises[[#This Row],[ExerciseName]],tbl_Lookup_Exercises[ExerciseName],0)),""Unknown"")"
E-20260221-0499,S-20260221-01,Tibia Flex,2,45.0,12.0,,,,,,,,,Tempo slow and controlled. Placed 1 45# plate on my toe and flexed ,3,2026-02-21T20:29:56.738Z,"=IFERROR(INDEX(tbl_Lookup_Exercises[Category],MATCH(tbl_Exercises[[#This Row],[ExerciseName]],tbl_Lookup_Exercises[ExerciseName],0)),""Unknown"")"
E-20260221-0500,S-20260221-01,Side Plank,1,0.0,,30.0,,,,,,,,30 sec per side. Right shoulder felt weird / looser? Compared to left ,3,2026-02-21T20:32:27.550Z,"=IFERROR(INDEX(tbl_Lookup_Exercises[Category],MATCH(tbl_Exercises[[#This Row],[ExerciseName]],tbl_Lookup_Exercises[ExerciseName],0)),""Unknown"")"
E-20260221-0501,S-20260221-01,Side Plank,2,0.0,,30.0,,,,,,,,30 sec per side. At AC joint Right shoulder felt weird / looser? Compared to left ,3,2026-02-21T20:34:30.892Z,"=IFERROR(INDEX(tbl_Lookup_Exercises[Category],MATCH(tbl_Exercises[[#This Row],[ExerciseName]],tbl_Lookup_Exercises[ExerciseName],0)),""Unknown"")"
E-20260222-0502,S-20260222-01,Scap Push Ups,1,0.0,12.0,,,,,,,,,,3,2026-02-22T16:23:49.188Z,"=IFERROR(INDEX(tbl_Lookup_Exercises[Category],MATCH(tbl_Exercises[[#This Row],[ExerciseName]],tbl_Lookup_Exercises[ExerciseName],0)),""Unknown"")"
E-20260222-0503,S-20260222-01,Scap Push Ups,2,0.0,12.0,,,,,,,,,,3,2026-02-22T16:24:55.159Z,"=IFERROR(INDEX(tbl_Lookup_Exercises[Category],MATCH(tbl_Exercises[[#This Row],[ExerciseName]],tbl_Lookup_Exercises[ExerciseName],0)),""Unknown"")"
E-20260222-0504,S-20260222-01,Cable External Rotation,1,5.0,10.0,,,,,,,,,Left doesn’t have as much rom,3,2026-02-22T16:26:45.292Z,"=IFERROR(INDEX(tbl_Lookup_Exercises[Category],MATCH(tbl_Exercises[[#This Row],[ExerciseName]],tbl_Lookup_Exercises[ExerciseName],0)),""Unknown"")"
E-20260222-0505,S-20260222-01,Cable External Rotation,2,5.0,12.0,,,,,,,,,Left doesn’t have as much rom,3,2026-02-22T16:28:42.960Z,"=IFERROR(INDEX(tbl_Lookup_Exercises[Category],MATCH(tbl_Exercises[[#This Row],[ExerciseName]],tbl_Lookup_Exercises[ExerciseName],0)),""Unknown"")"
E-20260222-0506,S-20260222-01,Serratus Wall Slides (banded),1,0.0,8.0,,,,,,,,,Grey band,3,2026-02-22T16:31:24.442Z,"=IFERROR(INDEX(tbl_Lookup_Exercises[Category],MATCH(tbl_Exercises[[#This Row],[ExerciseName]],tbl_Lookup_Exercises[ExerciseName],0)),""Unknown"")"
E-20260222-0507,S-20260222-01,Smith Machine Bench Press,1,115.0,8.0,,,,3.0,1.0,1.0,1-2,,Smith machine. Bar = 25; 45 plate on each side; tempo 3-1-1; RIR 1-2,3,2026-02-22T16:36:56.319Z,"=IFERROR(INDEX(tbl_Lookup_Exercises[Category],MATCH(tbl_Exercises[[#This Row],[ExerciseName]],tbl_Lookup_Exercises[ExerciseName],0)),""Unknown"")"
E-20260222-0508,S-20260222-01,Smith Machine Bench Press,2,115.0,6.0,,,,3.0,1.0,1.0,1,,Smith machine. Bar = 25; 45 plate on each side; tempo 3-1-1; RIR 1; focused in on arm path and elbow tuck/angle; zero ego,3,2026-02-22T16:39:40.665Z,"=IFERROR(INDEX(tbl_Lookup_Exercises[Category],MATCH(tbl_Exercises[[#This Row],[ExerciseName]],tbl_Lookup_Exercises[ExerciseName],0)),""Unknown"")"
E-20260222-0509,S-20260222-01,Smith Machine Bench Press,3,115.0,7.0,,,,3.0,1.0,1.0,1,,Smith machine. Bar = 25; 45 plate on each side; tempo 3-1-1; RIR 1; focused in on arm path and elbow tuck/angle; zero ego,3,2026-02-22T16:41:42.714Z,"=IFERROR(INDEX(tbl_Lookup_Exercises[Category],MATCH(tbl_Exercises[[#This Row],[ExerciseName]],tbl_Lookup_Exercises[ExerciseName],0)),""Unknown"")"
E-20260222-0510,S-20260222-01,Smith Machine Bench Press,4,115.0,7.0,,,,3.0,1.0,1.0,1,,Smith machine. Bar = 25; 45 plate on each side; tempo 3-1-1; RIR 1; focused in on arm path and elbow tuck/angle; zero ego,3,2026-02-22T16:43:29.255Z,"=IFERROR(INDEX(tbl_Lookup_Exercises[Category],MATCH(tbl_Exercises[[#This Row],[ExerciseName]],tbl_Lookup_Exercises[ExerciseName],0)),""Unknown"")"
E-20260222-0511,S-20260222-01,Low-Incline DB Press (15–30°),1,90.0,8.0,,,,2.0,1.0,2.0,1-2,,Tempo 2-1-2; RIR 1-2; slight right capsule tightening at hold/press,3,2026-02-22T16:47:17.932Z,"=IFERROR(INDEX(tbl_Lookup_Exercises[Category],MATCH(tbl_Exercises[[#This Row],[ExerciseName]],tbl_Lookup_Exercises[ExerciseName],0)),""Unknown"")"
E-20260222-0512,S-20260222-01,Low-Incline DB Press (15–30°),2,90.0,8.5,,,,2.0,1.0,2.0,1-2,,Tempo 2-1-2; RIR 1-2; slight right capsule tightening at hold/press,3,2026-02-22T16:49:30.052Z,"=IFERROR(INDEX(tbl_Lookup_Exercises[Category],MATCH(tbl_Exercises[[#This Row],[ExerciseName]],tbl_Lookup_Exercises[ExerciseName],0)),""Unknown"")"
E-20260222-0513,S-20260222-01,Low-Incline DB Press (15–30°),3,90.0,7.0,,,,2.0,1.0,2.0,1-2,,Tempo 2-1-2; RIR 1-2; slight right capsule tightening at hold/press,3,2026-02-22T16:52:48.232Z,"=IFERROR(INDEX(tbl_Lookup_Exercises[Category],MATCH(tbl_Exercises[[#This Row],[ExerciseName]],tbl_Lookup_Exercises[ExerciseName],0)),""Unknown"")"
E-20260222-0514,S-20260222-01,Pec Fly,1,70.0,12.0,,,,2.0,2.0,2.0,1-2,,Tempo 2-2-2; RIR 1-2,3,2026-02-22T16:55:56.095Z,"=IFERROR(INDEX(tbl_Lookup_Exercises[Category],MATCH(tbl_Exercises[[#This Row],[ExerciseName]],tbl_Lookup_Exercises[ExerciseName],0)),""Unknown"")"
E-20260222-0515,S-20260222-01,Pec Fly,2,70.0,12.0,,,,2.0,2.0,2.0,1-2,,Tempo 2-2-2; RIR 1-2,3,2026-02-22T16:58:32.172Z,"=IFERROR(INDEX(tbl_Lookup_Exercises[Category],MATCH(tbl_Exercises[[#This Row],[ExerciseName]],tbl_Lookup_Exercises[ExerciseName],0)),""Unknown"")"
E-20260222-0516,S-20260222-01,Pec Fly,3,70.0,12.0,,,,2.0,2.0,2.0,1-2,,Tempo 2-2-2; RIR 1-2,3,2026-02-22T17:00:49.559Z,"=IFERROR(INDEX(tbl_Lookup_Exercises[Category],MATCH(tbl_Exercises[[#This Row],[ExerciseName]],tbl_Lookup_Exercises[ExerciseName],0)),""Unknown"")"
E-20260222-0517,S-20260222-01,Dumbbell Lateral Raise,1,6.0,15.0,,,,2.0,1.0,2.0,1-2,,Tempo 2-1-2; RIR 1-2; left trap trying hard to shrug lol. Corrected at the moment. ,3,2026-02-22T17:04:31.545Z,"=IFERROR(INDEX(tbl_Lookup_Exercises[Category],MATCH(tbl_Exercises[[#This Row],[ExerciseName]],tbl_Lookup_Exercises[ExerciseName],0)),""Unknown"")"
E-20260222-0518,S-20260222-01,Dumbbell Lateral Raise,2,6.0,15.0,,,,2.0,1.0,2.0,1-2,,Tempo 2-1-2; RIR 1-2; left trap trying hard to shrug. Corrected at the moment. Held iron cross pose for 5 seconds last rep. ,3,2026-02-22T17:07:48.278Z,"=IFERROR(INDEX(tbl_Lookup_Exercises[Category],MATCH(tbl_Exercises[[#This Row],[ExerciseName]],tbl_Lookup_Exercises[ExerciseName],0)),""Unknown"")"
E-20260222-0519,S-20260222-01,Dumbbell Lateral Raise,3,6.0,15.0,,,,2.0,1.0,2.0,1-2,,No 4# dbs. Only 3 and 5#. Tempo 2-1-2; RIR 1-2; left trap trying hard to shrug. Corrected at the moment. Held iron cross pose for 5 seconds last rep. ,3,2026-02-22T17:10:50.968Z,"=IFERROR(INDEX(tbl_Lookup_Exercises[Category],MATCH(tbl_Exercises[[#This Row],[ExerciseName]],tbl_Lookup_Exercises[ExerciseName],0)),""Unknown"")"
E-20260222-0520,S-20260222-01,Push-up On Knees,1,0.0,8.0,,,,1.0,1.0,1.0,1-2,2026-02-22T17:14:45.720Z,Tempo 1-1-1; RIR 1-2,3,2026-02-22T17:15:10.164Z,"=IFERROR(INDEX(tbl_Lookup_Exercises[Category],MATCH(tbl_Exercises[[#This Row],[ExerciseName]],tbl_Lookup_Exercises[ExerciseName],0)),""Unknown"")"
E-20260222-0521,S-20260222-01,Push-up,1,0.0,7.0,,,,,,,,2026-02-22T17:17:44.291Z,Little anterior right tight on lowering good with push and after completion no pain,3,2026-02-22T17:17:49.622Z,"=IFERROR(INDEX(tbl_Lookup_Exercises[Category],MATCH(tbl_Exercises[[#This Row],[ExerciseName]],tbl_Lookup_Exercises[ExerciseName],0)),""Unknown"")"
E-20260222-0522,S-20260222-01,Push-up On Knees,2,0.0,6.0,,,,1.0,1.0,1.0,1-2,2026-02-22T17:17:44.291Z,Tempo 1-1-1; RIR 1-2,3,2026-02-22T17:17:55.226Z,"=IFERROR(INDEX(tbl_Lookup_Exercises[Category],MATCH(tbl_Exercises[[#This Row],[ExerciseName]],tbl_Lookup_Exercises[ExerciseName],0)),""Unknown"")"
E-20260222-0523,S-20260222-01,Rowing,1,,,720.0,3000.0,mi,,,,,,Feet at 7; damper at 4,3,2026-02-22T17:32:33.591Z,"=IFERROR(INDEX(tbl_Lookup_Exercises[Category],MATCH(tbl_Exercises[[#This Row],[ExerciseName]],tbl_Lookup_Exercises[ExerciseName],0)),""Unknown"")"
E-20260224-0524,S-20260224-01,Chest Supported DB Row (Spider),1,70.0,10.0,,,,2.0,1.0,2.0,1-2,,Tempo 2-1-2; RIR 1-2,3,2026-02-24T21:53:54.151Z,"=IFERROR(INDEX(tbl_Lookup_Exercises[Category],MATCH(tbl_Exercises[[#This Row],[ExerciseName]],tbl_Lookup_Exercises[ExerciseName],0)),""Unknown"")"
E-20260224-0525,S-20260224-01,Chest Supported DB Row (Spider),2,70.0,9.0,,,,2.0,1.0,2.0,1,,Tempo 2-1-2; RIR 1,3,2026-02-24T21:55:57.468Z,"=IFERROR(INDEX(tbl_Lookup_Exercises[Category],MATCH(tbl_Exercises[[#This Row],[ExerciseName]],tbl_Lookup_Exercises[ExerciseName],0)),""Unknown"")"
E-20260224-0526,S-20260224-01,Chest Supported DB Row (Spider),3,70.0,8.0,,,,2.0,1.0,2.0,1,,Tempo 2-1-2; RIR 1; stopped when pull shortened ,3,2026-02-24T21:58:02.673Z,"=IFERROR(INDEX(tbl_Lookup_Exercises[Category],MATCH(tbl_Exercises[[#This Row],[ExerciseName]],tbl_Lookup_Exercises[ExerciseName],0)),""Unknown"")"
E-20260224-0527,S-20260224-01,Single-Arm Neutral Grip Cable Pulldown,1,145.0,10.0,,,,2.0,1.0,2.0,1-2,,"Tempo 2-1-2; RIR 1-2; found the anterior ‘feeling’ is more pronounced if my wrist drifts internal rotation (I.e., away from neutral)",3,2026-02-24T22:02:51.793Z,"=IFERROR(INDEX(tbl_Lookup_Exercises[Category],MATCH(tbl_Exercises[[#This Row],[ExerciseName]],tbl_Lookup_Exercises[ExerciseName],0)),""Unknown"")"
E-20260224-0528,S-20260224-01,Single-Arm Neutral Grip Cable Pulldown,2,150.0,10.0,,,,2.0,1.0,2.0,1-2,,Tempo 2-1-2; RIR 1-2;,3,2026-02-24T22:05:15.839Z,"=IFERROR(INDEX(tbl_Lookup_Exercises[Category],MATCH(tbl_Exercises[[#This Row],[ExerciseName]],tbl_Lookup_Exercises[ExerciseName],0)),""Unknown"")"
E-20260224-0529,S-20260224-01,Single-Arm Neutral Grip Cable Pulldown,3,150.0,10.0,,,,2.0,1.0,2.0,1,,Tempo 2-1-2; RIR 1,3,2026-02-24T22:08:07.386Z,"=IFERROR(INDEX(tbl_Lookup_Exercises[Category],MATCH(tbl_Exercises[[#This Row],[ExerciseName]],tbl_Lookup_Exercises[ExerciseName],0)),""Unknown"")"
E-20260224-0530,S-20260224-01,Seat Cable Row (V / Narrow Neutral Grip),1,120.0,10.0,,,,2.0,1.0,2.0,2,,Tempo 2-1-2; RIR 2; had to improvise and use the lat pull down but used v-grip and leaned back so I was pulling like seated row,3,2026-02-24T22:13:08.349Z,"=IFERROR(INDEX(tbl_Lookup_Exercises[Category],MATCH(tbl_Exercises[[#This Row],[ExerciseName]],tbl_Lookup_Exercises[ExerciseName],0)),""Unknown"")"
E-20260224-0531,S-20260224-01,Seat Cable Row (V / Narrow Neutral Grip),2,140.0,10.0,,,,2.0,1.0,2.0,1,,Tempo 2-1-2; RIR 1; had to improvise and use the lat pull down but used v-grip and leaned back so I was pulling like seated row,3,2026-02-24T22:15:09.706Z,"=IFERROR(INDEX(tbl_Lookup_Exercises[Category],MATCH(tbl_Exercises[[#This Row],[ExerciseName]],tbl_Lookup_Exercises[ExerciseName],0)),""Unknown"")"
E-20260224-0532,S-20260224-01,Seat Cable Row (V / Narrow Neutral Grip),3,140.0,8.0,,,,2.0,1.0,2.0,1,,Tempo 2-1-2; RIR 1; had to improvise and use the lat pull down but used v-grip and leaned back so I was pulling like seated row; Charlie horse in my left glute on reps 7-8,3,2026-02-24T22:18:54.060Z,"=IFERROR(INDEX(tbl_Lookup_Exercises[Category],MATCH(tbl_Exercises[[#This Row],[ExerciseName]],tbl_Lookup_Exercises[ExerciseName],0)),""Unknown"")"
E-20260224-0533,S-20260224-01,Rear Delt Cable Fly,1,15.0,15.0,,,,2.0,1.0,2.0,1-2,,Tempo 2-1-2; RIR 1-2,3,2026-02-24T22:24:22.802Z,"=IFERROR(INDEX(tbl_Lookup_Exercises[Category],MATCH(tbl_Exercises[[#This Row],[ExerciseName]],tbl_Lookup_Exercises[ExerciseName],0)),""Unknown"")"
E-20260224-0534,S-20260224-01,Rear Delt Cable Fly,2,15.0,12.0,,,,2.0,1.0,2.0,1,,"Tempo 2-1-2; RIR 1; tempo drift at 11, 12",3,2026-02-24T22:26:47.400Z,"=IFERROR(INDEX(tbl_Lookup_Exercises[Category],MATCH(tbl_Exercises[[#This Row],[ExerciseName]],tbl_Lookup_Exercises[ExerciseName],0)),""Unknown"")"
E-20260224-0535,S-20260224-01,Rear Delt Cable Fly,3,15.0,11.0,,,,2.0,1.0,2.0,1,,"Tempo 2-1-2; RIR 1; tempo drift at 11, 12",3,2026-02-24T22:28:57.059Z,"=IFERROR(INDEX(tbl_Lookup_Exercises[Category],MATCH(tbl_Exercises[[#This Row],[ExerciseName]],tbl_Lookup_Exercises[ExerciseName],0)),""Unknown"")"
E-20260224-0536,S-20260224-01,Farmer’s Hold,1,75.0,,70.19999999999999,,,,,,,,,3,2026-02-24T22:34:01.264Z,"=IFERROR(INDEX(tbl_Lookup_Exercises[Category],MATCH(tbl_Exercises[[#This Row],[ExerciseName]],tbl_Lookup_Exercises[ExerciseName],0)),""Unknown"")"
E-20260224-0537,S-20260224-01,Farmer’s Hold,2,75.0,,49.8,,,,,,,,,3,2026-02-24T22:34:05.983Z,"=IFERROR(INDEX(tbl_Lookup_Exercises[Category],MATCH(tbl_Exercises[[#This Row],[ExerciseName]],tbl_Lookup_Exercises[ExerciseName],0)),""Unknown"")"
E-20260224-0538,S-20260224-01,Farmer’s Hold,3,75.0,,45.0,,,,,,,,,3,2026-02-24T22:35:59.347Z,"=IFERROR(INDEX(tbl_Lookup_Exercises[Category],MATCH(tbl_Exercises[[#This Row],[ExerciseName]],tbl_Lookup_Exercises[ExerciseName],0)),""Unknown"")"
E-20260226-0539,S-20260226-01,DB Spider Curl (Hammer),1,40.0,10.0,,,,3.0,1.0,2.0,1-2,,Tempo 3-1-2; RIR 1-2; bench at 3,3,2026-02-26T19:16:30.322Z,"=IFERROR(INDEX(tbl_Lookup_Exercises[Category],MATCH(tbl_Exercises[[#This Row],[ExerciseName]],tbl_Lookup_Exercises[ExerciseName],0)),""Unknown"")"
E-20260226-0540,S-20260226-01,DB Spider Curl (Hammer),2,40.0,10.0,,,,3.0,1.0,2.0,1-2,,Slightly less strong of a contraction 8-10; Tempo 3-1-2; RIR 1-2; bench at 3,3,2026-02-26T19:19:10.568Z,"=IFERROR(INDEX(tbl_Lookup_Exercises[Category],MATCH(tbl_Exercises[[#This Row],[ExerciseName]],tbl_Lookup_Exercises[ExerciseName],0)),""Unknown"")"
E-20260226-0541,S-20260226-01,DB Spider Curl (Hammer),3,40.0,8.5,,,,3.0,1.0,2.0,1-2,,Slightly less strong of a contraction 8-10; Tempo 3-1-2; RIR 1-2; bench at 3,3,2026-02-26T19:21:17.371Z,"=IFERROR(INDEX(tbl_Lookup_Exercises[Category],MATCH(tbl_Exercises[[#This Row],[ExerciseName]],tbl_Lookup_Exercises[ExerciseName],0)),""Unknown"")"
E-20260226-0542,S-20260226-01,DB Spider Curl (Hammer),4,40.0,8.0,,,,3.0,1.0,2.0,0-1,,Slightly less strong of a contraction 8-10; Tempo 3-1-2; RIR 0-1; bench at 3 by,3,2026-02-26T19:23:39.332Z,"=IFERROR(INDEX(tbl_Lookup_Exercises[Category],MATCH(tbl_Exercises[[#This Row],[ExerciseName]],tbl_Lookup_Exercises[ExerciseName],0)),""Unknown"")"
E-20260226-0543,S-20260226-01,Cross Body Cable Curl,1,15.0,15.0,,,,2.0,1.0,2.0,1-2,,Tempo 2-1-2; RIR 1-2,3,2026-02-26T19:27:34.148Z,"=IFERROR(INDEX(tbl_Lookup_Exercises[Category],MATCH(tbl_Exercises[[#This Row],[ExerciseName]],tbl_Lookup_Exercises[ExerciseName],0)),""Unknown"")"
E-20260226-0544,S-20260226-01,Cross Body Cable Curl,2,15.0,12.0,,,,2.0,1.0,2.0,2,,Tempo 2-1-2; RIR 2,3,2026-02-26T19:30:40.457Z,"=IFERROR(INDEX(tbl_Lookup_Exercises[Category],MATCH(tbl_Exercises[[#This Row],[ExerciseName]],tbl_Lookup_Exercises[ExerciseName],0)),""Unknown"")"
E-20260226-0545,S-20260226-01,Cross Body Cable Curl,3,15.0,12.0,,,,2.0,1.0,2.0,0-1,,Tempo 2-1-2; RIR 0-1,3,2026-02-26T19:34:03.644Z,"=IFERROR(INDEX(tbl_Lookup_Exercises[Category],MATCH(tbl_Exercises[[#This Row],[ExerciseName]],tbl_Lookup_Exercises[ExerciseName],0)),""Unknown"")"
E-20260226-0546,S-20260226-01,Rope Push-Downs,1,42.5,12.0,,,,2.0,1.0,2.0,1,,Tempo 2-1-2 RIR 1,3,2026-02-26T19:36:39.475Z,"=IFERROR(INDEX(tbl_Lookup_Exercises[Category],MATCH(tbl_Exercises[[#This Row],[ExerciseName]],tbl_Lookup_Exercises[ExerciseName],0)),""Unknown"")"
E-20260226-0547,S-20260226-01,Rope Push-Downs,2,42.5,12.0,,,,2.0,1.0,2.0,0,,Tempo 2-1-2 RIR 0,3,2026-02-26T19:38:41.588Z,"=IFERROR(INDEX(tbl_Lookup_Exercises[Category],MATCH(tbl_Exercises[[#This Row],[ExerciseName]],tbl_Lookup_Exercises[ExerciseName],0)),""Unknown"")"
E-20260226-0548,S-20260226-01,Rope Push-Downs,3,42.5,12.0,,,,2.0,1.0,2.0,1,,Tempo 2-1-2 RIR 1; longer rest due to a call,3,2026-02-26T19:47:01.305Z,"=IFERROR(INDEX(tbl_Lookup_Exercises[Category],MATCH(tbl_Exercises[[#This Row],[ExerciseName]],tbl_Lookup_Exercises[ExerciseName],0)),""Unknown"")"
E-20260226-0549,S-20260226-01,Rope Push-Downs,4,42.5,9.0,,,,2.0,1.0,2.0,1,,Tempo 2-1-2 RIR 1; longer rest due to a call,3,2026-02-26T19:47:04.171Z,"=IFERROR(INDEX(tbl_Lookup_Exercises[Category],MATCH(tbl_Exercises[[#This Row],[ExerciseName]],tbl_Lookup_Exercises[ExerciseName],0)),""Unknown"")"
E-20260226-0550,S-20260226-01,Single-Arm Cable Triceps Extension (Cross-Body),1,12.5,12.0,,,,1.0,1.0,3.0,1-2,,Tempo 1-1-3; RIR 1-2,3,2026-02-26T19:56:00.016Z,"=IFERROR(INDEX(tbl_Lookup_Exercises[Category],MATCH(tbl_Exercises[[#This Row],[ExerciseName]],tbl_Lookup_Exercises[ExerciseName],0)),""Unknown"")"
E-20260226-0551,S-20260226-01,Single-Arm Cable Triceps Extension (Cross-Body),2,12.5,12.0,,,,1.0,1.0,3.0,1-2,,Tempo 1-1-3; RIR 1-2,3,2026-02-26T19:56:01.305Z,"=IFERROR(INDEX(tbl_Lookup_Exercises[Category],MATCH(tbl_Exercises[[#This Row],[ExerciseName]],tbl_Lookup_Exercises[ExerciseName],0)),""Unknown"")"
E-20260226-0552,S-20260226-01,Single-Arm Cable Triceps Extension (Cross-Body),3,12.5,10.0,,,,1.0,1.0,3.0,1,,Tempo 1-1-3; RIR 1,3,2026-02-26T19:57:13.588Z,"=IFERROR(INDEX(tbl_Lookup_Exercises[Category],MATCH(tbl_Exercises[[#This Row],[ExerciseName]],tbl_Lookup_Exercises[ExerciseName],0)),""Unknown"")"
E-20260226-0553,S-20260226-01,Dumbbell Lateral Raise,1,6.0,15.0,,,,2.0,1.0,2.0,2,,Tempo 2-1-2; RIR 2,3,2026-02-26T19:59:38.010Z,"=IFERROR(INDEX(tbl_Lookup_Exercises[Category],MATCH(tbl_Exercises[[#This Row],[ExerciseName]],tbl_Lookup_Exercises[ExerciseName],0)),""Unknown"")"
E-20260226-0554,S-20260226-01,Dumbbell Lateral Raise,2,6.0,15.0,,,,2.0,2.0,2.0,1-2,,Tempo 2-2-2; RIR 1-2; 2 sec hold at top,3,2026-02-26T20:02:54.070Z,"=IFERROR(INDEX(tbl_Lookup_Exercises[Category],MATCH(tbl_Exercises[[#This Row],[ExerciseName]],tbl_Lookup_Exercises[ExerciseName],0)),""Unknown"")"
E-20260226-0555,S-20260226-01,Dumbbell Lateral Raise,3,6.0,15.0,,,,2.0,2.0,2.0,1-2,,Tempo 2-2-2; RIR 1-2; 2 sec hold at top,3,2026-02-26T20:05:31.160Z,"=IFERROR(INDEX(tbl_Lookup_Exercises[Category],MATCH(tbl_Exercises[[#This Row],[ExerciseName]],tbl_Lookup_Exercises[ExerciseName],0)),""Unknown"")"
E-20260226-0556,S-20260226-01,Cycling,1,,,600.0,3.25,mi,,,,,,,3,2026-02-26T20:18:08.667Z,"=IFERROR(INDEX(tbl_Lookup_Exercises[Category],MATCH(tbl_Exercises[[#This Row],[ExerciseName]],tbl_Lookup_Exercises[ExerciseName],0)),""Unknown"")"
E-20260228-0557,S-20260228-01,Smith Machine Split Squat (rear foot elevated optional),1,0.0,8.0,,,,3.0,2.0,1.0,,,A. Bodyweight Split Squat 2 × 8 per side Tempo 3-2-1; 2 plates on the ground for my back foot,3,2026-02-28T17:08:22.936Z,"=IFERROR(INDEX(tbl_Lookup_Exercises[Category],MATCH(tbl_Exercises[[#This Row],[ExerciseName]],tbl_Lookup_Exercises[ExerciseName],0)),""Unknown"")"
E-20260228-0558,S-20260228-01,Smith Machine Split Squat (rear foot elevated optional),2,0.0,8.0,,,,3.0,2.0,1.0,,,A. Bodyweight Split Squat 2 × 8 per side Tempo 3-2-1; 2 plates on the ground for my back foot,3,2026-02-28T17:10:30.395Z,"=IFERROR(INDEX(tbl_Lookup_Exercises[Category],MATCH(tbl_Exercises[[#This Row],[ExerciseName]],tbl_Lookup_Exercises[ExerciseName],0)),""Unknown"")"
E-20260228-0559,S-20260228-01,Tibia Flex,1,45.0,15.0,,,,,,,,,Slow and controlled reps,3,2026-02-28T17:13:34.251Z,"=IFERROR(INDEX(tbl_Lookup_Exercises[Category],MATCH(tbl_Exercises[[#This Row],[ExerciseName]],tbl_Lookup_Exercises[ExerciseName],0)),""Unknown"")"
E-20260228-0560,S-20260228-01,Tibia Flex,2,45.0,15.0,,,,,,,,,Slow and controlled reps,3,2026-02-28T17:15:55.333Z,"=IFERROR(INDEX(tbl_Lookup_Exercises[Category],MATCH(tbl_Exercises[[#This Row],[ExerciseName]],tbl_Lookup_Exercises[ExerciseName],0)),""Unknown"")"
E-20260228-0561,S-20260228-01,Dumbbell Romanian Deadlift,1,120.0,8.0,,,,3.0,1.0,1.0,1-2,,60# dbs; Tempo 3-1-1 RIR 1-2,3,2026-02-28T17:19:20.108Z,"=IFERROR(INDEX(tbl_Lookup_Exercises[Category],MATCH(tbl_Exercises[[#This Row],[ExerciseName]],tbl_Lookup_Exercises[ExerciseName],0)),""Unknown"")"
E-20260228-0562,S-20260228-01,Dumbbell Romanian Deadlift,2,120.0,8.0,,,,3.0,1.0,1.0,1-2,,60# dbs; Tempo 3-1-1 RIR 1-2,3,2026-02-28T17:21:21.077Z,"=IFERROR(INDEX(tbl_Lookup_Exercises[Category],MATCH(tbl_Exercises[[#This Row],[ExerciseName]],tbl_Lookup_Exercises[ExerciseName],0)),""Unknown"")"
E-20260228-0563,S-20260228-01,Dumbbell Romanian Deadlift,3,120.0,8.0,,,,3.0,1.0,1.0,1-2,,60# dbs; Tempo 3-1-1 RIR 1-2,3,2026-02-28T17:23:39.229Z,"=IFERROR(INDEX(tbl_Lookup_Exercises[Category],MATCH(tbl_Exercises[[#This Row],[ExerciseName]],tbl_Lookup_Exercises[ExerciseName],0)),""Unknown"")"
E-20260228-0564,S-20260228-01,Bulgarian Split Squat,1,15.0,8.0,,,,2.0,1.0,2.0,1,,Tempo 2-1-2; tough. RIR 1; Cramp in right arch while doing left leg,3,2026-02-28T17:27:42.935Z,"=IFERROR(INDEX(tbl_Lookup_Exercises[Category],MATCH(tbl_Exercises[[#This Row],[ExerciseName]],tbl_Lookup_Exercises[ExerciseName],0)),""Unknown"")"
E-20260228-0565,S-20260228-01,Bulgarian Split Squat,2,15.0,8.0,,,,2.0,1.0,2.0,1,,Tempo 2-1-2; tough. RIR 1; Cramp in right arch while doing left leg,3,2026-02-28T17:30:37.766Z,"=IFERROR(INDEX(tbl_Lookup_Exercises[Category],MATCH(tbl_Exercises[[#This Row],[ExerciseName]],tbl_Lookup_Exercises[ExerciseName],0)),""Unknown"")"
E-20260228-0566,S-20260228-01,Bulgarian Split Squat,3,20.0,8.0,,,,2.0,1.0,2.0,right,,Tempo 2-1-2; RIR right 1-2; RIR left 1,3,2026-02-28T17:35:15.680Z,"=IFERROR(INDEX(tbl_Lookup_Exercises[Category],MATCH(tbl_Exercises[[#This Row],[ExerciseName]],tbl_Lookup_Exercises[ExerciseName],0)),""Unknown"")"
E-20260228-0567,S-20260228-01,Walking Lunges,1,20.0,,10.0,,,2.0,1.0,1.0,,,Tempo 2-1-1,3,2026-02-28T17:38:20.238Z,"=IFERROR(INDEX(tbl_Lookup_Exercises[Category],MATCH(tbl_Exercises[[#This Row],[ExerciseName]],tbl_Lookup_Exercises[ExerciseName],0)),""Unknown"")"
E-20260228-0568,S-20260228-01,Walking Lunges,2,20.0,,10.0,,,2.0,1.0,1.0,,,Tempo 2-1-1,3,2026-02-28T17:42:49.244Z,"=IFERROR(INDEX(tbl_Lookup_Exercises[Category],MATCH(tbl_Exercises[[#This Row],[ExerciseName]],tbl_Lookup_Exercises[ExerciseName],0)),""Unknown"")"
E-20260228-0569,S-20260228-01,Standing Calf Raise,1,75.0,12.0,,,,2.0,1.0,2.0,2,,Tempo 2-1-2; RIR 2,3,2026-02-28T17:44:54.455Z,"=IFERROR(INDEX(tbl_Lookup_Exercises[Category],MATCH(tbl_Exercises[[#This Row],[ExerciseName]],tbl_Lookup_Exercises[ExerciseName],0)),""Unknown"")"
E-20260228-0570,S-20260228-01,Standing Calf Raise,2,95.0,12.0,,,,2.0,1.0,2.0,1-2,,Tempo 2-1-2; RIR 1-2,3,2026-02-28T17:47:08.129Z,"=IFERROR(INDEX(tbl_Lookup_Exercises[Category],MATCH(tbl_Exercises[[#This Row],[ExerciseName]],tbl_Lookup_Exercises[ExerciseName],0)),""Unknown"")"
E-20260228-0571,S-20260228-01,Standing Calf Raise,3,95.0,12.0,,,,2.0,1.0,2.0,0-1,,Tempo 2-1-2; RIR 0-1,3,2026-02-28T17:50:17.819Z,"=IFERROR(INDEX(tbl_Lookup_Exercises[Category],MATCH(tbl_Exercises[[#This Row],[ExerciseName]],tbl_Lookup_Exercises[ExerciseName],0)),""Unknown"")"
E-20260228-0572,S-20260228-01,Side Plank,1,0.0,,30.0,,,,,,,,Instead of elbow I tried palm of hand / extended arm to see if that was more comfortable. It was easier on my right shoulder compared to leaning on my elbow,3,2026-02-28T17:55:30.042Z,"=IFERROR(INDEX(tbl_Lookup_Exercises[Category],MATCH(tbl_Exercises[[#This Row],[ExerciseName]],tbl_Lookup_Exercises[ExerciseName],0)),""Unknown"")"
E-20260228-0573,S-20260228-01,Side Plank,2,0.0,,36.0,,,,,,,,This set on elbow away from floor; left felt okay; right was okay. Don’t love the feeing but no pain today. Maybe feeling a bit of instability yet. Focused on not ‘sinking’ into the shoulder,3,2026-02-28T17:59:25.683Z,"=IFERROR(INDEX(tbl_Lookup_Exercises[Category],MATCH(tbl_Exercises[[#This Row],[ExerciseName]],tbl_Lookup_Exercises[ExerciseName],0)),""Unknown"")"
E-20260228-0574,S-20260228-01,Rowing,1,,,300.0,0.78,mi,,,,,2026-02-28T18:14:13.126Z,"Erg C2 WOD: 5,4,3,2,1 min intervals. 2 min rest between intervals ",3,2026-02-28T18:14:19.784Z,"=IFERROR(INDEX(tbl_Lookup_Exercises[Category],MATCH(tbl_Exercises[[#This Row],[ExerciseName]],tbl_Lookup_Exercises[ExerciseName],0)),""Unknown"")"
E-20260228-0575,S-20260228-01,Rowing,2,,,240.0,0.62,mi,,,,,2026-02-28T18:14:13.126Z,"Erg C2 WOD: 5,4,3,2,1 min intervals. 2 min rest between intervals ",3,2026-02-28T18:14:34.374Z,"=IFERROR(INDEX(tbl_Lookup_Exercises[Category],MATCH(tbl_Exercises[[#This Row],[ExerciseName]],tbl_Lookup_Exercises[ExerciseName],0)),""Unknown"")"
E-20260228-0576,S-20260228-01,Rowing,3,,,60.0,0.16,mi,,,,,2026-02-28T18:14:13.126Z,"Erg C2 WOD: 5,4,3,2,1 min intervals. 2 min rest between intervals ",3,2026-02-28T18:16:21.560Z,"=IFERROR(INDEX(tbl_Lookup_Exercises[Category],MATCH(tbl_Exercises[[#This Row],[ExerciseName]],tbl_Lookup_Exercises[ExerciseName],0)),""Unknown"")"
E-20260301-0577,S-20260301-01,Rowing,1,,,300.0,0.81,mi,,,,,,Warm up,3,2026-03-01T16:14:54.356Z,"=IFERROR(INDEX(tbl_Lookup_Exercises[Category],MATCH(tbl_Exercises[[#This Row],[ExerciseName]],tbl_Lookup_Exercises[ExerciseName],0)),""Unknown"")"
E-20260301-0578,S-20260301-01,Band External Rotations,1,0.0,15.0,,,,,,,,,Red band,3,2026-03-01T16:19:50.943Z,"=IFERROR(INDEX(tbl_Lookup_Exercises[Category],MATCH(tbl_Exercises[[#This Row],[ExerciseName]],tbl_Lookup_Exercises[ExerciseName],0)),""Unknown"")"
E-20260301-0579,S-20260301-01,Band External Rotations,2,0.0,15.0,,,,,,,,,Red band,3,2026-03-01T16:22:23.634Z,"=IFERROR(INDEX(tbl_Lookup_Exercises[Category],MATCH(tbl_Exercises[[#This Row],[ExerciseName]],tbl_Lookup_Exercises[ExerciseName],0)),""Unknown"")"
E-20260301-0580,S-20260301-01,Serratus Wall Slides (banded),1,0.0,12.0,,,,,,,,,Red band double up,3,2026-03-01T16:24:17.017Z,"=IFERROR(INDEX(tbl_Lookup_Exercises[Category],MATCH(tbl_Exercises[[#This Row],[ExerciseName]],tbl_Lookup_Exercises[ExerciseName],0)),""Unknown"")"
E-20260301-0581,S-20260301-01,Serratus Wall Slides (banded),2,0.0,12.0,,,,,,,,,Red band double up,3,2026-03-01T16:26:21.100Z,"=IFERROR(INDEX(tbl_Lookup_Exercises[Category],MATCH(tbl_Exercises[[#This Row],[ExerciseName]],tbl_Lookup_Exercises[ExerciseName],0)),""Unknown"")"
E-20260301-0582,S-20260301-01,Incline Push-up,1,0.0,10.0,,,,4.0,1.0,1.0,,,High bar; tempo 4-1-1,3,2026-03-01T16:29:22.207Z,"=IFERROR(INDEX(tbl_Lookup_Exercises[Category],MATCH(tbl_Exercises[[#This Row],[ExerciseName]],tbl_Lookup_Exercises[ExerciseName],0)),""Unknown"")"
E-20260301-0583,S-20260301-01,Incline Push-up,2,0.0,6.0,,,,4.0,1.0,1.0,,,Flat bench; tempo 4-1-1,3,2026-03-01T16:30:58.113Z,"=IFERROR(INDEX(tbl_Lookup_Exercises[Category],MATCH(tbl_Exercises[[#This Row],[ExerciseName]],tbl_Lookup_Exercises[ExerciseName],0)),""Unknown"")"
E-20260301-0584,S-20260301-01,Smith Machine Bench Press,1,25.0,10.0,,,,,,,,,Warm up,3,2026-03-01T16:33:51.541Z,"=IFERROR(INDEX(tbl_Lookup_Exercises[Category],MATCH(tbl_Exercises[[#This Row],[ExerciseName]],tbl_Lookup_Exercises[ExerciseName],0)),""Unknown"")"
E-20260301-0585,S-20260301-01,Smith Machine Bench Press,2,115.0,8.0,,,,3.0,1.0,1.0,2,,Felt good. Tempo strict 3-1-1; RIR 2; focused on squeezing shoulder blades together a bit to keep the right should locked in plane,3,2026-03-01T16:36:51.660Z,"=IFERROR(INDEX(tbl_Lookup_Exercises[Category],MATCH(tbl_Exercises[[#This Row],[ExerciseName]],tbl_Lookup_Exercises[ExerciseName],0)),""Unknown"")"
E-20260301-0586,S-20260301-01,Smith Machine Bench Press,3,115.0,8.0,,,,3.0,1.0,1.0,2,,Felt good. Tempo strict 3-1-1; RIR 2; focused on squeezing shoulder blades together a bit to keep the right should locked in plane,3,2026-03-01T16:38:47.817Z,"=IFERROR(INDEX(tbl_Lookup_Exercises[Category],MATCH(tbl_Exercises[[#This Row],[ExerciseName]],tbl_Lookup_Exercises[ExerciseName],0)),""Unknown"")"
E-20260301-0587,S-20260301-01,Smith Machine Bench Press,4,115.0,8.0,,,,3.0,1.0,1.0,1-2,,Tempo strict 3-1-1; RIR 1-2,3,2026-03-01T16:41:22.021Z,"=IFERROR(INDEX(tbl_Lookup_Exercises[Category],MATCH(tbl_Exercises[[#This Row],[ExerciseName]],tbl_Lookup_Exercises[ExerciseName],0)),""Unknown"")"
E-20260301-0588,S-20260301-01,Smith Machine Bench Press,5,120.0,7.0,,,,3.0,1.0,1.0,1,,Tempo strict 3-1-1; RIR 1,3,2026-03-01T16:43:48.182Z,"=IFERROR(INDEX(tbl_Lookup_Exercises[Category],MATCH(tbl_Exercises[[#This Row],[ExerciseName]],tbl_Lookup_Exercises[ExerciseName],0)),""Unknown"")"
E-20260301-0589,S-20260301-01,DB Neutral Press (slight Rotate To Underhand ),1,50.0,7.0,,,,2.0,1.0,1.0,1,,Bench at 2 (~15-30 degrees?); tempo 2-1-1; RIR 1,3,2026-03-01T16:47:49.080Z,"=IFERROR(INDEX(tbl_Lookup_Exercises[Category],MATCH(tbl_Exercises[[#This Row],[ExerciseName]],tbl_Lookup_Exercises[ExerciseName],0)),""Unknown"")"
E-20260301-0590,S-20260301-01,DB Neutral Press (slight Rotate To Underhand ),2,50.0,5.0,,,,2.0,1.0,1.0,1,,Trap started getting involved so I stopped; Bench at 2 (~15-30 degrees?); tempo 2-1-1; RIR 1,3,2026-03-01T16:50:46.455Z,"=IFERROR(INDEX(tbl_Lookup_Exercises[Category],MATCH(tbl_Exercises[[#This Row],[ExerciseName]],tbl_Lookup_Exercises[ExerciseName],0)),""Unknown"")"
E-20260301-0591,S-20260301-01,DB Neutral Press (slight Rotate To Underhand ),3,45.0,6.0,,,,2.0,1.0,2.0,1-2,,Dropped weight to prevent trap shrug; tempo 2-1-2; RIR 1-2; slight right ant tightness but no pain of note right now. ,3,2026-03-01T16:54:20.576Z,"=IFERROR(INDEX(tbl_Lookup_Exercises[Category],MATCH(tbl_Exercises[[#This Row],[ExerciseName]],tbl_Lookup_Exercises[ExerciseName],0)),""Unknown"")"
E-20260301-0592,S-20260301-01,Single Arm Cable Press,1,15.0,10.0,,,,2.0,2.0,1.0,1-2,,"Tempo 2-2-1; RIR 1-2; Plate at 15; cable height at 10; right ant capsule tight on reps 1-3, then no issues. I think self corrected the path plane ",3,2026-03-01T16:59:50.293Z,"=IFERROR(INDEX(tbl_Lookup_Exercises[Category],MATCH(tbl_Exercises[[#This Row],[ExerciseName]],tbl_Lookup_Exercises[ExerciseName],0)),""Unknown"")"
E-20260301-0593,S-20260301-01,Single Arm Cable Press,2,15.0,10.0,,,,2.0,2.0,1.0,1-2,,"Tempo 2-2-1; RIR 1-2; Plate at 15; cable height at 10; right ant capsule tight on reps 1-3, then no issues. I think self corrected the path plane ",3,2026-03-01T17:01:58.235Z,"=IFERROR(INDEX(tbl_Lookup_Exercises[Category],MATCH(tbl_Exercises[[#This Row],[ExerciseName]],tbl_Lookup_Exercises[ExerciseName],0)),""Unknown"")"
E-20260301-0594,S-20260301-01,Single Arm Cable Press,3,15.0,10.0,,,,2.0,2.0,1.0,0-1,,"Tempo 2-2-1; RIR 0-1; Plate at 15; cable height at 10; right ant capsule tight on reps 1-3, then no issues. I think self corrected the path plane ",3,2026-03-01T17:05:06.014Z,"=IFERROR(INDEX(tbl_Lookup_Exercises[Category],MATCH(tbl_Exercises[[#This Row],[ExerciseName]],tbl_Lookup_Exercises[ExerciseName],0)),""Unknown"")"
E-20260301-0595,S-20260301-01,Cable Fly (Standing),1,20.0,10.0,,,,2.0,,2.0,1-2,,Tempo 2–2-2; RIR 1-2; cable height at 15,3,2026-03-01T17:09:21.541Z,"=IFERROR(INDEX(tbl_Lookup_Exercises[Category],MATCH(tbl_Exercises[[#This Row],[ExerciseName]],tbl_Lookup_Exercises[ExerciseName],0)),""Unknown"")"
E-20260301-0596,S-20260301-01,Cable Fly (Standing),2,20.0,12.0,,,,2.0,2.0,2.0,1-2,,Tempo 2-2-2; RIR 1-2,3,2026-03-01T17:12:03.898Z,"=IFERROR(INDEX(tbl_Lookup_Exercises[Category],MATCH(tbl_Exercises[[#This Row],[ExerciseName]],tbl_Lookup_Exercises[ExerciseName],0)),""Unknown"")"
E-20260301-0597,S-20260301-01,Cable Fly (Standing),3,20.0,12.0,,,,2.0,2.0,2.0,1-2,,Tempo 2-2-2; RIR 1-2,3,2026-03-01T17:14:43.799Z,"=IFERROR(INDEX(tbl_Lookup_Exercises[Category],MATCH(tbl_Exercises[[#This Row],[ExerciseName]],tbl_Lookup_Exercises[ExerciseName],0)),""Unknown"")"
E-20260301-0598,S-20260301-01,Rope Push-Downs,1,42.5,12.0,,,,2.0,1.0,2.0,1-2,,"Tempo 2-1-2, RIR 1-2",3,2026-03-01T17:18:06.399Z,"=IFERROR(INDEX(tbl_Lookup_Exercises[Category],MATCH(tbl_Exercises[[#This Row],[ExerciseName]],tbl_Lookup_Exercises[ExerciseName],0)),""Unknown"")"
E-20260301-0599,S-20260301-01,Rope Push-Downs,2,42.5,9.0,,,,2.0,1.0,2.0,1,,"Tempo 2-1-2, RIR 1",3,2026-03-01T17:20:23.380Z,"=IFERROR(INDEX(tbl_Lookup_Exercises[Category],MATCH(tbl_Exercises[[#This Row],[ExerciseName]],tbl_Lookup_Exercises[ExerciseName],0)),""Unknown"")"
E-20260301-0600,S-20260301-01,Rope Push-Downs,3,42.5,9.0,,,,2.0,1.0,2.0,0,,"Tempo 2-1-2, RIR 0",3,2026-03-01T17:22:37.881Z,"=IFERROR(INDEX(tbl_Lookup_Exercises[Category],MATCH(tbl_Exercises[[#This Row],[ExerciseName]],tbl_Lookup_Exercises[ExerciseName],0)),""Unknown"")"
E-20260301-0601,S-20260301-01,Single-Arm Overhead Cable Extension,1,12.5,9.0,,,,3.0,1.0,2.0,1-2,2026-03-01T17:26:41.622Z,Tempo 3-1-2; RIR 1-2; superset to hit reps. ,3,2026-03-01T17:27:26.952Z,"=IFERROR(INDEX(tbl_Lookup_Exercises[Category],MATCH(tbl_Exercises[[#This Row],[ExerciseName]],tbl_Lookup_Exercises[ExerciseName],0)),""Unknown"")"
E-20260301-0602,S-20260301-01,Single-Arm Overhead Cable Extension,2,12.5,5.0,,,,3.0,1.0,2.0,1-2,2026-03-01T17:26:41.622Z,Tempo 3-1-2; RIR 1-2; superset to hit reps. ,3,2026-03-01T17:27:29.851Z,"=IFERROR(INDEX(tbl_Lookup_Exercises[Category],MATCH(tbl_Exercises[[#This Row],[ExerciseName]],tbl_Lookup_Exercises[ExerciseName],0)),""Unknown"")"
E-20260301-0603,S-20260301-01,Single-Arm Overhead Cable Extension,3,12.5,9.0,,,,3.0,1.0,2.0,1-2,2026-03-01T17:31:17.243Z,Tempo 3-1-2; RIR 1-2; superset to hit reps. ,3,2026-03-01T17:31:19.787Z,"=IFERROR(INDEX(tbl_Lookup_Exercises[Category],MATCH(tbl_Exercises[[#This Row],[ExerciseName]],tbl_Lookup_Exercises[ExerciseName],0)),""Unknown"")"
E-20260301-0604,S-20260301-01,Single-Arm Overhead Cable Extension,4,12.5,3.0,,,,3.0,1.0,2.0,1-2,2026-03-01T17:31:17.243Z,Tempo 3-1-2; RIR 1-2; superset to hit reps. ,3,2026-03-01T17:31:21.744Z,"=IFERROR(INDEX(tbl_Lookup_Exercises[Category],MATCH(tbl_Exercises[[#This Row],[ExerciseName]],tbl_Lookup_Exercises[ExerciseName],0)),""Unknown"")"
E-20260301-0605,S-20260301-01,Single-Arm Overhead Cable Extension,5,12.5,6.0,,,,3.0,1.0,2.0,0-1,2026-03-01T17:36:24.200Z,Tempo 3-1-2; RIR 0-1; superset to hit reps. ,3,2026-03-01T17:36:39.065Z,"=IFERROR(INDEX(tbl_Lookup_Exercises[Category],MATCH(tbl_Exercises[[#This Row],[ExerciseName]],tbl_Lookup_Exercises[ExerciseName],0)),""Unknown"")"
E-20260301-0606,S-20260301-01,Single-Arm Overhead Cable Extension,6,12.5,4.0,,,,3.0,1.0,2.0,0-1,2026-03-01T17:36:24.200Z,Tempo 3-1-2; RIR 0-1; superset to hit reps. ,3,2026-03-01T17:36:47.277Z,"=IFERROR(INDEX(tbl_Lookup_Exercises[Category],MATCH(tbl_Exercises[[#This Row],[ExerciseName]],tbl_Lookup_Exercises[ExerciseName],0)),""Unknown"")"
E-20260301-0607,S-20260301-01,Farmer’s Hold,1,150.0,,75.0,,,,,,,,,3,2026-03-01T17:44:29.815Z,"=IFERROR(INDEX(tbl_Lookup_Exercises[Category],MATCH(tbl_Exercises[[#This Row],[ExerciseName]],tbl_Lookup_Exercises[ExerciseName],0)),""Unknown"")"
E-20260301-0608,S-20260301-01,Farmer’s Hold,2,150.0,,70.19999999999999,,,,,,,,Started to roll down fingers ,3,2026-03-01T17:45:14.605Z,"=IFERROR(INDEX(tbl_Lookup_Exercises[Category],MATCH(tbl_Exercises[[#This Row],[ExerciseName]],tbl_Lookup_Exercises[ExerciseName],0)),""Unknown"")"
E-20260303-0609,S-20260303-01,Cycling,1,,,300.0,1.1,mi,,,,,,Warm up; nose breathing only,3,2026-03-03T22:40:59.495Z,"=IFERROR(INDEX(tbl_Lookup_Exercises[Category],MATCH(tbl_Exercises[[#This Row],[ExerciseName]],tbl_Lookup_Exercises[ExerciseName],0)),""Unknown"")"
E-20260303-0610,S-20260303-01,Face Pull,1,15.0,12.0,,,,,,,,,Warm up,3,2026-03-03T22:46:20.455Z,"=IFERROR(INDEX(tbl_Lookup_Exercises[Category],MATCH(tbl_Exercises[[#This Row],[ExerciseName]],tbl_Lookup_Exercises[ExerciseName],0)),""Unknown"")"
E-20260303-0611,S-20260303-01,Cable External Rotation,1,15.0,12.0,,,,,,,,,Warm up ,3,2026-03-03T22:46:50.403Z,"=IFERROR(INDEX(tbl_Lookup_Exercises[Category],MATCH(tbl_Exercises[[#This Row],[ExerciseName]],tbl_Lookup_Exercises[ExerciseName],0)),""Unknown"")"
E-20260303-0612,S-20260303-01,Cable External Rotation,2,15.0,12.0,,,,,,,,,Warm up ,3,2026-03-03T22:46:51.308Z,"=IFERROR(INDEX(tbl_Lookup_Exercises[Category],MATCH(tbl_Exercises[[#This Row],[ExerciseName]],tbl_Lookup_Exercises[ExerciseName],0)),""Unknown"")"
E-20260303-0613,S-20260303-01,Face Pull,2,15.0,12.0,,,,,,,,,,3,2026-03-03T22:46:57.715Z,"=IFERROR(INDEX(tbl_Lookup_Exercises[Category],MATCH(tbl_Exercises[[#This Row],[ExerciseName]],tbl_Lookup_Exercises[ExerciseName],0)),""Unknown"")"
E-20260303-0614,S-20260303-01,Suitcase Carries,1,60.0,,60.0,,,,,,,2026-03-03T23:03:31.895Z,2.5 mph; 0 miles incline; went continuously 1 min left then immediately right then right back to left and so on. ,3,2026-03-03T23:03:34.020Z,"=IFERROR(INDEX(tbl_Lookup_Exercises[Category],MATCH(tbl_Exercises[[#This Row],[ExerciseName]],tbl_Lookup_Exercises[ExerciseName],0)),""Unknown"")"
E-20260303-0615,S-20260303-01,Suitcase Carries,2,60.0,,60.0,,,,,,,2026-03-03T23:03:31.895Z,2.5 mph; 0 miles incline; went continuously 1 min left then immediately right then right back to left and so on. ,3,2026-03-03T23:03:35.430Z,"=IFERROR(INDEX(tbl_Lookup_Exercises[Category],MATCH(tbl_Exercises[[#This Row],[ExerciseName]],tbl_Lookup_Exercises[ExerciseName],0)),""Unknown"")"
E-20260303-0616,S-20260303-01,Suitcase Carries,3,60.0,,60.0,,,,,,,2026-03-03T23:03:37.348Z,2.5 mph; 0 miles incline; went continuously 1 min left then immediately right then right back to left and so on. ,3,2026-03-03T23:03:37.887Z,"=IFERROR(INDEX(tbl_Lookup_Exercises[Category],MATCH(tbl_Exercises[[#This Row],[ExerciseName]],tbl_Lookup_Exercises[ExerciseName],0)),""Unknown"")"
E-20260303-0617,S-20260303-01,Suitcase Carries,4,60.0,,60.0,,,,,,,2026-03-03T23:03:37.348Z,2.5 mph; 0 miles incline; went continuously 1 min left then immediately right then right back to left and so on. ,3,2026-03-03T23:03:39.008Z,"=IFERROR(INDEX(tbl_Lookup_Exercises[Category],MATCH(tbl_Exercises[[#This Row],[ExerciseName]],tbl_Lookup_Exercises[ExerciseName],0)),""Unknown"")"
E-20260303-0618,S-20260303-01,Suitcase Carries,5,60.0,,60.0,,,,,,,2026-03-03T23:03:41.112Z,2.5 mph; 0 miles incline; went continuously 1 min left then immediately right then right back to left and so on. ,3,2026-03-03T23:03:41.680Z,"=IFERROR(INDEX(tbl_Lookup_Exercises[Category],MATCH(tbl_Exercises[[#This Row],[ExerciseName]],tbl_Lookup_Exercises[ExerciseName],0)),""Unknown"")"
E-20260303-0619,S-20260303-01,Suitcase Carries,6,60.0,,60.0,,,,,,,2026-03-03T23:03:41.112Z,2.5 mph; 0 miles incline; went continuously 1 min left then immediately right then right back to left and so on. ,3,2026-03-03T23:03:42.902Z,"=IFERROR(INDEX(tbl_Lookup_Exercises[Category],MATCH(tbl_Exercises[[#This Row],[ExerciseName]],tbl_Lookup_Exercises[ExerciseName],0)),""Unknown"")"
E-20260303-0620,S-20260303-01,Suitcase Carries,7,60.0,,30.0,,,,,,,2026-03-03T23:03:48.008Z,2.5 mph; 0 miles incline; went continuously 1 min left then immediately right then right back to left and so on. ,3,2026-03-03T23:03:49.007Z,"=IFERROR(INDEX(tbl_Lookup_Exercises[Category],MATCH(tbl_Exercises[[#This Row],[ExerciseName]],tbl_Lookup_Exercises[ExerciseName],0)),""Unknown"")"
E-20260303-0621,S-20260303-01,Suitcase Carries,8,60.0,,30.0,,,,,,,2026-03-03T23:03:48.008Z,2.5 mph; 0 miles incline; went continuously 1 min left then immediately right then right back to left and so on. ,3,2026-03-03T23:03:50.129Z,"=IFERROR(INDEX(tbl_Lookup_Exercises[Category],MATCH(tbl_Exercises[[#This Row],[ExerciseName]],tbl_Lookup_Exercises[ExerciseName],0)),""Unknown"")"
E-20260303-0622,S-20260303-01,Suitcase Carries,9,60.0,,30.0,,,,,,,2026-03-03T23:03:48.008Z,2.5 mph; 0 miles incline; went continuously 1 min left then immediately right then right back to left and so on. ,3,2026-03-03T23:03:51.048Z,"=IFERROR(INDEX(tbl_Lookup_Exercises[Category],MATCH(tbl_Exercises[[#This Row],[ExerciseName]],tbl_Lookup_Exercises[ExerciseName],0)),""Unknown"")"
E-20260303-0623,S-20260303-01,Suitcase Carries,10,60.0,,30.0,,,,,,,2026-03-03T23:03:48.008Z,2.5 mph; 0 miles incline; went continuously 1 min left then immediately right then right back to left and so on. ,3,2026-03-03T23:03:52.021Z,"=IFERROR(INDEX(tbl_Lookup_Exercises[Category],MATCH(tbl_Exercises[[#This Row],[ExerciseName]],tbl_Lookup_Exercises[ExerciseName],0)),""Unknown"")"
E-20260303-0624,S-20260303-01,Kneeling Cable Row,1,150.0,11.0,,,,2.0,1.0,2.0,1-2,,Tempo 2-1-2 RIR 1-2,3,2026-03-03T23:04:08.832Z,"=IFERROR(INDEX(tbl_Lookup_Exercises[Category],MATCH(tbl_Exercises[[#This Row],[ExerciseName]],tbl_Lookup_Exercises[ExerciseName],0)),""Unknown"")"
E-20260303-0625,S-20260303-01,Kneeling Cable Row,2,150.0,9.0,,,,2.0,1.0,2.0,1,,Tempo 2-1-2 RIR 1; super humid in the gym today,3,2026-03-03T23:06:46.071Z,"=IFERROR(INDEX(tbl_Lookup_Exercises[Category],MATCH(tbl_Exercises[[#This Row],[ExerciseName]],tbl_Lookup_Exercises[ExerciseName],0)),""Unknown"")"
E-20260303-0626,S-20260303-01,Kneeling Cable Row,3,150.0,9.0,,,,2.0,1.0,2.0,1,,Tempo 2-1-2 RIR 1; super humid in the gym today,3,2026-03-03T23:09:33.853Z,"=IFERROR(INDEX(tbl_Lookup_Exercises[Category],MATCH(tbl_Exercises[[#This Row],[ExerciseName]],tbl_Lookup_Exercises[ExerciseName],0)),""Unknown"")"
E-20260303-0627,S-20260303-01,Kneeling Cable Row,4,150.0,9.0,,,,2.0,1.0,2.0,1,,Tempo 2-1-2 RIR 1; super humid in the gym today,3,2026-03-03T23:12:23.331Z,"=IFERROR(INDEX(tbl_Lookup_Exercises[Category],MATCH(tbl_Exercises[[#This Row],[ExerciseName]],tbl_Lookup_Exercises[ExerciseName],0)),""Unknown"")"
E-20260303-0628,S-20260303-01,Chest Supported DB Row (Spider),1,60.0,11.0,,,,,,,1-2,,2-1-2 tempo; RIR 1-2; bench at 30 degrees,3,2026-03-03T23:16:25.651Z,"=IFERROR(INDEX(tbl_Lookup_Exercises[Category],MATCH(tbl_Exercises[[#This Row],[ExerciseName]],tbl_Lookup_Exercises[ExerciseName],0)),""Unknown"")"
E-20260303-0629,S-20260303-01,Chest Supported DB Row (Spider),2,60.0,10.0,,,,,,,1,,2-1-2 tempo; RIR 1; bench at 30 degrees,3,2026-03-03T23:18:59.284Z,"=IFERROR(INDEX(tbl_Lookup_Exercises[Category],MATCH(tbl_Exercises[[#This Row],[ExerciseName]],tbl_Lookup_Exercises[ExerciseName],0)),""Unknown"")"
E-20260303-0630,S-20260303-01,Chest Supported DB Row (Spider),3,60.0,8.5,,,,2.0,1.0,2.0,1,,Tempo 2-1-2; RIR 1; 1-second squeeze at top; RIR 1,3,2026-03-03T23:21:37.368Z,"=IFERROR(INDEX(tbl_Lookup_Exercises[Category],MATCH(tbl_Exercises[[#This Row],[ExerciseName]],tbl_Lookup_Exercises[ExerciseName],0)),""Unknown"")"
E-20260303-0631,S-20260303-01,Face Pull,3,30.0,15.0,,,,,,,,,Real. Not warmup; 2 second hold ,3,2026-03-03T23:30:29.440Z,"=IFERROR(INDEX(tbl_Lookup_Exercises[Category],MATCH(tbl_Exercises[[#This Row],[ExerciseName]],tbl_Lookup_Exercises[ExerciseName],0)),""Unknown"")"
E-20260303-0632,S-20260303-01,Face Pull,4,35.0,15.0,,,,,,,,,Real. Not warmup; 2 second hold ,3,2026-03-03T23:30:33.828Z,"=IFERROR(INDEX(tbl_Lookup_Exercises[Category],MATCH(tbl_Exercises[[#This Row],[ExerciseName]],tbl_Lookup_Exercises[ExerciseName],0)),""Unknown"")"
E-20260303-0633,S-20260303-01,Face Pull,5,35.0,20.0,,,,,,,1-2,,Real. Not warmup; RIR 1-2; 2 second hold ,3,2026-03-03T23:30:52.851Z,"=IFERROR(INDEX(tbl_Lookup_Exercises[Category],MATCH(tbl_Exercises[[#This Row],[ExerciseName]],tbl_Lookup_Exercises[ExerciseName],0)),""Unknown"")"
E-20260303-0634,S-20260303-01,Standing One Arm Bicep Curl with Cable (Anchored),1,20.0,15.0,,,,2.0,1.0,2.0,2+,,Tempo 2-1-2; RIR 2+,3,2026-03-03T23:35:03.019Z,"=IFERROR(INDEX(tbl_Lookup_Exercises[Category],MATCH(tbl_Exercises[[#This Row],[ExerciseName]],tbl_Lookup_Exercises[ExerciseName],0)),""Unknown"")"
E-20260303-0635,S-20260303-01,Standing One Arm Bicep Curl with Cable (Anchored),2,25.0,15.0,,,,2.0,2.0,2.0,2,,Tempo 2-2-2; RIR 2; 2 second squeeze ,3,2026-03-03T23:39:26.792Z,"=IFERROR(INDEX(tbl_Lookup_Exercises[Category],MATCH(tbl_Exercises[[#This Row],[ExerciseName]],tbl_Lookup_Exercises[ExerciseName],0)),""Unknown"")"
E-20260303-0636,S-20260303-01,Standing One Arm Bicep Curl with Cable (Anchored),3,25.0,12.0,,,,2.0,2.0,2.0,2,,Tempo 2-2-2; RIR 2; 2 second squeeze ,3,2026-03-03T23:42:58.092Z,"=IFERROR(INDEX(tbl_Lookup_Exercises[Category],MATCH(tbl_Exercises[[#This Row],[ExerciseName]],tbl_Lookup_Exercises[ExerciseName],0)),""Unknown"")"
E-20260303-0637,S-20260303-01,Pallof Press,1,30.0,10.0,,,,2.0,1.0,2.0,1-2,,Tempo 2-1-2; RIR 1-2; left felt like a little more of a fight to anti rotate. Not much but a little,3,2026-03-03T23:46:18.656Z,"=IFERROR(INDEX(tbl_Lookup_Exercises[Category],MATCH(tbl_Exercises[[#This Row],[ExerciseName]],tbl_Lookup_Exercises[ExerciseName],0)),""Unknown"")"
E-20260303-0638,S-20260303-01,Pallof Press,2,30.0,10.0,,,,2.0,1.0,2.0,1-2,,Tempo 2-1-2; 2 sec hold; RIR 1-2; left felt like a little more of a fight to anti rotate. Not much but a little,3,2026-03-03T23:48:43.036Z,"=IFERROR(INDEX(tbl_Lookup_Exercises[Category],MATCH(tbl_Exercises[[#This Row],[ExerciseName]],tbl_Lookup_Exercises[ExerciseName],0)),""Unknown"")"
E-20260303-0639,S-20260303-01,Pallof Press,3,40.0,10.0,,,,2.0,1.0,2.0,1-2,,Tempo 2-1-2; 2 sec hold; RIR 1-2; left felt like a little more of a fight to anti rotate. Not much but a little,3,2026-03-03T23:51:53.790Z,"=IFERROR(INDEX(tbl_Lookup_Exercises[Category],MATCH(tbl_Exercises[[#This Row],[ExerciseName]],tbl_Lookup_Exercises[ExerciseName],0)),""Unknown"")"
E-20260303-0640,S-20260303-01,Farmer's Walk,1,150.0,,45.0,,,,,,,,,3,2026-03-03T23:55:21.748Z,"=IFERROR(INDEX(tbl_Lookup_Exercises[Category],MATCH(tbl_Exercises[[#This Row],[ExerciseName]],tbl_Lookup_Exercises[ExerciseName],0)),""Unknown"")"
E-20260303-0641,S-20260303-01,Farmer's Walk,2,150.0,,39.6,,,,,,,,,3,2026-03-03T23:57:21.654Z,"=IFERROR(INDEX(tbl_Lookup_Exercises[Category],MATCH(tbl_Exercises[[#This Row],[ExerciseName]],tbl_Lookup_Exercises[ExerciseName],0)),""Unknown"")"
E-20260305-0642,S-20260305-01,DB Spider Curl (Hammer),1,40.0,12.0,,,,3.0,1.0,2.0,1-2,,Tempo 3-1-2; RIR 1-2,3,2026-03-05T22:55:07.821Z,"=IFERROR(INDEX(tbl_Lookup_Exercises[Category],MATCH(tbl_Exercises[[#This Row],[ExerciseName]],tbl_Lookup_Exercises[ExerciseName],0)),""Unknown"")"
E-20260305-0643,S-20260305-01,DB Spider Curl (Hammer),2,40.0,12.0,,,,3.0,1.0,2.0,1-2,,Tempo 3-1-2; RIR 1-2,3,2026-03-05T22:57:16.384Z,"=IFERROR(INDEX(tbl_Lookup_Exercises[Category],MATCH(tbl_Exercises[[#This Row],[ExerciseName]],tbl_Lookup_Exercises[ExerciseName],0)),""Unknown"")"
E-20260305-0644,S-20260305-01,DB Spider Curl (Hammer),3,40.0,9.0,,,,3.0,1.0,2.0,1,,Tempo 3-1-2; RIR 1,3,2026-03-05T22:59:16.438Z,"=IFERROR(INDEX(tbl_Lookup_Exercises[Category],MATCH(tbl_Exercises[[#This Row],[ExerciseName]],tbl_Lookup_Exercises[ExerciseName],0)),""Unknown"")"
E-20260305-0645,S-20260305-01,DB Spider Curl (Hammer),4,40.0,9.0,,,,3.0,1.0,2.0,1,,Tempo 3-1-2; RIR 1,3,2026-03-05T23:01:39.755Z,"=IFERROR(INDEX(tbl_Lookup_Exercises[Category],MATCH(tbl_Exercises[[#This Row],[ExerciseName]],tbl_Lookup_Exercises[ExerciseName],0)),""Unknown"")"
E-20260305-0646,S-20260305-01,Cross Body Cable Curl,1,20.0,15.0,,,,2.0,3.0,2.0,1-2,,Tempo 2-3-2; RIR 1-2,3,2026-03-05T23:05:41.012Z,"=IFERROR(INDEX(tbl_Lookup_Exercises[Category],MATCH(tbl_Exercises[[#This Row],[ExerciseName]],tbl_Lookup_Exercises[ExerciseName],0)),""Unknown"")"
E-20260305-0647,S-20260305-01,Cross Body Cable Curl,2,20.0,15.0,,,,2.0,1.0,2.0,1-2…,,Tempo 2-1-2; RIR 1-2… I only changed the tempo because I misread the table. Not due to fatigue or anything. Just following what’s prescribed ,3,2026-03-05T23:09:25.242Z,"=IFERROR(INDEX(tbl_Lookup_Exercises[Category],MATCH(tbl_Exercises[[#This Row],[ExerciseName]],tbl_Lookup_Exercises[ExerciseName],0)),""Unknown"")"
E-20260305-0648,S-20260305-01,Cross Body Cable Curl,3,20.0,15.0,,,,2.0,1.0,2.0,1-2…,,Tempo 2-1-2; RIR 1-2… I only changed the tempo because I misread the table. Not due to fatigue or anything. Just following what’s prescribed ,3,2026-03-05T23:13:32.611Z,"=IFERROR(INDEX(tbl_Lookup_Exercises[Category],MATCH(tbl_Exercises[[#This Row],[ExerciseName]],tbl_Lookup_Exercises[ExerciseName],0)),""Unknown"")"
E-20260305-0649,S-20260305-01,Rope Push-Downs,1,47.5,12.0,,,,2.0,1.0,2.0,1-2,,This PF don’t have 2.5 weights. Just a 7.5# option; tempo 2-1-2; RIR 1-2,3,2026-03-05T23:15:31.535Z,"=IFERROR(INDEX(tbl_Lookup_Exercises[Category],MATCH(tbl_Exercises[[#This Row],[ExerciseName]],tbl_Lookup_Exercises[ExerciseName],0)),""Unknown"")"
E-20260305-0650,S-20260305-01,Rope Push-Downs,2,47.5,10.0,,,,2.0,1.0,2.0,1,,This PF don’t have 2.5 weights. Just a 7.5# option; tempo 2-1-2; RIR 1,3,2026-03-05T23:17:03.885Z,"=IFERROR(INDEX(tbl_Lookup_Exercises[Category],MATCH(tbl_Exercises[[#This Row],[ExerciseName]],tbl_Lookup_Exercises[ExerciseName],0)),""Unknown"")"
E-20260305-0651,S-20260305-01,Rope Push-Downs,3,47.5,8.0,,,,2.0,1.0,2.0,1,,This PF don’t have 2.5 weights. Just a 7.5# option; tempo 2-1-2; RIR 1,3,2026-03-05T23:18:45.934Z,"=IFERROR(INDEX(tbl_Lookup_Exercises[Category],MATCH(tbl_Exercises[[#This Row],[ExerciseName]],tbl_Lookup_Exercises[ExerciseName],0)),""Unknown"")"
E-20260305-0652,S-20260305-01,Rope Push-Downs,4,47.5,8.0,,,,2.0,1.0,2.0,1,,This PF don’t have 2.5 weights. Just a 7.5# option; tempo 2-1-2; RIR 1,3,2026-03-05T23:20:23.586Z,"=IFERROR(INDEX(tbl_Lookup_Exercises[Category],MATCH(tbl_Exercises[[#This Row],[ExerciseName]],tbl_Lookup_Exercises[ExerciseName],0)),""Unknown"")"
E-20260305-0653,S-20260305-01,Single-Arm Cable Triceps Extension (Cross-Body),1,12.5,12.0,,,,1.0,1.0,3.0,,,Tempo 1-1-3,3,2026-03-05T23:25:54.568Z,"=IFERROR(INDEX(tbl_Lookup_Exercises[Category],MATCH(tbl_Exercises[[#This Row],[ExerciseName]],tbl_Lookup_Exercises[ExerciseName],0)),""Unknown"")"
E-20260305-0654,S-20260305-01,Single-Arm Cable Triceps Extension (Cross-Body),2,12.5,11.0,,,,1.0,1.0,3.0,1-2,,Tempo 1-1-3; RIR 1-2,3,2026-03-05T23:25:57.964Z,"=IFERROR(INDEX(tbl_Lookup_Exercises[Category],MATCH(tbl_Exercises[[#This Row],[ExerciseName]],tbl_Lookup_Exercises[ExerciseName],0)),""Unknown"")"
E-20260305-0655,S-20260305-01,Single-Arm Cable Triceps Extension (Cross-Body),3,12.5,12.0,,,,1.0,1.0,3.0,1,,Tempo 1-1-3; RIR 1,3,2026-03-05T23:28:42.433Z,"=IFERROR(INDEX(tbl_Lookup_Exercises[Category],MATCH(tbl_Exercises[[#This Row],[ExerciseName]],tbl_Lookup_Exercises[ExerciseName],0)),""Unknown"")"
E-20260305-0656,S-20260305-01,Dumbbell Lateral Raise,1,6.0,12.0,,,,2.0,2.0,2.0,1-2,,Tempo 2-2-2; RIR 1-2,3,2026-03-05T23:31:21.133Z,"=IFERROR(INDEX(tbl_Lookup_Exercises[Category],MATCH(tbl_Exercises[[#This Row],[ExerciseName]],tbl_Lookup_Exercises[ExerciseName],0)),""Unknown"")"
E-20260305-0657,S-20260305-01,Dumbbell Lateral Raise,2,6.0,15.0,,,,2.0,2.0,2.0,1-2,,Tempo 2-2-2; RIR 1-2,3,2026-03-05T23:33:45.686Z,"=IFERROR(INDEX(tbl_Lookup_Exercises[Category],MATCH(tbl_Exercises[[#This Row],[ExerciseName]],tbl_Lookup_Exercises[ExerciseName],0)),""Unknown"")"
E-20260305-0658,S-20260305-01,Dumbbell Lateral Raise,3,6.0,15.0,,,,2.0,2.0,2.0,1-2,,Tempo 2-2-2; RIR 1-2,3,2026-03-05T23:33:51.928Z,"=IFERROR(INDEX(tbl_Lookup_Exercises[Category],MATCH(tbl_Exercises[[#This Row],[ExerciseName]],tbl_Lookup_Exercises[ExerciseName],0)),""Unknown"")"
E-20260307-0659,S-20260307-01,Rowing,1,,,300.0,0.81,mi,,,,,,Warm up ,3,2026-03-07T18:27:31.884Z,"=IFERROR(INDEX(tbl_Lookup_Exercises[Category],MATCH(tbl_Exercises[[#This Row],[ExerciseName]],tbl_Lookup_Exercises[ExerciseName],0)),""Unknown"")"
E-20260307-0660,S-20260307-01,Dumbbell Romanian Deadlift,1,130.0,8.0,,,,3.0,1.0,1.0,2,,Tempo 3-1-1; RIR 2,3,2026-03-07T18:41:27.073Z,"=IFERROR(INDEX(tbl_Lookup_Exercises[Category],MATCH(tbl_Exercises[[#This Row],[ExerciseName]],tbl_Lookup_Exercises[ExerciseName],0)),""Unknown"")"
E-20260307-0661,S-20260307-01,Dumbbell Romanian Deadlift,2,130.0,8.0,,,,3.0,1.0,1.0,2,,Tempo 3-1-1; RIR 2,3,2026-03-07T18:43:51.596Z,"=IFERROR(INDEX(tbl_Lookup_Exercises[Category],MATCH(tbl_Exercises[[#This Row],[ExerciseName]],tbl_Lookup_Exercises[ExerciseName],0)),""Unknown"")"
E-20260307-0662,S-20260307-01,Dumbbell Romanian Deadlift,3,130.0,8.0,,,,3.0,1.0,1.0,2,,Tempo 3-1-1; RIR 2; pulled my core in after 3-4. Noticed my belly was out vs core engaged / flexed,3,2026-03-07T18:46:36.780Z,"=IFERROR(INDEX(tbl_Lookup_Exercises[Category],MATCH(tbl_Exercises[[#This Row],[ExerciseName]],tbl_Lookup_Exercises[ExerciseName],0)),""Unknown"")"
E-20260307-0663,S-20260307-01,Dumbbell Romanian Deadlift,4,130.0,8.0,,,,3.0,1.0,1.0,1-2,,Tempo 3-1-1; RIR 1-2; core engaged throughout. Felt good. ,3,2026-03-07T18:50:08.473Z,"=IFERROR(INDEX(tbl_Lookup_Exercises[Category],MATCH(tbl_Exercises[[#This Row],[ExerciseName]],tbl_Lookup_Exercises[ExerciseName],0)),""Unknown"")"
E-20260307-0664,S-20260307-01,Bulgarian Split Squat,1,30.0,8.0,,,,2.0,1.0,2.0,1-2,,Tempo 2-1-2; RIR 1-2,3,2026-03-07T18:53:59.526Z,"=IFERROR(INDEX(tbl_Lookup_Exercises[Category],MATCH(tbl_Exercises[[#This Row],[ExerciseName]],tbl_Lookup_Exercises[ExerciseName],0)),""Unknown"")"
E-20260307-0665,S-20260307-01,Bulgarian Split Squat,2,30.0,8.0,,,,2.0,1.0,2.0,1-2,,Tempo 2-1-2; RIR 1-2,3,2026-03-07T18:56:59.596Z,"=IFERROR(INDEX(tbl_Lookup_Exercises[Category],MATCH(tbl_Exercises[[#This Row],[ExerciseName]],tbl_Lookup_Exercises[ExerciseName],0)),""Unknown"")"
E-20260307-0666,S-20260307-01,Bulgarian Split Squat,3,40.0,9.0,,,,2.0,1.0,2.0,1-2,,Tempo 2-1-2; RIR 1-2; I feel a little more tired in left glute during 3rd set; added 1 rep as Smith wasn’t available for split squat today so I repeated last weeks Bulgarian and added 1 rep,3,2026-03-07T18:59:05.771Z,"=IFERROR(INDEX(tbl_Lookup_Exercises[Category],MATCH(tbl_Exercises[[#This Row],[ExerciseName]],tbl_Lookup_Exercises[ExerciseName],0)),""Unknown"")"
E-20260307-0667,S-20260307-01,Standing Calf Raise,1,95.0,12.0,,,,2.0,1.0,2.0,2,,Tempo 2-1-2; RIR 2; toes on 2 stacked plates,3,2026-03-07T19:05:36.123Z,"=IFERROR(INDEX(tbl_Lookup_Exercises[Category],MATCH(tbl_Exercises[[#This Row],[ExerciseName]],tbl_Lookup_Exercises[ExerciseName],0)),""Unknown"")"
E-20260307-0668,S-20260307-01,Standing Calf Raise,2,95.0,12.0,,,,2.0,1.0,2.0,1,,Tempo 2-1-2; RIR 1; toes on 2 stacked plates,3,2026-03-07T19:08:22.302Z,"=IFERROR(INDEX(tbl_Lookup_Exercises[Category],MATCH(tbl_Exercises[[#This Row],[ExerciseName]],tbl_Lookup_Exercises[ExerciseName],0)),""Unknown"")"
E-20260307-0669,S-20260307-01,Standing Calf Raise,3,95.0,12.0,,,,2.0,1.0,2.0,1,,Tempo 2-1-2; RIR 1; toes on 2 stacked plates,3,2026-03-07T19:11:42.616Z,"=IFERROR(INDEX(tbl_Lookup_Exercises[Category],MATCH(tbl_Exercises[[#This Row],[ExerciseName]],tbl_Lookup_Exercises[ExerciseName],0)),""Unknown"")"
E-20260307-0670,S-20260307-01,Glute Extension,1,40.0,12.0,,,,2.0,1.0,2.0,2,,Tempo 2-1-2; RIR 2,3,2026-03-07T19:18:07.267Z,"=IFERROR(INDEX(tbl_Lookup_Exercises[Category],MATCH(tbl_Exercises[[#This Row],[ExerciseName]],tbl_Lookup_Exercises[ExerciseName],0)),""Unknown"")"
E-20260307-0671,S-20260307-01,Glute Extension,2,55.0,10.0,,,,2.0,1.0,2.0,2,,Tempo 2-1-2; RIR 2,3,2026-03-07T19:20:25.955Z,"=IFERROR(INDEX(tbl_Lookup_Exercises[Category],MATCH(tbl_Exercises[[#This Row],[ExerciseName]],tbl_Lookup_Exercises[ExerciseName],0)),""Unknown"")"
E-20260307-0672,S-20260307-01,Glute Extension,3,70.0,10.0,,,,2.0,1.0,2.0,2,,Tempo 2-1-2; RIR 2,3,2026-03-07T19:23:18.520Z,"=IFERROR(INDEX(tbl_Lookup_Exercises[Category],MATCH(tbl_Exercises[[#This Row],[ExerciseName]],tbl_Lookup_Exercises[ExerciseName],0)),""Unknown"")"
E-20260307-0673,S-20260307-01,Pallof Press,1,15.0,10.0,,,,2.0,2.0,1.0,1-2,,Cable at nipple height; adjustable single cable machine at PF; tempo 2-2-1; RIR 1-2,3,2026-03-07T19:27:55.873Z,"=IFERROR(INDEX(tbl_Lookup_Exercises[Category],MATCH(tbl_Exercises[[#This Row],[ExerciseName]],tbl_Lookup_Exercises[ExerciseName],0)),""Unknown"")"
E-20260307-0674,S-20260307-01,Pallof Press,2,20.0,10.0,,,,2.0,2.0,1.0,1-2,,Cable at nipple height; adjustable single cable machine at PF; tempo 2-2-1; RIR 1-2,3,2026-03-07T19:30:35.488Z,"=IFERROR(INDEX(tbl_Lookup_Exercises[Category],MATCH(tbl_Exercises[[#This Row],[ExerciseName]],tbl_Lookup_Exercises[ExerciseName],0)),""Unknown"")"
E-20260307-0675,S-20260307-01,Pallof Press,3,20.0,10.0,,,,2.0,2.0,1.0,1-2,,"Felt it a little in my groin, and internal oblique following last set left side ; Cable at nipple height; adjustable single cable machine at PF; tempo 2-2-1; RIR 1-2",3,2026-03-07T19:34:34.658Z,"=IFERROR(INDEX(tbl_Lookup_Exercises[Category],MATCH(tbl_Exercises[[#This Row],[ExerciseName]],tbl_Lookup_Exercises[ExerciseName],0)),""Unknown"")"
E-20260307-0676,S-20260307-01,Suitcase Carries,1,65.0,,60.0,,,,,,,,2.5 mph; 0 incline,3,2026-03-07T19:39:11.718Z,"=IFERROR(INDEX(tbl_Lookup_Exercises[Category],MATCH(tbl_Exercises[[#This Row],[ExerciseName]],tbl_Lookup_Exercises[ExerciseName],0)),""Unknown"")"
E-20260307-0677,S-20260307-01,Suitcase Carries,2,65.0,,60.0,,,,,,,,2.5 mph; 0 incline,3,2026-03-07T19:42:09.513Z,"=IFERROR(INDEX(tbl_Lookup_Exercises[Category],MATCH(tbl_Exercises[[#This Row],[ExerciseName]],tbl_Lookup_Exercises[ExerciseName],0)),""Unknown"")"
E-20260307-0678,S-20260307-01,Suitcase Carries,3,65.0,,60.0,,,,,,,,2.5 mph; 0 incline,3,2026-03-07T19:45:15.873Z,"=IFERROR(INDEX(tbl_Lookup_Exercises[Category],MATCH(tbl_Exercises[[#This Row],[ExerciseName]],tbl_Lookup_Exercises[ExerciseName],0)),""Unknown"")"
E-20260309-0679,S-20260309-01,Rowing,1,,,300.0,0.83,mi,,,,,,Warmup,3,2026-03-09T15:49:38.366Z,"=IFERROR(INDEX(tbl_Lookup_Exercises[Category],MATCH(tbl_Exercises[[#This Row],[ExerciseName]],tbl_Lookup_Exercises[ExerciseName],0)),""Unknown"")"
E-20260309-0680,S-20260309-01,Band External Rotations,1,0.0,12.0,,,,,,,,,Red band,3,2026-03-09T15:55:53.263Z,"=IFERROR(INDEX(tbl_Lookup_Exercises[Category],MATCH(tbl_Exercises[[#This Row],[ExerciseName]],tbl_Lookup_Exercises[ExerciseName],0)),""Unknown"")"
E-20260309-0681,S-20260309-01,Band External Rotations,2,0.0,12.0,,,,,,,,,Red band,3,2026-03-09T15:55:53.904Z,"=IFERROR(INDEX(tbl_Lookup_Exercises[Category],MATCH(tbl_Exercises[[#This Row],[ExerciseName]],tbl_Lookup_Exercises[ExerciseName],0)),""Unknown"")"
E-20260309-0682,S-20260309-01,Serratus Wall Slides (banded),1,0.0,12.0,,,,,,,,,Red band ,3,2026-03-09T15:56:16.416Z,"=IFERROR(INDEX(tbl_Lookup_Exercises[Category],MATCH(tbl_Exercises[[#This Row],[ExerciseName]],tbl_Lookup_Exercises[ExerciseName],0)),""Unknown"")"
E-20260309-0683,S-20260309-01,Serratus Wall Slides (banded),2,0.0,12.0,,,,,,,,,Red band ,3,2026-03-09T15:56:17.755Z,"=IFERROR(INDEX(tbl_Lookup_Exercises[Category],MATCH(tbl_Exercises[[#This Row],[ExerciseName]],tbl_Lookup_Exercises[ExerciseName],0)),""Unknown"")"
E-20260309-0684,S-20260309-01,Incline Push-up,1,0.0,10.0,,,,4.0,1.0,1.0,,,Tempo 4-1-1; high bar,3,2026-03-09T15:59:58.623Z,"=IFERROR(INDEX(tbl_Lookup_Exercises[Category],MATCH(tbl_Exercises[[#This Row],[ExerciseName]],tbl_Lookup_Exercises[ExerciseName],0)),""Unknown"")"
E-20260309-0685,S-20260309-01,Incline Push-up,2,0.0,9.0,,,,4.0,1.0,1.0,,,Tempo 4-1-1; high bar,3,2026-03-09T16:01:25.493Z,"=IFERROR(INDEX(tbl_Lookup_Exercises[Category],MATCH(tbl_Exercises[[#This Row],[ExerciseName]],tbl_Lookup_Exercises[ExerciseName],0)),""Unknown"")"
E-20260309-0686,S-20260309-01,Smith Machine Bench Press,1,115.0,8.0,,,,3.0,1.0,1.0,1-2,,Tempo 3-1-1; RIR 1-2,3,2026-03-09T16:04:30.488Z,"=IFERROR(INDEX(tbl_Lookup_Exercises[Category],MATCH(tbl_Exercises[[#This Row],[ExerciseName]],tbl_Lookup_Exercises[ExerciseName],0)),""Unknown"")"
E-20260309-0687,S-20260309-01,Smith Machine Bench Press,2,115.0,8.0,,,,3.0,1.0,1.0,1-2,,Tempo 3-1-1; RIR 1-2,3,2026-03-09T16:06:43.367Z,"=IFERROR(INDEX(tbl_Lookup_Exercises[Category],MATCH(tbl_Exercises[[#This Row],[ExerciseName]],tbl_Lookup_Exercises[ExerciseName],0)),""Unknown"")"
E-20260309-0688,S-20260309-01,Smith Machine Bench Press,3,115.0,8.0,,,,3.0,1.0,1.0,1-2,,Tempo 3-1-1; RIR 1-2,3,2026-03-09T16:09:22.938Z,"=IFERROR(INDEX(tbl_Lookup_Exercises[Category],MATCH(tbl_Exercises[[#This Row],[ExerciseName]],tbl_Lookup_Exercises[ExerciseName],0)),""Unknown"")"
E-20260309-0689,S-20260309-01,Smith Machine Bench Press,4,125.0,6.0,,,,3.0,1.0,1.0,1,,Tempo 3-1-1; RIR 1,3,2026-03-09T16:11:55.356Z,"=IFERROR(INDEX(tbl_Lookup_Exercises[Category],MATCH(tbl_Exercises[[#This Row],[ExerciseName]],tbl_Lookup_Exercises[ExerciseName],0)),""Unknown"")"
E-20260309-0690,S-20260309-01,Low-Incline DB Press (15–30°),1,90.0,8.0,,,,2.0,1.0,2.0,2,,Tempo 2-1-2; RIR 2; left trap tried to engage,3,2026-03-09T16:16:57.262Z,"=IFERROR(INDEX(tbl_Lookup_Exercises[Category],MATCH(tbl_Exercises[[#This Row],[ExerciseName]],tbl_Lookup_Exercises[ExerciseName],0)),""Unknown"")"
E-20260309-0691,S-20260309-01,Low-Incline DB Press (15–30°),2,90.0,8.0,,,,2.0,1.0,2.0,2,,Tempo 2-1-2; RIR 2; left trap tried to engage,3,2026-03-09T16:19:04.822Z,"=IFERROR(INDEX(tbl_Lookup_Exercises[Category],MATCH(tbl_Exercises[[#This Row],[ExerciseName]],tbl_Lookup_Exercises[ExerciseName],0)),""Unknown"")"
E-20260309-0692,S-20260309-01,Low-Incline DB Press (15–30°),3,90.0,7.0,,,,2.0,1.0,2.0,1,,Tempo 2-1-2; RIR 1; left trap tried to engage,3,2026-03-09T16:21:54.852Z,"=IFERROR(INDEX(tbl_Lookup_Exercises[Category],MATCH(tbl_Exercises[[#This Row],[ExerciseName]],tbl_Lookup_Exercises[ExerciseName],0)),""Unknown"")"
E-20260309-0693,S-20260309-01,Single Arm Cable Press,1,15.0,10.0,,,,2.0,2.0,1.0,1-2,,Tempo 2-2-1; RIR 1-2,3,2026-03-09T16:25:06.902Z,"=IFERROR(INDEX(tbl_Lookup_Exercises[Category],MATCH(tbl_Exercises[[#This Row],[ExerciseName]],tbl_Lookup_Exercises[ExerciseName],0)),""Unknown"")"
E-20260309-0694,S-20260309-01,Single Arm Cable Press,2,15.0,10.0,,,,2.0,2.0,1.0,1-2,,Tempo 2-2-1; RIR 1-2; left hold seemed expose some posterior shoulder stabilizer involved during hold at extension,3,2026-03-09T16:28:40.309Z,"=IFERROR(INDEX(tbl_Lookup_Exercises[Category],MATCH(tbl_Exercises[[#This Row],[ExerciseName]],tbl_Lookup_Exercises[ExerciseName],0)),""Unknown"")"
E-20260309-0695,S-20260309-01,Single Arm Cable Press,3,15.0,10.0,,,,2.0,2.0,1.0,2,,Tempo 2-2-1; RIR 2; left hold seemed expose some posterior shoulder stabilizer involved during hold at extension,3,2026-03-09T16:31:32.323Z,"=IFERROR(INDEX(tbl_Lookup_Exercises[Category],MATCH(tbl_Exercises[[#This Row],[ExerciseName]],tbl_Lookup_Exercises[ExerciseName],0)),""Unknown"")"
E-20260309-0696,S-20260309-01,Cable Fly (Standing),1,25.0,10.0,,,,2.0,2.0,2.0,1-2,,Tempo 2-2-2; RIR 1-2,3,2026-03-09T16:34:07.567Z,"=IFERROR(INDEX(tbl_Lookup_Exercises[Category],MATCH(tbl_Exercises[[#This Row],[ExerciseName]],tbl_Lookup_Exercises[ExerciseName],0)),""Unknown"")"
E-20260309-0697,S-20260309-01,Cable Fly (Standing),2,25.0,10.0,,,,2.0,2.0,2.0,1-2,,Tempo 2-2-2; RIR 1-2,3,2026-03-09T16:36:50.844Z,"=IFERROR(INDEX(tbl_Lookup_Exercises[Category],MATCH(tbl_Exercises[[#This Row],[ExerciseName]],tbl_Lookup_Exercises[ExerciseName],0)),""Unknown"")"
E-20260309-0698,S-20260309-01,Cable Fly (Standing),3,25.0,12.0,,,,2.0,2.0,2.0,1-2,,Tempo 2-2-2; RIR 1-2,3,2026-03-09T16:40:06.282Z,"=IFERROR(INDEX(tbl_Lookup_Exercises[Category],MATCH(tbl_Exercises[[#This Row],[ExerciseName]],tbl_Lookup_Exercises[ExerciseName],0)),""Unknown"")"
E-20260309-0699,S-20260309-01,Rope Push-Downs,1,42.5,12.0,,,,2.0,1.0,2.0,1-2,,Tempo 2-1-2; squeeze contraction at bottom; RIR 1-2,3,2026-03-09T16:42:33.907Z,"=IFERROR(INDEX(tbl_Lookup_Exercises[Category],MATCH(tbl_Exercises[[#This Row],[ExerciseName]],tbl_Lookup_Exercises[ExerciseName],0)),""Unknown"")"
E-20260309-0700,S-20260309-01,Rope Push-Downs,2,42.5,12.0,,,,2.0,1.0,2.0,1,,Tempo 2-1-2; squeeze contraction at bottom; RIR 1,3,2026-03-09T16:45:21.741Z,"=IFERROR(INDEX(tbl_Lookup_Exercises[Category],MATCH(tbl_Exercises[[#This Row],[ExerciseName]],tbl_Lookup_Exercises[ExerciseName],0)),""Unknown"")"
E-20260309-0701,S-20260309-01,Rope Push-Downs,3,42.5,9.0,,,,2.0,1.0,2.0,1,,Tempo 2-1-2; squeeze contraction at bottom; RIR 1 felt sloppy last rep,3,2026-03-09T16:47:40.933Z,"=IFERROR(INDEX(tbl_Lookup_Exercises[Category],MATCH(tbl_Exercises[[#This Row],[ExerciseName]],tbl_Lookup_Exercises[ExerciseName],0)),""Unknown"")"
E-20260309-0702,S-20260309-01,Single-Arm Overhead Cable Extension,1,15.0,8.0,,,,3.0,1.0,2.0,1,,Tempo 3-1-2; RIR 1 to 2 ,3,2026-03-09T16:51:14.973Z,"=IFERROR(INDEX(tbl_Lookup_Exercises[Category],MATCH(tbl_Exercises[[#This Row],[ExerciseName]],tbl_Lookup_Exercises[ExerciseName],0)),""Unknown"")"
E-20260309-0703,S-20260309-01,Single-Arm Overhead Cable Extension,2,15.0,8.0,,,,3.0,1.0,2.0,1,,Tempo 3-1-2; RIR 1 to 2; little taps to help extend on 7-8,3,2026-03-09T16:54:31.738Z,"=IFERROR(INDEX(tbl_Lookup_Exercises[Category],MATCH(tbl_Exercises[[#This Row],[ExerciseName]],tbl_Lookup_Exercises[ExerciseName],0)),""Unknown"")"
E-20260309-0704,S-20260309-01,Single-Arm Overhead Cable Extension,3,15.0,8.0,,,,3.0,1.0,2.0,1,,Tempo 3-1-2; RIR 1 to 2; little taps to help extend on 7-8,3,2026-03-09T16:57:30.698Z,"=IFERROR(INDEX(tbl_Lookup_Exercises[Category],MATCH(tbl_Exercises[[#This Row],[ExerciseName]],tbl_Lookup_Exercises[ExerciseName],0)),""Unknown"")"
E-20260309-0705,S-20260309-01,Farmer’s Hold,1,150.0,,85.19999999999999,,,,,,,,,3,2026-03-09T17:02:13.210Z,"=IFERROR(INDEX(tbl_Lookup_Exercises[Category],MATCH(tbl_Exercises[[#This Row],[ExerciseName]],tbl_Lookup_Exercises[ExerciseName],0)),""Unknown"")"
E-20260309-0706,S-20260309-01,Farmer’s Hold,2,150.0,,70.19999999999999,,,,,,,,,3,2026-03-09T17:05:18.624Z,"=IFERROR(INDEX(tbl_Lookup_Exercises[Category],MATCH(tbl_Exercises[[#This Row],[ExerciseName]],tbl_Lookup_Exercises[ExerciseName],0)),""Unknown"")"
E-20260310-0707,S-20260310-01,Cycling,1,,,420.0,1.7,mi,,,,,,Warmup light activity ,3,2026-03-10T21:02:56.839Z,"=IFERROR(INDEX(tbl_Lookup_Exercises[Category],MATCH(tbl_Exercises[[#This Row],[ExerciseName]],tbl_Lookup_Exercises[ExerciseName],0)),""Unknown"")"
E-20260310-0708,S-20260310-01,Chest Supported DB Row (Spider),1,65.0,10.0,,,,3.0,1.0,1.0,2,,Tempo 3-1-1; RIR 2; 60# dbs were unavailable. ,3,2026-03-10T21:07:24.907Z,"=IFERROR(INDEX(tbl_Lookup_Exercises[Category],MATCH(tbl_Exercises[[#This Row],[ExerciseName]],tbl_Lookup_Exercises[ExerciseName],0)),""Unknown"")"
E-20260310-0709,S-20260310-01,Chest Supported DB Row (Spider),2,65.0,10.0,,,,3.0,1.0,1.0,2,,Tempo 3-1-1; RIR 2; 60# dbs were unavailable. ,3,2026-03-10T21:09:38.644Z,"=IFERROR(INDEX(tbl_Lookup_Exercises[Category],MATCH(tbl_Exercises[[#This Row],[ExerciseName]],tbl_Lookup_Exercises[ExerciseName],0)),""Unknown"")"
E-20260310-0710,S-20260310-01,Chest Supported DB Row (Spider),3,65.0,9.0,,,,3.0,1.0,1.0,1,,Tempo 3-1-1; RIR 1; 60# dbs were unavailable. ,3,2026-03-10T21:12:09.963Z,"=IFERROR(INDEX(tbl_Lookup_Exercises[Category],MATCH(tbl_Exercises[[#This Row],[ExerciseName]],tbl_Lookup_Exercises[ExerciseName],0)),""Unknown"")"
E-20260310-0711,S-20260310-01,Chest Supported DB Row (Spider),4,65.0,9.0,,,,3.0,1.0,1.0,1,,Tempo 3-1-1; RIR 1; 60# dbs were unavailable. ,3,2026-03-10T21:14:09.562Z,"=IFERROR(INDEX(tbl_Lookup_Exercises[Category],MATCH(tbl_Exercises[[#This Row],[ExerciseName]],tbl_Lookup_Exercises[ExerciseName],0)),""Unknown"")"
E-20260310-0712,S-20260310-01,Single-Arm Neutral Grip Cable Pulldown,1,160.0,10.0,,,,3.0,1.0,1.0,1-2,,Tempo 3-1-1; RIR 1-2,3,2026-03-10T21:21:14.965Z,"=IFERROR(INDEX(tbl_Lookup_Exercises[Category],MATCH(tbl_Exercises[[#This Row],[ExerciseName]],tbl_Lookup_Exercises[ExerciseName],0)),""Unknown"")"
E-20260310-0713,S-20260310-01,Single-Arm Neutral Grip Cable Pulldown,2,160.0,10.0,,,,3.0,1.0,1.0,1-2,,Tempo 3-1-1; RIR 1-2,3,2026-03-10T21:23:36.922Z,"=IFERROR(INDEX(tbl_Lookup_Exercises[Category],MATCH(tbl_Exercises[[#This Row],[ExerciseName]],tbl_Lookup_Exercises[ExerciseName],0)),""Unknown"")"
E-20260310-0714,S-20260310-01,Single-Arm Neutral Grip Cable Pulldown,3,160.0,8.0,,,,3.0,1.0,1.0,1,,Tempo 3-1-1; RIR 1,3,2026-03-10T21:27:18.553Z,"=IFERROR(INDEX(tbl_Lookup_Exercises[Category],MATCH(tbl_Exercises[[#This Row],[ExerciseName]],tbl_Lookup_Exercises[ExerciseName],0)),""Unknown"")"
E-20260310-0715,S-20260310-01,Single-Arm Neutral Grip Cable Pulldown,4,160.0,8.0,,,,3.0,1.0,1.0,1,,Tempo 3-1-1; RIR 1,3,2026-03-10T21:30:30.843Z,"=IFERROR(INDEX(tbl_Lookup_Exercises[Category],MATCH(tbl_Exercises[[#This Row],[ExerciseName]],tbl_Lookup_Exercises[ExerciseName],0)),""Unknown"")"
E-20260310-0716,S-20260310-01,Single-Arm Cable Row (Split Stance),1,80.0,10.0,,,,2.0,1.0,2.0,2,,Tempo 2-1-2; squeeze contraction; RIR 2,3,2026-03-10T21:34:33.994Z,"=IFERROR(INDEX(tbl_Lookup_Exercises[Category],MATCH(tbl_Exercises[[#This Row],[ExerciseName]],tbl_Lookup_Exercises[ExerciseName],0)),""Unknown"")"
E-20260310-0717,S-20260310-01,Single-Arm Cable Row (Split Stance),2,90.0,10.0,,,,2.0,1.0,2.0,2,,Tempo 2-1-2; squeeze contraction; RIR 2,3,2026-03-10T21:37:17.185Z,"=IFERROR(INDEX(tbl_Lookup_Exercises[Category],MATCH(tbl_Exercises[[#This Row],[ExerciseName]],tbl_Lookup_Exercises[ExerciseName],0)),""Unknown"")"
E-20260310-0718,S-20260310-01,Single-Arm Cable Row (Split Stance),3,100.0,8.0,,,,2.0,1.0,2.0,2,,Tempo 2-1-2; squeeze contraction; RIR 2,3,2026-03-10T21:40:02.068Z,"=IFERROR(INDEX(tbl_Lookup_Exercises[Category],MATCH(tbl_Exercises[[#This Row],[ExerciseName]],tbl_Lookup_Exercises[ExerciseName],0)),""Unknown"")"
E-20260310-0719,S-20260310-01,Rear Delt Cable Fly,1,30.0,12.0,,,,2.0,2.0,2.0,1-2,,15# per side; tempo 2-2-2; RIR 1-2; No d grip available. Held the cable,3,2026-03-10T21:42:54.701Z,"=IFERROR(INDEX(tbl_Lookup_Exercises[Category],MATCH(tbl_Exercises[[#This Row],[ExerciseName]],tbl_Lookup_Exercises[ExerciseName],0)),""Unknown"")"
E-20260310-0720,S-20260310-01,Rear Delt Cable Fly,2,40.0,12.0,,,,2.0,2.0,2.0,1-2,,20# per side; tempo 2-2-2; RIR 1-2; No d grip available. Held the cable,3,2026-03-10T21:45:03.168Z,"=IFERROR(INDEX(tbl_Lookup_Exercises[Category],MATCH(tbl_Exercises[[#This Row],[ExerciseName]],tbl_Lookup_Exercises[ExerciseName],0)),""Unknown"")"
E-20260310-0721,S-20260310-01,Rear Delt Cable Fly,3,50.0,10.0,,,,2.0,2.0,2.0,1-2,,25# per side; tempo 2-2-2; RIR 1-2; No d grip available. Held the cable,3,2026-03-10T21:47:30.334Z,"=IFERROR(INDEX(tbl_Lookup_Exercises[Category],MATCH(tbl_Exercises[[#This Row],[ExerciseName]],tbl_Lookup_Exercises[ExerciseName],0)),""Unknown"")"
E-20260310-0722,S-20260310-01,Incline DB Hammer Curl,1,25.0,10.0,,,,3.0,1.0,3.0,2,,Tempo 3-1-3; RIR 2 bench at 30deg,3,2026-03-10T21:51:44.046Z,"=IFERROR(INDEX(tbl_Lookup_Exercises[Category],MATCH(tbl_Exercises[[#This Row],[ExerciseName]],tbl_Lookup_Exercises[ExerciseName],0)),""Unknown"")"
E-20260310-0723,S-20260310-01,Incline DB Hammer Curl,2,25.0,10.0,,,,3.0,1.0,3.0,2,,Tempo 3-1-3; RIR 2 bench at 30deg,3,2026-03-10T21:54:32.350Z,"=IFERROR(INDEX(tbl_Lookup_Exercises[Category],MATCH(tbl_Exercises[[#This Row],[ExerciseName]],tbl_Lookup_Exercises[ExerciseName],0)),""Unknown"")"
E-20260310-0724,S-20260310-01,Incline DB Hammer Curl,3,25.0,9.0,,,,3.0,1.0,3.0,2,,Tempo 3-1-3; RIR 2 bench at 30deg,3,2026-03-10T22:00:03.452Z,"=IFERROR(INDEX(tbl_Lookup_Exercises[Category],MATCH(tbl_Exercises[[#This Row],[ExerciseName]],tbl_Lookup_Exercises[ExerciseName],0)),""Unknown"")"
E-20260310-0725,S-20260310-01,Farmer’s Hold,1,75.0,,54.0,,,,,,,,Fat grip handles at this gym,3,2026-03-10T22:04:24.719Z,"=IFERROR(INDEX(tbl_Lookup_Exercises[Category],MATCH(tbl_Exercises[[#This Row],[ExerciseName]],tbl_Lookup_Exercises[ExerciseName],0)),""Unknown"")"
E-20260310-0726,S-20260310-01,Farmer’s Hold,2,75.0,,60.0,,,,,,,,Fat grip handles at this gym,3,2026-03-10T22:07:56.012Z,"=IFERROR(INDEX(tbl_Lookup_Exercises[Category],MATCH(tbl_Exercises[[#This Row],[ExerciseName]],tbl_Lookup_Exercises[ExerciseName],0)),""Unknown"")"
E-20260310-0727,S-20260310-01,Dead Hang,1,0.0,,30.0,,,,,,,,.5 = 30 seconds. Grip was maxed after farmers. Good scapula reset though,3,2026-03-10T22:11:11.782Z,"=IFERROR(INDEX(tbl_Lookup_Exercises[Category],MATCH(tbl_Exercises[[#This Row],[ExerciseName]],tbl_Lookup_Exercises[ExerciseName],0)),""Unknown"")"
E-20260311-0728,S-20260311-01,Incline Dumbbell Curl (Supinated),1,25.0,12.0,,,,3.0,1.0,3.0,2,,Tempo 3-1-3; RIR 2,3,2026-03-11T19:59:29.526Z,"=IFERROR(INDEX(tbl_Lookup_Exercises[Category],MATCH(tbl_Exercises[[#This Row],[ExerciseName]],tbl_Lookup_Exercises[ExerciseName],0)),""Unknown"")"
E-20260311-0729,S-20260311-01,Incline Dumbbell Curl (Supinated),2,25.0,10.0,,,,3.0,1.0,3.0,2,,Tempo 3-1-3; RIR 2,3,2026-03-11T20:02:04.600Z,"=IFERROR(INDEX(tbl_Lookup_Exercises[Category],MATCH(tbl_Exercises[[#This Row],[ExerciseName]],tbl_Lookup_Exercises[ExerciseName],0)),""Unknown"")"
E-20260311-0730,S-20260311-01,Incline Dumbbell Curl (Supinated),3,25.0,8.0,,,,2.0,1.0,3.0,2,,Tempo 2-1-3; RIR 2,3,2026-03-11T20:06:29.035Z,"=IFERROR(INDEX(tbl_Lookup_Exercises[Category],MATCH(tbl_Exercises[[#This Row],[ExerciseName]],tbl_Lookup_Exercises[ExerciseName],0)),""Unknown"")"
E-20260311-0731,S-20260311-01,Rope Push-Downs,1,22.5,10.0,,,,2.0,1.0,3.0,2+,,Warmup; tempo 2-1-3; RIR 2+,3,2026-03-11T20:06:56.909Z,"=IFERROR(INDEX(tbl_Lookup_Exercises[Category],MATCH(tbl_Exercises[[#This Row],[ExerciseName]],tbl_Lookup_Exercises[ExerciseName],0)),""Unknown"")"
E-20260311-0732,S-20260311-01,Rope Push-Downs,2,40.0,12.0,,,,2.0,1.0,2.0,2+,, tempo 2-1-2; RIR 2+,3,2026-03-11T20:08:30.821Z,"=IFERROR(INDEX(tbl_Lookup_Exercises[Category],MATCH(tbl_Exercises[[#This Row],[ExerciseName]],tbl_Lookup_Exercises[ExerciseName],0)),""Unknown"")"
E-20260311-0733,S-20260311-01,Rope Push-Downs,3,45.0,12.0,,,,2.0,1.0,2.0,2,, tempo 2-1-2; RIR 2,3,2026-03-11T20:10:53.961Z,"=IFERROR(INDEX(tbl_Lookup_Exercises[Category],MATCH(tbl_Exercises[[#This Row],[ExerciseName]],tbl_Lookup_Exercises[ExerciseName],0)),""Unknown"")"
E-20260311-0734,S-20260311-01,Rope Push-Downs,4,50.0,9.0,,,,2.0,1.0,2.0,0-1,, tempo 2-1-2; RIR 0-1,3,2026-03-11T20:13:34.127Z,"=IFERROR(INDEX(tbl_Lookup_Exercises[Category],MATCH(tbl_Exercises[[#This Row],[ExerciseName]],tbl_Lookup_Exercises[ExerciseName],0)),""Unknown"")"
E-20260311-0735,S-20260311-01,DB Cross Body Curl (Hammer Grip),1,20.0,10.0,,,,2.0,1.0,2.0,2,,Tempo 2-1-2; RIR 2,3,2026-03-11T20:16:50.449Z,"=IFERROR(INDEX(tbl_Lookup_Exercises[Category],MATCH(tbl_Exercises[[#This Row],[ExerciseName]],tbl_Lookup_Exercises[ExerciseName],0)),""Unknown"")"
E-20260311-0736,S-20260311-01,DB Cross Body Curl (Hammer Grip),2,25.0,10.0,,,,2.0,1.0,2.0,1-2,,Tempo 2-1-2; RIR 1-2,3,2026-03-11T20:20:00.426Z,"=IFERROR(INDEX(tbl_Lookup_Exercises[Category],MATCH(tbl_Exercises[[#This Row],[ExerciseName]],tbl_Lookup_Exercises[ExerciseName],0)),""Unknown"")"
E-20260311-0737,S-20260311-01,DB Cross Body Curl (Hammer Grip),3,30.0,10.0,,,,2.0,1.0,2.0,1,,Tempo 2-1-2; RIR 1,3,2026-03-11T20:23:21.280Z,"=IFERROR(INDEX(tbl_Lookup_Exercises[Category],MATCH(tbl_Exercises[[#This Row],[ExerciseName]],tbl_Lookup_Exercises[ExerciseName],0)),""Unknown"")"
E-20260311-0738,S-20260311-01,Single Arm Cable Extensions,1,15.0,10.0,,,,3.0,1.0,2.0,2+,,Tempo 3-1-2; RIR 2+,3,2026-03-11T20:26:44.853Z,"=IFERROR(INDEX(tbl_Lookup_Exercises[Category],MATCH(tbl_Exercises[[#This Row],[ExerciseName]],tbl_Lookup_Exercises[ExerciseName],0)),""Unknown"")"
E-20260311-0739,S-20260311-01,Single Arm Cable Extensions,2,17.5,10.0,,,,3.0,1.0,2.0,2,,Tempo 3-1-2; RIR 2,3,2026-03-11T20:29:45.900Z,"=IFERROR(INDEX(tbl_Lookup_Exercises[Category],MATCH(tbl_Exercises[[#This Row],[ExerciseName]],tbl_Lookup_Exercises[ExerciseName],0)),""Unknown"")"
E-20260311-0740,S-20260311-01,Single Arm Cable Extensions,3,20.0,10.0,,,,3.0,1.0,2.0,1,,Tempo 3-1-2; RIR 1,3,2026-03-11T20:33:20.247Z,"=IFERROR(INDEX(tbl_Lookup_Exercises[Category],MATCH(tbl_Exercises[[#This Row],[ExerciseName]],tbl_Lookup_Exercises[ExerciseName],0)),""Unknown"")"
E-20260311-0741,S-20260311-01,Face Pull,1,40.0,12.0,,,,2.0,2.0,2.0,2,,Tempo 2-2-2; RIR 2,3,2026-03-11T20:36:38.264Z,"=IFERROR(INDEX(tbl_Lookup_Exercises[Category],MATCH(tbl_Exercises[[#This Row],[ExerciseName]],tbl_Lookup_Exercises[ExerciseName],0)),""Unknown"")"
E-20260311-0742,S-20260311-01,Face Pull,2,50.0,12.0,,,,2.0,2.0,2.0,1-2,,Tempo 2-2-2; RIR 1-2,3,2026-03-11T20:38:42.026Z,"=IFERROR(INDEX(tbl_Lookup_Exercises[Category],MATCH(tbl_Exercises[[#This Row],[ExerciseName]],tbl_Lookup_Exercises[ExerciseName],0)),""Unknown"")"
E-20260311-0743,S-20260311-01,Face Pull,3,50.0,12.0,,,,2.0,2.0,2.0,1-2,,Tempo 2-2-2; RIR 1-2,3,2026-03-11T20:41:02.186Z,"=IFERROR(INDEX(tbl_Lookup_Exercises[Category],MATCH(tbl_Exercises[[#This Row],[ExerciseName]],tbl_Lookup_Exercises[ExerciseName],0)),""Unknown"")"
E-20260311-0744,S-20260311-01,Suitcase Carries,1,65.0,,60.0,,,,,,,,"1 min left and right; 2.5mph, 0 incline ",3,2026-03-11T20:50:07.594Z,"=IFERROR(INDEX(tbl_Lookup_Exercises[Category],MATCH(tbl_Exercises[[#This Row],[ExerciseName]],tbl_Lookup_Exercises[ExerciseName],0)),""Unknown"")"
E-20260311-0745,S-20260311-01,Suitcase Carries,2,65.0,,60.0,,,,,,,,"1 min left and right; 2.5mph, 0 incline ",3,2026-03-11T20:50:08.950Z,"=IFERROR(INDEX(tbl_Lookup_Exercises[Category],MATCH(tbl_Exercises[[#This Row],[ExerciseName]],tbl_Lookup_Exercises[ExerciseName],0)),""Unknown"")"
E-20260311-0746,S-20260311-01,Suitcase Carries,3,65.0,,60.0,,,,,,,,"1 min left and right; starting trying to roll to fingers around 50-52 seconds but fought it; fat grip dbs today too; 2.5mph, 0 incline ",3,2026-03-11T20:53:30.414Z,"=IFERROR(INDEX(tbl_Lookup_Exercises[Category],MATCH(tbl_Exercises[[#This Row],[ExerciseName]],tbl_Lookup_Exercises[ExerciseName],0)),""Unknown"")"
E-20260311-0747,S-20260311-01,Farmer’s Hold,1,150.0,,60.0,,,,,,,,2 75# dbs; fat grip dbs;,3,2026-03-11T21:03:29.927Z,"=IFERROR(INDEX(tbl_Lookup_Exercises[Category],MATCH(tbl_Exercises[[#This Row],[ExerciseName]],tbl_Lookup_Exercises[ExerciseName],0)),""Unknown"")"
E-20260311-0748,S-20260311-01,Farmer’s Hold,2,150.0,,60.0,,,,,,,,2 75# dbs; fat grip dbs; tough! Finger roll right at 1 minute. ,3,2026-03-11T21:03:46.604Z,"=IFERROR(INDEX(tbl_Lookup_Exercises[Category],MATCH(tbl_Exercises[[#This Row],[ExerciseName]],tbl_Lookup_Exercises[ExerciseName],0)),""Unknown"")"
E-20260311-0749,S-20260311-01,Dead Hang,1,0.0,,30.0,,,,,,,,Body weight,3,2026-03-11T21:05:41.095Z,"=IFERROR(INDEX(tbl_Lookup_Exercises[Category],MATCH(tbl_Exercises[[#This Row],[ExerciseName]],tbl_Lookup_Exercises[ExerciseName],0)),""Unknown"")"
E-20260318-0750,S-20260318-01,Rowing,1,,,300.0,0.79,mi,,,,,,Warmup ,4,2026-03-18T19:27:13.970Z,"=IFERROR(INDEX(tbl_Lookup_Exercises[Category],MATCH(tbl_Exercises[[#This Row],[ExerciseName]],tbl_Lookup_Exercises[ExerciseName],0)),""Unknown"")"
E-20260318-0751,S-20260318-01,Suitcase Carries,1,70.0,,60.0,,,,,,,,"2.5mph, 0 incline ",4,2026-03-18T19:36:41.112Z,"=IFERROR(INDEX(tbl_Lookup_Exercises[Category],MATCH(tbl_Exercises[[#This Row],[ExerciseName]],tbl_Lookup_Exercises[ExerciseName],0)),""Unknown"")"
E-20260318-0752,S-20260318-01,Suitcase Carries,2,70.0,,60.0,,,,,,,,"2.5mph, 0 incline ",4,2026-03-18T19:39:43.494Z,"=IFERROR(INDEX(tbl_Lookup_Exercises[Category],MATCH(tbl_Exercises[[#This Row],[ExerciseName]],tbl_Lookup_Exercises[ExerciseName],0)),""Unknown"")"
E-20260318-0753,S-20260318-01,Suitcase Carries,3,70.0,,60.0,,,,,,,,"2.5mph, 0 incline; felt good all sets. Right felt a little fatigued around 55-60 but did not finger roll",4,2026-03-18T19:43:58.828Z,"=IFERROR(INDEX(tbl_Lookup_Exercises[Category],MATCH(tbl_Exercises[[#This Row],[ExerciseName]],tbl_Lookup_Exercises[ExerciseName],0)),""Unknown"")"
E-20260318-0754,S-20260318-01,Dumbbell Romanian Deadlift,1,130.0,8.0,,,,3.0,1.0,1.0,2,,Tempo 3-1-1; RIR 2; no 67.5 dbs,4,2026-03-18T19:46:28.630Z,"=IFERROR(INDEX(tbl_Lookup_Exercises[Category],MATCH(tbl_Exercises[[#This Row],[ExerciseName]],tbl_Lookup_Exercises[ExerciseName],0)),""Unknown"")"
E-20260318-0755,S-20260318-01,Dumbbell Romanian Deadlift,2,130.0,8.0,,,,3.0,1.0,1.0,2,,Tempo 3-1-1; RIR 2; no 67.5 dbs,4,2026-03-18T19:48:54.945Z,"=IFERROR(INDEX(tbl_Lookup_Exercises[Category],MATCH(tbl_Exercises[[#This Row],[ExerciseName]],tbl_Lookup_Exercises[ExerciseName],0)),""Unknown"")"
E-20260318-0756,S-20260318-01,Dumbbell Romanian Deadlift,3,140.0,6.0,,,,3.0,1.0,1.0,1-2,,"70# dbs; Tempo 3-1-1; RIR 1-2; slight right finger roll at 6 so stopped but had fuel in the tank for glutes/hamstrings, no 67.5 dbs",4,2026-03-18T19:52:06.841Z,"=IFERROR(INDEX(tbl_Lookup_Exercises[Category],MATCH(tbl_Exercises[[#This Row],[ExerciseName]],tbl_Lookup_Exercises[ExerciseName],0)),""Unknown"")"
E-20260318-0757,S-20260318-01,Dumbbell Romanian Deadlift,4,140.0,8.0,,,,3.0,1.0,1.0,1-2,,"70# dbs; Tempo 3-1-1; RIR 1-2; slight right finger roll at 6 so stopped but had fuel in the tank for glutes/hamstrings, no 67.5 dbs",4,2026-03-18T19:54:41.632Z,"=IFERROR(INDEX(tbl_Lookup_Exercises[Category],MATCH(tbl_Exercises[[#This Row],[ExerciseName]],tbl_Lookup_Exercises[ExerciseName],0)),""Unknown"")"
E-20260318-0758,S-20260318-01,Chest Supported DB Row (Spider),1,60.0,11.0,,,,,,,2,,2-1-2; 1 second squeeze; grip started to fail on right at 10-11; RIR 2 (but zero for grip),4,2026-03-18T19:58:59.822Z,"=IFERROR(INDEX(tbl_Lookup_Exercises[Category],MATCH(tbl_Exercises[[#This Row],[ExerciseName]],tbl_Lookup_Exercises[ExerciseName],0)),""Unknown"")"
E-20260318-0759,S-20260318-01,Chest Supported DB Row (Spider),2,60.0,10.0,,,,,,,2,,2-1-2; 1 second squeeze; grip started to fail on right at 9-10; RIR 2 (but zero for grip),4,2026-03-18T20:01:34.483Z,"=IFERROR(INDEX(tbl_Lookup_Exercises[Category],MATCH(tbl_Exercises[[#This Row],[ExerciseName]],tbl_Lookup_Exercises[ExerciseName],0)),""Unknown"")"
E-20260318-0760,S-20260318-01,Chest Supported DB Row (Spider),3,60.0,8.0,,,,,,,2,,2-1-2; 1 second squeeze; grip started to fail on right at 9-10; RIR 2 (but zero for grip),4,2026-03-18T20:04:26.372Z,"=IFERROR(INDEX(tbl_Lookup_Exercises[Category],MATCH(tbl_Exercises[[#This Row],[ExerciseName]],tbl_Lookup_Exercises[ExerciseName],0)),""Unknown"")"
E-20260318-0761,S-20260318-01,Chest Supported DB Row (Spider),4,60.0,8.0,,,,,,,2,,2-1-2; 1 second squeeze; grip started to fail on right at 9-10; RIR 2 (but zero for grip),4,2026-03-18T20:14:26.359Z,"=IFERROR(INDEX(tbl_Lookup_Exercises[Category],MATCH(tbl_Exercises[[#This Row],[ExerciseName]],tbl_Lookup_Exercises[ExerciseName],0)),""Unknown"")"
E-20260318-0762,S-20260318-01,Face Pull,1,20.0,20.0,,,,2.0,2.0,2.0,2,,Adjustable cable weight stack (20# plate); tempo 2-2-2; RIR 2,4,2026-03-18T20:28:51.525Z,"=IFERROR(INDEX(tbl_Lookup_Exercises[Category],MATCH(tbl_Exercises[[#This Row],[ExerciseName]],tbl_Lookup_Exercises[ExerciseName],0)),""Unknown"")"
E-20260318-0763,S-20260318-01,Face Pull,2,25.0,20.0,,,,2.0,2.0,2.0,2,,Adjustable cable weight stack (25# plate); tempo 2-2-2; RIR 2,4,2026-03-18T20:31:41.361Z,"=IFERROR(INDEX(tbl_Lookup_Exercises[Category],MATCH(tbl_Exercises[[#This Row],[ExerciseName]],tbl_Lookup_Exercises[ExerciseName],0)),""Unknown"")"
E-20260318-0764,S-20260318-01,Face Pull,3,30.0,20.0,,,,2.0,2.0,2.0,2,,Adjustable cable weight stack (30# plate); tempo 2-2-2; RIR 2,4,2026-03-18T20:35:19.075Z,"=IFERROR(INDEX(tbl_Lookup_Exercises[Category],MATCH(tbl_Exercises[[#This Row],[ExerciseName]],tbl_Lookup_Exercises[ExerciseName],0)),""Unknown"")"
E-20260318-0765,S-20260318-01,Incline Dumbbell Curl (Supinated),1,30.0,11.0,,,,3.0,1.0,1.0,1-2,,Bench at 3 (~15 degrees); tempo 3-1-1; RIR 1-2,4,2026-03-18T20:40:32.029Z,"=IFERROR(INDEX(tbl_Lookup_Exercises[Category],MATCH(tbl_Exercises[[#This Row],[ExerciseName]],tbl_Lookup_Exercises[ExerciseName],0)),""Unknown"")"
E-20260318-0766,S-20260318-01,Incline Dumbbell Curl (Supinated),2,30.0,9.0,,,,3.0,1.0,1.0,1,,Bench at 3 (~15 degrees); tempo 3-1-1; RIR 1,4,2026-03-18T20:43:05.422Z,"=IFERROR(INDEX(tbl_Lookup_Exercises[Category],MATCH(tbl_Exercises[[#This Row],[ExerciseName]],tbl_Lookup_Exercises[ExerciseName],0)),""Unknown"")"
E-20260318-0767,S-20260318-01,Incline Dumbbell Curl (Supinated),3,30.0,7.0,,,,3.0,1.0,1.0,1,,Little right capsule awareness on last set; Bench at 3 (~15 degrees); tempo 3-1-1; RIR 1,4,2026-03-18T20:47:11.435Z,"=IFERROR(INDEX(tbl_Lookup_Exercises[Category],MATCH(tbl_Exercises[[#This Row],[ExerciseName]],tbl_Lookup_Exercises[ExerciseName],0)),""Unknown"")"
E-20260319-0768,S-20260319-01,Rowing,1,,,300.0,0.82,mi,,,,,,Warmup,4,2026-03-19T20:37:04.805Z,"=IFERROR(INDEX(tbl_Lookup_Exercises[Category],MATCH(tbl_Exercises[[#This Row],[ExerciseName]],tbl_Lookup_Exercises[ExerciseName],0)),""Unknown"")"
E-20260319-0769,S-20260319-01,Smith Machine Bench Press,1,115.0,8.0,,,,3.0,1.0,1.0,2+,,"Tempo 3-1-1, RIR 2+",4,2026-03-19T20:46:36.534Z,"=IFERROR(INDEX(tbl_Lookup_Exercises[Category],MATCH(tbl_Exercises[[#This Row],[ExerciseName]],tbl_Lookup_Exercises[ExerciseName],0)),""Unknown"")"
E-20260319-0770,S-20260319-01,Smith Machine Bench Press,2,125.0,8.0,,,,3.0,1.0,1.0,2,,"Tempo 3-1-1, RIR 2",4,2026-03-19T20:49:05.046Z,"=IFERROR(INDEX(tbl_Lookup_Exercises[Category],MATCH(tbl_Exercises[[#This Row],[ExerciseName]],tbl_Lookup_Exercises[ExerciseName],0)),""Unknown"")"
E-20260319-0771,S-20260319-01,Smith Machine Bench Press,3,125.0,7.0,,,,3.0,1.0,1.0,1-2,,"Tempo 3-1-1, RIR 1-2",4,2026-03-19T20:51:39.365Z,"=IFERROR(INDEX(tbl_Lookup_Exercises[Category],MATCH(tbl_Exercises[[#This Row],[ExerciseName]],tbl_Lookup_Exercises[ExerciseName],0)),""Unknown"")"
E-20260319-0772,S-20260319-01,Single Arm Cable Press,1,20.0,10.0,,,,2.0,2.0,2.0,2,,"Tempo 2-2-2; RIR 2; left did 10 clean before slight trap involved, right did 12 with ease",4,2026-03-19T20:58:43.887Z,"=IFERROR(INDEX(tbl_Lookup_Exercises[Category],MATCH(tbl_Exercises[[#This Row],[ExerciseName]],tbl_Lookup_Exercises[ExerciseName],0)),""Unknown"")"
E-20260319-0773,S-20260319-01,Single Arm Cable Press,2,20.0,12.0,,,,2.0,2.0,2.0,2,,"Tempo 2-2-2; RIR 2; left did 10 clean before slight trap involved, right did 12 with ease",4,2026-03-19T21:01:41.095Z,"=IFERROR(INDEX(tbl_Lookup_Exercises[Category],MATCH(tbl_Exercises[[#This Row],[ExerciseName]],tbl_Lookup_Exercises[ExerciseName],0)),""Unknown"")"
E-20260319-0774,S-20260319-01,Single Arm Cable Press,3,20.0,12.0,,,,2.0,2.0,2.0,2,,Tempo 2-2-2; RIR 2;,4,2026-03-19T21:05:17.726Z,"=IFERROR(INDEX(tbl_Lookup_Exercises[Category],MATCH(tbl_Exercises[[#This Row],[ExerciseName]],tbl_Lookup_Exercises[ExerciseName],0)),""Unknown"")"
E-20260319-0775,S-20260319-01,Rope Push-Downs,1,42.5,12.0,,,,2.0,1.0,2.0,1-2,,Tempo 2-1-2; RIR 1-2,4,2026-03-19T21:07:43.249Z,"=IFERROR(INDEX(tbl_Lookup_Exercises[Category],MATCH(tbl_Exercises[[#This Row],[ExerciseName]],tbl_Lookup_Exercises[ExerciseName],0)),""Unknown"")"
E-20260319-0776,S-20260319-01,Rope Push-Downs,2,45.0,11.0,,,,2.0,1.0,2.0,1,,Tempo 2-1-2; RIR 1,4,2026-03-19T21:10:00.891Z,"=IFERROR(INDEX(tbl_Lookup_Exercises[Category],MATCH(tbl_Exercises[[#This Row],[ExerciseName]],tbl_Lookup_Exercises[ExerciseName],0)),""Unknown"")"
E-20260319-0777,S-20260319-01,Rope Push-Downs,3,50.0,8.0,,,,2.0,1.0,2.0,1,,Tempo 2-1-2; RIR 1; stopped once shoulder roll began,4,2026-03-19T21:11:58.767Z,"=IFERROR(INDEX(tbl_Lookup_Exercises[Category],MATCH(tbl_Exercises[[#This Row],[ExerciseName]],tbl_Lookup_Exercises[ExerciseName],0)),""Unknown"")"
E-20260319-0778,S-20260319-01,Rope Push-Downs,4,50.0,8.0,,,,2.0,1.0,2.0,1,,Tempo 2-1-2; RIR 1; stopped once shoulder roll began,4,2026-03-19T21:14:37.395Z,"=IFERROR(INDEX(tbl_Lookup_Exercises[Category],MATCH(tbl_Exercises[[#This Row],[ExerciseName]],tbl_Lookup_Exercises[ExerciseName],0)),""Unknown"")"
E-20260319-0779,S-20260319-01,Single-Arm Overhead Cable Extension,1,10.0,10.0,,,,3.0,1.0,2.0,2,,Tempo 3-1-2; RIR 2;,4,2026-03-19T21:18:12.463Z,"=IFERROR(INDEX(tbl_Lookup_Exercises[Category],MATCH(tbl_Exercises[[#This Row],[ExerciseName]],tbl_Lookup_Exercises[ExerciseName],0)),""Unknown"")"
E-20260319-0780,S-20260319-01,Single-Arm Overhead Cable Extension,2,12.5,11.0,,,,3.0,1.0,2.0,1-2,,Tempo 3-1-2; RIR 1-2; tap assist 9-11,4,2026-03-19T21:21:33.926Z,"=IFERROR(INDEX(tbl_Lookup_Exercises[Category],MATCH(tbl_Exercises[[#This Row],[ExerciseName]],tbl_Lookup_Exercises[ExerciseName],0)),""Unknown"")"
E-20260319-0781,S-20260319-01,Single-Arm Overhead Cable Extension,3,12.5,10.0,,,,3.0,1.0,2.0,1-2,,Tempo 3-1-2; RIR 1-2; tap assist 8-10,4,2026-03-19T21:27:38.851Z,"=IFERROR(INDEX(tbl_Lookup_Exercises[Category],MATCH(tbl_Exercises[[#This Row],[ExerciseName]],tbl_Lookup_Exercises[ExerciseName],0)),""Unknown"")"
E-20260319-0782,S-20260319-01,Dumbbell Lateral Raise,1,6.0,15.0,,,,2.0,1.0,2.0,2,,Tempo 2-1-2; RIR 2,4,2026-03-19T21:30:26.198Z,"=IFERROR(INDEX(tbl_Lookup_Exercises[Category],MATCH(tbl_Exercises[[#This Row],[ExerciseName]],tbl_Lookup_Exercises[ExerciseName],0)),""Unknown"")"
E-20260319-0783,S-20260319-01,Dumbbell Lateral Raise,2,10.0,10.0,,,,2.0,1.0,2.0,1-2,,Tempo 2-1-2; RIR 1-2; no 4# dbs exist at my gym. Jumped to 5#,4,2026-03-19T21:33:05.911Z,"=IFERROR(INDEX(tbl_Lookup_Exercises[Category],MATCH(tbl_Exercises[[#This Row],[ExerciseName]],tbl_Lookup_Exercises[ExerciseName],0)),""Unknown"")"
E-20260319-0784,S-20260319-01,Dumbbell Lateral Raise,3,10.0,12.0,,,,2.0,1.0,2.0,1,,Tempo 2-1-2; RIR 1; no 4# dbs exist at my gym. Jumped to 5#,4,2026-03-19T21:36:03.160Z,"=IFERROR(INDEX(tbl_Lookup_Exercises[Category],MATCH(tbl_Exercises[[#This Row],[ExerciseName]],tbl_Lookup_Exercises[ExerciseName],0)),""Unknown"")"
E-20260319-0785,S-20260319-01,Rowing,2,,,460.0,1.48,mi,,,,,,2007m,4,2026-03-19T21:48:36.229Z,"=IFERROR(INDEX(tbl_Lookup_Exercises[Category],MATCH(tbl_Exercises[[#This Row],[ExerciseName]],tbl_Lookup_Exercises[ExerciseName],0)),""Unknown"")"
E-20260319-0786,S-20260319-01,Smith Machine Bench Press,4,125.0,7.0,,,,,,,,,,4,2026-03-20T02:02:53.932Z,"=IFERROR(INDEX(tbl_Lookup_Exercises[Category],MATCH(tbl_Exercises[[#This Row],[ExerciseName]],tbl_Lookup_Exercises[ExerciseName],0)),""Unknown"")"
E-20260320-0787,S-20260320-01,Rowing,1,,,300.0,0.75,mi,,,,,,"Warmup, 1250m,",4,2026-03-20T19:48:48.982Z,"=IFERROR(INDEX(tbl_Lookup_Exercises[Category],MATCH(tbl_Exercises[[#This Row],[ExerciseName]],tbl_Lookup_Exercises[ExerciseName],0)),""Unknown"")"
E-20260320-0788,S-20260320-01,Chest Supported DB Row (Spider),1,70.0,10.0,,,,2.0,1.0,2.0,2,,Tempo 2-1-2; RIR 2; 1 sec squeeze each rep,4,2026-03-20T19:57:32.466Z,"=IFERROR(INDEX(tbl_Lookup_Exercises[Category],MATCH(tbl_Exercises[[#This Row],[ExerciseName]],tbl_Lookup_Exercises[ExerciseName],0)),""Unknown"")"
E-20260320-0789,S-20260320-01,Chest Supported DB Row (Spider),2,75.0,9.0,,,,2.0,1.0,1.0,1,,Tempo 2-1-1; still got a decent 1 sec squeeze but the jump to 75# is feeling tough; RIR 1,4,2026-03-20T20:00:50.199Z,"=IFERROR(INDEX(tbl_Lookup_Exercises[Category],MATCH(tbl_Exercises[[#This Row],[ExerciseName]],tbl_Lookup_Exercises[ExerciseName],0)),""Unknown"")"
E-20260320-0790,S-20260320-01,Chest Supported DB Row (Spider),3,75.0,8.0,,,,2.0,1.0,1.0,1,,Tempo 2-1-1; still got a decent 1 sec squeeze but the jump to 75# is feeling tough; RIR 1,4,2026-03-20T20:02:43.319Z,"=IFERROR(INDEX(tbl_Lookup_Exercises[Category],MATCH(tbl_Exercises[[#This Row],[ExerciseName]],tbl_Lookup_Exercises[ExerciseName],0)),""Unknown"")"
E-20260320-0791,S-20260320-01,Chest Supported DB Row (Spider),4,75.0,6.0,,,,2.0,1.0,1.0,0-1,,Tempo 2-1-1; tempo got a little sloppy; still got a decent 1 sec squeeze but the jump to 75# is feeling tough; RIR 0-1,4,2026-03-20T20:06:16.467Z,"=IFERROR(INDEX(tbl_Lookup_Exercises[Category],MATCH(tbl_Exercises[[#This Row],[ExerciseName]],tbl_Lookup_Exercises[ExerciseName],0)),""Unknown"")"
E-20260320-0792,S-20260320-01,Single-Arm Neutral Grip Cable Pulldown,1,145.0,10.0,,,,2.0,1.0,2.0,1-2,,Tempo 2-1-2; long hold/squeeze; RIR 1-2; using high cable single stack at 70 + 2.5,4,2026-03-20T20:10:41.514Z,"=IFERROR(INDEX(tbl_Lookup_Exercises[Category],MATCH(tbl_Exercises[[#This Row],[ExerciseName]],tbl_Lookup_Exercises[ExerciseName],0)),""Unknown"")"
E-20260320-0793,S-20260320-01,Single-Arm Neutral Grip Cable Pulldown,2,150.0,10.0,,,,2.0,1.0,2.0,1-2,,Tempo 2-1-2; long hold/squeeze; RIR 1-2; using high cable single stack at 70 + 2.5,4,2026-03-20T20:12:56.153Z,"=IFERROR(INDEX(tbl_Lookup_Exercises[Category],MATCH(tbl_Exercises[[#This Row],[ExerciseName]],tbl_Lookup_Exercises[ExerciseName],0)),""Unknown"")"
E-20260320-0794,S-20260320-01,Single-Arm Neutral Grip Cable Pulldown,3,155.0,8.0,,,,2.0,1.0,2.0,0-1,,Tempo 2-1-2; long hold/squeeze; RIR 0-1; using high cable single stack at 70 + 2.5,4,2026-03-20T20:15:55.259Z,"=IFERROR(INDEX(tbl_Lookup_Exercises[Category],MATCH(tbl_Exercises[[#This Row],[ExerciseName]],tbl_Lookup_Exercises[ExerciseName],0)),""Unknown"")"
E-20260320-0795,S-20260320-01,Seat Cable Row (V / Narrow Neutral Grip),1,120.0,10.0,,,,3.0,2.0,2.0,2,,Dual Pulley Row was the only setup available. I was on the 42.5 plate. Felt like 120ish; tempo 3-2-2; RIR 2,4,2026-03-20T20:20:03.560Z,"=IFERROR(INDEX(tbl_Lookup_Exercises[Category],MATCH(tbl_Exercises[[#This Row],[ExerciseName]],tbl_Lookup_Exercises[ExerciseName],0)),""Unknown"")"
E-20260320-0796,S-20260320-01,Seat Cable Row (V / Narrow Neutral Grip),2,130.0,10.0,,,,3.0,2.0,2.0,1-2,,Tempo 3-2-2; RIR 1-2; 50# plate on dual pulley machine stack,4,2026-03-20T20:23:01.980Z,"=IFERROR(INDEX(tbl_Lookup_Exercises[Category],MATCH(tbl_Exercises[[#This Row],[ExerciseName]],tbl_Lookup_Exercises[ExerciseName],0)),""Unknown"")"
E-20260320-0797,S-20260320-01,Seat Cable Row (V / Narrow Neutral Grip),3,140.0,9.0,,,,3.0,2.0,1.0,1-2,,Tempo 3-2-1; RIR 1-2; 60# plate on dual pulley machine stack,4,2026-03-20T20:25:38.642Z,"=IFERROR(INDEX(tbl_Lookup_Exercises[Category],MATCH(tbl_Exercises[[#This Row],[ExerciseName]],tbl_Lookup_Exercises[ExerciseName],0)),""Unknown"")"
E-20260320-0798,S-20260320-01,Rear Delt Cable Fly,1,5.0,15.0,,,,2.0,2.0,2.0,2,,Tempo 2-2-2; RIR 2; single arm as the adjustable cable pulley was the only available ,4,2026-03-20T20:33:09.656Z,"=IFERROR(INDEX(tbl_Lookup_Exercises[Category],MATCH(tbl_Exercises[[#This Row],[ExerciseName]],tbl_Lookup_Exercises[ExerciseName],0)),""Unknown"")"
E-20260320-0799,S-20260320-01,Rear Delt Cable Fly,2,5.0,15.0,,,,2.0,2.0,2.0,2,,Noticed my left trap was engaging around rep 11. I self corrected. Tempo 2-2-2; RIR 2; single arm as the adjustable cable pulley was the only available ,4,2026-03-20T20:37:02.773Z,"=IFERROR(INDEX(tbl_Lookup_Exercises[Category],MATCH(tbl_Exercises[[#This Row],[ExerciseName]],tbl_Lookup_Exercises[ExerciseName],0)),""Unknown"")"
E-20260320-0800,S-20260320-01,Rear Delt Cable Fly,3,5.0,15.0,,,,2.0,2.0,2.0,2,,Noticed my left trap was engaging around rep 11. I self corrected. Tempo 2-2-2; RIR 2; single arm as the adjustable cable pulley was the only available ,4,2026-03-20T20:41:19.371Z,"=IFERROR(INDEX(tbl_Lookup_Exercises[Category],MATCH(tbl_Exercises[[#This Row],[ExerciseName]],tbl_Lookup_Exercises[ExerciseName],0)),""Unknown"")"
E-20260320-0801,S-20260320-01,Suitcase Carries,1,65.0,,60.0,,,,,,,,"2.5 mph, 0 incline ",4,2026-03-20T20:46:57.607Z,"=IFERROR(INDEX(tbl_Lookup_Exercises[Category],MATCH(tbl_Exercises[[#This Row],[ExerciseName]],tbl_Lookup_Exercises[ExerciseName],0)),""Unknown"")"
E-20260320-0802,S-20260320-01,Suitcase Carries,2,65.0,,60.0,,,,,,,,"2.5 mph, 0 incline; made it to 59 seconds on right. Rolled to fingers ",4,2026-03-20T20:49:07.794Z,"=IFERROR(INDEX(tbl_Lookup_Exercises[Category],MATCH(tbl_Exercises[[#This Row],[ExerciseName]],tbl_Lookup_Exercises[ExerciseName],0)),""Unknown"")"
E-20260320-0803,S-20260320-01,Incline Dumbbell Curl (Supinated),1,25.0,10.0,,,,3.0,1.0,2.0,2,,Tempo 3-1-2; RIR 2; bench at 3,4,2026-03-20T20:53:52.058Z,"=IFERROR(INDEX(tbl_Lookup_Exercises[Category],MATCH(tbl_Exercises[[#This Row],[ExerciseName]],tbl_Lookup_Exercises[ExerciseName],0)),""Unknown"")"
E-20260320-0804,S-20260320-01,Incline Dumbbell Curl (Supinated),2,25.0,7.0,,,,3.0,1.0,2.0,2,,Tempo 3-1-2; RIR 2; bench at 3,4,2026-03-20T20:57:00.707Z,"=IFERROR(INDEX(tbl_Lookup_Exercises[Category],MATCH(tbl_Exercises[[#This Row],[ExerciseName]],tbl_Lookup_Exercises[ExerciseName],0)),""Unknown"")"
E-20260320-0805,S-20260320-01,Rowing,2,,,470.0,1.24,mi,,,,,,116 strokes ,4,2026-03-20T22:05:23.339Z,"=IFERROR(INDEX(tbl_Lookup_Exercises[Category],MATCH(tbl_Exercises[[#This Row],[ExerciseName]],tbl_Lookup_Exercises[ExerciseName],0)),""Unknown"")"
E-20260321-0806,S-20260321-01,Rowing,1,,,300.0,0.82,mi,,,,,,,4,2026-03-21T16:22:08.730Z,"=IFERROR(INDEX(tbl_Lookup_Exercises[Category],MATCH(tbl_Exercises[[#This Row],[ExerciseName]],tbl_Lookup_Exercises[ExerciseName],0)),""Unknown"")"
E-20260321-0807,S-20260321-01,Incline Dumbbell Curl (Supinated),1,25.0,12.0,,,,3.0,1.0,2.0,2,,Tempo 3-1-2; RIR 2; moving up to 30# per your instruction; bench incline set at 3,4,2026-03-21T16:32:07.945Z,"=IFERROR(INDEX(tbl_Lookup_Exercises[Category],MATCH(tbl_Exercises[[#This Row],[ExerciseName]],tbl_Lookup_Exercises[ExerciseName],0)),""Unknown"")"
E-20260321-0808,S-20260321-01,Incline Dumbbell Curl (Supinated),2,30.0,9.0,,,,3.0,1.0,2.0,1-2,,Tempo 3-1-2; RIR 1-2; ,4,2026-03-21T16:34:39.576Z,"=IFERROR(INDEX(tbl_Lookup_Exercises[Category],MATCH(tbl_Exercises[[#This Row],[ExerciseName]],tbl_Lookup_Exercises[ExerciseName],0)),""Unknown"")"
E-20260321-0809,S-20260321-01,Incline Dumbbell Curl (Supinated),3,30.0,7.0,,,,3.0,1.0,2.0,1-2,,Tempo 3-1-2; RIR 1-2; ,4,2026-03-21T16:37:27.246Z,"=IFERROR(INDEX(tbl_Lookup_Exercises[Category],MATCH(tbl_Exercises[[#This Row],[ExerciseName]],tbl_Lookup_Exercises[ExerciseName],0)),""Unknown"")"
E-20260321-0810,S-20260321-01,Incline Dumbbell Curl (Supinated),4,30.0,6.0,,,,3.0,1.0,2.0,1-2,,Tempo 3-1-2; RIR 1-2; ,4,2026-03-21T16:39:46.976Z,"=IFERROR(INDEX(tbl_Lookup_Exercises[Category],MATCH(tbl_Exercises[[#This Row],[ExerciseName]],tbl_Lookup_Exercises[ExerciseName],0)),""Unknown"")"
E-20260321-0811,S-20260321-01,DB Spider Curl (Hammer),1,35.0,15.0,,,,2.0,1.0,1.0,1-2,,Bench at 3; tempo 2-1-1; RIR 1-2; switched to alternating left/right at 8th rep,4,2026-03-21T16:42:58.834Z,"=IFERROR(INDEX(tbl_Lookup_Exercises[Category],MATCH(tbl_Exercises[[#This Row],[ExerciseName]],tbl_Lookup_Exercises[ExerciseName],0)),""Unknown"")"
E-20260321-0812,S-20260321-01,DB Spider Curl (Hammer),2,35.0,14.0,,,,2.0,1.0,1.0,1-2,,Bench at 3; tempo 2-1-1; RIR 1-2; alternating left/right,4,2026-03-21T16:45:43.358Z,"=IFERROR(INDEX(tbl_Lookup_Exercises[Category],MATCH(tbl_Exercises[[#This Row],[ExerciseName]],tbl_Lookup_Exercises[ExerciseName],0)),""Unknown"")"
E-20260321-0813,S-20260321-01,DB Spider Curl (Hammer),3,35.0,14.0,,,,2.0,1.0,1.0,1-2,,Bench at 3; tempo 2-1-1; RIR 1-2; alternating left/right,4,2026-03-21T16:49:25.908Z,"=IFERROR(INDEX(tbl_Lookup_Exercises[Category],MATCH(tbl_Exercises[[#This Row],[ExerciseName]],tbl_Lookup_Exercises[ExerciseName],0)),""Unknown"")"
E-20260321-0814,S-20260321-01,Rope Push-Downs,1,45.0,12.0,,,,2.0,1.0,2.0,2,,Tempo 2-1-2; RIR 2,4,2026-03-21T16:52:41.293Z,"=IFERROR(INDEX(tbl_Lookup_Exercises[Category],MATCH(tbl_Exercises[[#This Row],[ExerciseName]],tbl_Lookup_Exercises[ExerciseName],0)),""Unknown"")"
E-20260321-0815,S-20260321-01,Rope Push-Downs,2,45.0,11.0,,,,2.0,1.0,2.0,2,,Tempo 2-1-2; RIR 2,4,2026-03-21T16:55:08.219Z,"=IFERROR(INDEX(tbl_Lookup_Exercises[Category],MATCH(tbl_Exercises[[#This Row],[ExerciseName]],tbl_Lookup_Exercises[ExerciseName],0)),""Unknown"")"
E-20260321-0816,S-20260321-01,Rope Push-Downs,3,45.0,10.0,,,,2.0,1.0,2.0,1,,Tempo 2-1-2; RIR 1,4,2026-03-21T16:57:28.669Z,"=IFERROR(INDEX(tbl_Lookup_Exercises[Category],MATCH(tbl_Exercises[[#This Row],[ExerciseName]],tbl_Lookup_Exercises[ExerciseName],0)),""Unknown"")"
E-20260321-0817,S-20260321-01,Rope Push-Downs,4,50.0,9.0,,,,2.0,1.0,2.0,1,,Tempo 2-1-2; RIR 1; hands started coming together 8-9,4,2026-03-21T17:00:26.853Z,"=IFERROR(INDEX(tbl_Lookup_Exercises[Category],MATCH(tbl_Exercises[[#This Row],[ExerciseName]],tbl_Lookup_Exercises[ExerciseName],0)),""Unknown"")"
E-20260321-0818,S-20260321-01,Rowing,2,,,480.0,1.25,mi,,,,,,Watts above 200; stroke rate ~13-15; 116 strokes total,4,2026-03-21T17:39:59.601Z,"=IFERROR(INDEX(tbl_Lookup_Exercises[Category],MATCH(tbl_Exercises[[#This Row],[ExerciseName]],tbl_Lookup_Exercises[ExerciseName],0)),""Unknown"")"
E-20260321-0819,S-20260321-01,Single Arm Cable Extensions,1,10.0,10.0,,,,3.0,1.0,2.0,2,,Tempo 3-1-2; RIR 2,4,2026-03-21T17:43:39.515Z,"=IFERROR(INDEX(tbl_Lookup_Exercises[Category],MATCH(tbl_Exercises[[#This Row],[ExerciseName]],tbl_Lookup_Exercises[ExerciseName],0)),""Unknown"")"
E-20260321-0820,S-20260321-01,Single Arm Cable Extensions,2,10.0,11.0,,,,3.0,1.0,2.0,2,,Tempo 3-1-2; RIR 2,4,2026-03-21T17:43:42.757Z,"=IFERROR(INDEX(tbl_Lookup_Exercises[Category],MATCH(tbl_Exercises[[#This Row],[ExerciseName]],tbl_Lookup_Exercises[ExerciseName],0)),""Unknown"")"
E-20260321-0821,S-20260321-01,Single Arm Cable Extensions,3,12.5,10.0,,,,3.0,1.0,2.0,2,,Tempo 3-1-2; RIR 2,4,2026-03-21T17:43:47.626Z,"=IFERROR(INDEX(tbl_Lookup_Exercises[Category],MATCH(tbl_Exercises[[#This Row],[ExerciseName]],tbl_Lookup_Exercises[ExerciseName],0)),""Unknown"")"
E-20260321-0822,S-20260321-01,Farmer's Walk,1,150.0,,60.0,,,,,,,,"Treadmill 2.5 mph, 0 incline",4,2026-03-21T17:44:24.046Z,"=IFERROR(INDEX(tbl_Lookup_Exercises[Category],MATCH(tbl_Exercises[[#This Row],[ExerciseName]],tbl_Lookup_Exercises[ExerciseName],0)),""Unknown"")"
E-20260321-0823,S-20260321-01,Farmer's Walk,2,150.0,,51.6,,,,,,,,"Treadmill 2.5 mph, 0 incline",4,2026-03-21T17:44:28.598Z,"=IFERROR(INDEX(tbl_Lookup_Exercises[Category],MATCH(tbl_Exercises[[#This Row],[ExerciseName]],tbl_Lookup_Exercises[ExerciseName],0)),""Unknown"")"
E-20260321-0824,S-20260321-01,Farmer's Walk,3,150.0,,39.6,,,,,,,,"Treadmill 2.5 mph, 0 incline",4,2026-03-21T17:44:31.225Z,"=IFERROR(INDEX(tbl_Lookup_Exercises[Category],MATCH(tbl_Exercises[[#This Row],[ExerciseName]],tbl_Lookup_Exercises[ExerciseName],0)),""Unknown"")"
E-20260321-0825,S-20260321-01,Farmer's Walk,4,150.0,,30.0,,,,,,,,"Treadmill 2.5 mph, 0 incline",4,2026-03-21T17:44:33.349Z,"=IFERROR(INDEX(tbl_Lookup_Exercises[Category],MATCH(tbl_Exercises[[#This Row],[ExerciseName]],tbl_Lookup_Exercises[ExerciseName],0)),""Unknown"")"
E-20260323-0826,S-20260323-01,Rowing,1,,,300.0,0.83,mi,,,,,,Warmup,4,2026-03-23T20:42:15.024Z,"=IFERROR(INDEX(tbl_Lookup_Exercises[Category],MATCH(tbl_Exercises[[#This Row],[ExerciseName]],tbl_Lookup_Exercises[ExerciseName],0)),""Unknown"")"
E-20260323-0827,S-20260323-01,Suitcase Carries,1,70.0,,64.80000000000001,,,,,,,,"2.5 mph, 0 incline",4,2026-03-23T20:45:52.088Z,"=IFERROR(INDEX(tbl_Lookup_Exercises[Category],MATCH(tbl_Exercises[[#This Row],[ExerciseName]],tbl_Lookup_Exercises[ExerciseName],0)),""Unknown"")"
E-20260323-0828,S-20260323-01,Suitcase Carries,2,70.0,,61.2,,,,,,,,"2.5 mph, 0 incline",4,2026-03-23T20:48:52.305Z,"=IFERROR(INDEX(tbl_Lookup_Exercises[Category],MATCH(tbl_Exercises[[#This Row],[ExerciseName]],tbl_Lookup_Exercises[ExerciseName],0)),""Unknown"")"
E-20260323-0829,S-20260323-01,Suitcase Carries,3,70.0,,60.0,,,,,,,,"2.5 mph, 0 incline; ",4,2026-03-23T20:51:46.799Z,"=IFERROR(INDEX(tbl_Lookup_Exercises[Category],MATCH(tbl_Exercises[[#This Row],[ExerciseName]],tbl_Lookup_Exercises[ExerciseName],0)),""Unknown"")"
E-20260323-0830,S-20260323-01,Dumbbell Romanian Deadlift,1,140.0,8.0,,,,3.0,1.0,1.0,2,,Tempo 3-1-1; RIR 2,4,2026-03-23T20:54:31.219Z,"=IFERROR(INDEX(tbl_Lookup_Exercises[Category],MATCH(tbl_Exercises[[#This Row],[ExerciseName]],tbl_Lookup_Exercises[ExerciseName],0)),""Unknown"")"
E-20260323-0831,S-20260323-01,Dumbbell Romanian Deadlift,2,140.0,8.0,,,,3.0,1.0,1.0,2,,Tempo 3-1-1; RIR 2,4,2026-03-23T20:57:01.576Z,"=IFERROR(INDEX(tbl_Lookup_Exercises[Category],MATCH(tbl_Exercises[[#This Row],[ExerciseName]],tbl_Lookup_Exercises[ExerciseName],0)),""Unknown"")"
E-20260323-0832,S-20260323-01,Dumbbell Romanian Deadlift,3,140.0,7.0,,,,3.0,1.0,1.0,2,,Tempo 3-1-1; RIR 2; right grip started to give after the 7th rep,4,2026-03-23T20:59:34.229Z,"=IFERROR(INDEX(tbl_Lookup_Exercises[Category],MATCH(tbl_Exercises[[#This Row],[ExerciseName]],tbl_Lookup_Exercises[ExerciseName],0)),""Unknown"")"
E-20260323-0833,S-20260323-01,Dumbbell Romanian Deadlift,4,150.0,6.0,,,,3.0,1.0,1.0,2,,Tempo 3-1-1; RIR 2; right grip started to give after the 7th rep,4,2026-03-23T21:02:16.608Z,"=IFERROR(INDEX(tbl_Lookup_Exercises[Category],MATCH(tbl_Exercises[[#This Row],[ExerciseName]],tbl_Lookup_Exercises[ExerciseName],0)),""Unknown"")"
E-20260323-0834,S-20260323-01,Chest Supported DB Row (Spider),1,70.0,10.0,,,,2.0,1.0,2.0,1,,Tempo 2-1-2; RIR 1; right grip tired still,4,2026-03-23T21:05:43.961Z,"=IFERROR(INDEX(tbl_Lookup_Exercises[Category],MATCH(tbl_Exercises[[#This Row],[ExerciseName]],tbl_Lookup_Exercises[ExerciseName],0)),""Unknown"")"
E-20260323-0835,S-20260323-01,Chest Supported DB Row (Spider),2,70.0,8.0,,,,2.0,1.0,2.0,1-2,,Tempo 2-1-2; RIR 1-2; right grip tired still,4,2026-03-23T21:07:50.241Z,"=IFERROR(INDEX(tbl_Lookup_Exercises[Category],MATCH(tbl_Exercises[[#This Row],[ExerciseName]],tbl_Lookup_Exercises[ExerciseName],0)),""Unknown"")"
E-20260323-0836,S-20260323-01,Chest Supported DB Row (Spider),3,70.0,7.5,,,,2.0,1.0,2.0,1,,Tempo 2-1-2; RIR 1; right and left grip getting taxed,4,2026-03-23T21:10:25.374Z,"=IFERROR(INDEX(tbl_Lookup_Exercises[Category],MATCH(tbl_Exercises[[#This Row],[ExerciseName]],tbl_Lookup_Exercises[ExerciseName],0)),""Unknown"")"
E-20260323-0837,S-20260323-01,Chest Supported DB Row (Spider),4,70.0,7.5,,,,2.0,1.0,2.0,1,,Tempo 2-1-2; RIR 1; right and left grip getting taxed,4,2026-03-23T21:12:24.268Z,"=IFERROR(INDEX(tbl_Lookup_Exercises[Category],MATCH(tbl_Exercises[[#This Row],[ExerciseName]],tbl_Lookup_Exercises[ExerciseName],0)),""Unknown"")"
E-20260323-0838,S-20260323-01,Face Pull,1,25.0,20.0,,,,2.0,2.0,2.0,2,,Tempo 2-2-2; RIR 2; cable at 4,4,2026-03-23T21:16:59.634Z,"=IFERROR(INDEX(tbl_Lookup_Exercises[Category],MATCH(tbl_Exercises[[#This Row],[ExerciseName]],tbl_Lookup_Exercises[ExerciseName],0)),""Unknown"")"
E-20260323-0839,S-20260323-01,Face Pull,2,27.5,20.0,,,,2.0,2.0,2.0,2,,Tempo 2-2-2; RIR 2; cable at 4,4,2026-03-23T21:20:05.849Z,"=IFERROR(INDEX(tbl_Lookup_Exercises[Category],MATCH(tbl_Exercises[[#This Row],[ExerciseName]],tbl_Lookup_Exercises[ExerciseName],0)),""Unknown"")"
E-20260323-0840,S-20260323-01,Face Pull,3,30.0,20.0,,,,2.0,2.0,2.0,2,,Tempo 2-2-2; RIR 2; cable at 4,4,2026-03-23T21:22:58.153Z,"=IFERROR(INDEX(tbl_Lookup_Exercises[Category],MATCH(tbl_Exercises[[#This Row],[ExerciseName]],tbl_Lookup_Exercises[ExerciseName],0)),""Unknown"")"
E-20260323-0841,S-20260323-01,Incline Dumbbell Curl (Supinated),1,30.0,11.0,,,,3.0,1.0,2.0,1,,Tempo 3-1-2; RIR 1; bench at 3,4,2026-03-23T21:26:57.966Z,"=IFERROR(INDEX(tbl_Lookup_Exercises[Category],MATCH(tbl_Exercises[[#This Row],[ExerciseName]],tbl_Lookup_Exercises[ExerciseName],0)),""Unknown"")"
E-20260323-0842,S-20260323-01,Incline Dumbbell Curl (Supinated),2,30.0,8.0,,,,3.0,1.0,2.0,1,,Tempo 3-1-2; RIR 1; bench at 3,4,2026-03-23T21:34:24.797Z,"=IFERROR(INDEX(tbl_Lookup_Exercises[Category],MATCH(tbl_Exercises[[#This Row],[ExerciseName]],tbl_Lookup_Exercises[ExerciseName],0)),""Unknown"")"
E-20260323-0843,S-20260323-01,Incline Dumbbell Curl (Supinated),3,30.0,7.0,,,,3.0,1.0,2.0,1,,Tempo 3-1-2; RIR 1; bench at 3,4,2026-03-23T21:34:26.687Z,"=IFERROR(INDEX(tbl_Lookup_Exercises[Category],MATCH(tbl_Exercises[[#This Row],[ExerciseName]],tbl_Lookup_Exercises[ExerciseName],0)),""Unknown"")"
E-20260327-0844,S-20260327-01,Rowing,1,,,300.0,0.81,mi,,,,,,Warmup,4,2026-03-27T20:30:45.929Z,"=IFERROR(INDEX(tbl_Lookup_Exercises[Category],MATCH(tbl_Exercises[[#This Row],[ExerciseName]],tbl_Lookup_Exercises[ExerciseName],0)),""Unknown"")"
E-20260327-0845,S-20260327-01,Scap Push Ups,1,0.0,12.0,,,,,,,,,,4,2026-03-27T20:35:48.451Z,"=IFERROR(INDEX(tbl_Lookup_Exercises[Category],MATCH(tbl_Exercises[[#This Row],[ExerciseName]],tbl_Lookup_Exercises[ExerciseName],0)),""Unknown"")"
E-20260327-0846,S-20260327-01,Smith Machine Bench Press,1,125.0,8.0,,,,3.0,1.0,1.0,2,,Tempo 3-1-1; RIR 2,4,2026-03-27T20:37:15.115Z,"=IFERROR(INDEX(tbl_Lookup_Exercises[Category],MATCH(tbl_Exercises[[#This Row],[ExerciseName]],tbl_Lookup_Exercises[ExerciseName],0)),""Unknown"")"
E-20260327-0847,S-20260327-01,Smith Machine Bench Press,2,125.0,7.0,,,,3.0,1.0,1.0,1-2,,Tempo 3-1-1; RIR 1-2,4,2026-03-27T20:39:14.620Z,"=IFERROR(INDEX(tbl_Lookup_Exercises[Category],MATCH(tbl_Exercises[[#This Row],[ExerciseName]],tbl_Lookup_Exercises[ExerciseName],0)),""Unknown"")"
E-20260327-0848,S-20260327-01,Smith Machine Bench Press,3,125.0,6.0,,,,3.0,1.0,1.0,1-2,,Tempo 3-1-1; RIR 1-2,4,2026-03-27T20:41:29.642Z,"=IFERROR(INDEX(tbl_Lookup_Exercises[Category],MATCH(tbl_Exercises[[#This Row],[ExerciseName]],tbl_Lookup_Exercises[ExerciseName],0)),""Unknown"")"
E-20260327-0849,S-20260327-01,Smith Machine Bench Press,4,125.0,5.0,,,,3.0,1.0,1.0,1-2,,Tempo 3-1-1; RIR 1-2,4,2026-03-27T20:43:24.745Z,"=IFERROR(INDEX(tbl_Lookup_Exercises[Category],MATCH(tbl_Exercises[[#This Row],[ExerciseName]],tbl_Lookup_Exercises[ExerciseName],0)),""Unknown"")"
E-20260327-0850,S-20260327-01,Single Arm Cable Press,1,20.0,12.0,,,,2.0,1.0,2.0,2,,Tempo 2-1-2; RIR 2,4,2026-03-27T20:48:26.391Z,"=IFERROR(INDEX(tbl_Lookup_Exercises[Category],MATCH(tbl_Exercises[[#This Row],[ExerciseName]],tbl_Lookup_Exercises[ExerciseName],0)),""Unknown"")"
E-20260327-0851,S-20260327-01,Single Arm Cable Press,2,20.0,12.0,,,,2.0,1.0,2.0,1-2,,Tempo 2-1-2; RIR 1-2,4,2026-03-27T20:51:51.699Z,"=IFERROR(INDEX(tbl_Lookup_Exercises[Category],MATCH(tbl_Exercises[[#This Row],[ExerciseName]],tbl_Lookup_Exercises[ExerciseName],0)),""Unknown"")"
E-20260327-0852,S-20260327-01,Single Arm Cable Press,3,22.5,12.0,,,,2.0,1.0,2.0,1-2,,Tempo 2-1-2; RIR 1-2,4,2026-03-27T20:55:53.926Z,"=IFERROR(INDEX(tbl_Lookup_Exercises[Category],MATCH(tbl_Exercises[[#This Row],[ExerciseName]],tbl_Lookup_Exercises[ExerciseName],0)),""Unknown"")"
E-20260327-0853,S-20260327-01,Rope Push-Downs,1,45.0,12.0,,,,2.0,1.0,2.0,1-2,,Tempo 2-1-2; RIR 1-2,4,2026-03-27T20:58:35.098Z,"=IFERROR(INDEX(tbl_Lookup_Exercises[Category],MATCH(tbl_Exercises[[#This Row],[ExerciseName]],tbl_Lookup_Exercises[ExerciseName],0)),""Unknown"")"
E-20260327-0854,S-20260327-01,Rope Push-Downs,2,45.0,10.0,,,,2.0,1.0,2.0,1,,Tempo 2-1-2; RIR 1,4,2026-03-27T21:00:36.060Z,"=IFERROR(INDEX(tbl_Lookup_Exercises[Category],MATCH(tbl_Exercises[[#This Row],[ExerciseName]],tbl_Lookup_Exercises[ExerciseName],0)),""Unknown"")"
E-20260327-0855,S-20260327-01,Rope Push-Downs,3,50.0,9.0,,,,2.0,1.0,2.0,1,,Tempo 2-1-2; RIR 1,4,2026-03-27T21:02:57.634Z,"=IFERROR(INDEX(tbl_Lookup_Exercises[Category],MATCH(tbl_Exercises[[#This Row],[ExerciseName]],tbl_Lookup_Exercises[ExerciseName],0)),""Unknown"")"
E-20260327-0856,S-20260327-01,Rope Push-Downs,4,50.0,5.5,,,,2.0,1.0,2.0,1,2026-03-27T21:05:30.587Z,Tempo 2-1-2; RIR 1,4,2026-03-27T21:05:35.862Z,"=IFERROR(INDEX(tbl_Lookup_Exercises[Category],MATCH(tbl_Exercises[[#This Row],[ExerciseName]],tbl_Lookup_Exercises[ExerciseName],0)),""Unknown"")"
E-20260327-0857,S-20260327-01,Rope Push-Downs,5,40.0,3.0,,,,2.0,1.0,2.0,1,2026-03-27T21:05:30.587Z,Tempo 2-1-2; RIR 1,4,2026-03-27T21:05:41.167Z,"=IFERROR(INDEX(tbl_Lookup_Exercises[Category],MATCH(tbl_Exercises[[#This Row],[ExerciseName]],tbl_Lookup_Exercises[ExerciseName],0)),""Unknown"")"
E-20260327-0858,S-20260327-01,Single-Arm Overhead Cable Extension,1,10.0,12.0,,,,3.0,1.0,2.0,1,,Tempo 3-1-2; RIR 1; seated row pulley as all other cables were taken; 10# plate,4,2026-03-27T21:10:47.504Z,"=IFERROR(INDEX(tbl_Lookup_Exercises[Category],MATCH(tbl_Exercises[[#This Row],[ExerciseName]],tbl_Lookup_Exercises[ExerciseName],0)),""Unknown"")"
E-20260327-0859,S-20260327-01,Single-Arm Overhead Cable Extension,2,10.0,12.0,,,,3.0,1.0,2.0,1,,Tempo 3-1-2; RIR 1; seated row pulley as all other cables were taken; 10# plate,4,2026-03-27T21:14:08.200Z,"=IFERROR(INDEX(tbl_Lookup_Exercises[Category],MATCH(tbl_Exercises[[#This Row],[ExerciseName]],tbl_Lookup_Exercises[ExerciseName],0)),""Unknown"")"
E-20260327-0860,S-20260327-01,Single-Arm Overhead Cable Extension,3,10.0,12.0,,,,3.0,1.0,2.0,1,,Assisted 9-12; Tempo 3-1-2; RIR 1; seated row pulley as all other cables were taken; 10# plate,4,2026-03-27T21:18:36.458Z,"=IFERROR(INDEX(tbl_Lookup_Exercises[Category],MATCH(tbl_Exercises[[#This Row],[ExerciseName]],tbl_Lookup_Exercises[ExerciseName],0)),""Unknown"")"
E-20260327-0861,S-20260327-01,Dumbbell Lateral Raise,1,6.0,15.0,,,,2.0,2.0,2.0,1-2,,Tempo 2-2-2;RIR 1-2,4,2026-03-27T21:20:59.125Z,"=IFERROR(INDEX(tbl_Lookup_Exercises[Category],MATCH(tbl_Exercises[[#This Row],[ExerciseName]],tbl_Lookup_Exercises[ExerciseName],0)),""Unknown"")"
E-20260327-0862,S-20260327-01,Dumbbell Lateral Raise,2,10.0,13.0,,,,2.0,2.0,2.0,1-2,,Tempo 2-2-2;RIR 1-2,4,2026-03-27T21:23:42.293Z,"=IFERROR(INDEX(tbl_Lookup_Exercises[Category],MATCH(tbl_Exercises[[#This Row],[ExerciseName]],tbl_Lookup_Exercises[ExerciseName],0)),""Unknown"")"
E-20260327-0863,S-20260327-01,Dumbbell Lateral Raise,3,10.0,10.0,,,,2.0,2.0,2.0,0-1,,Tempo 2-2-2;RIR 0-1,4,2026-03-27T21:26:57.715Z,"=IFERROR(INDEX(tbl_Lookup_Exercises[Category],MATCH(tbl_Exercises[[#This Row],[ExerciseName]],tbl_Lookup_Exercises[ExerciseName],0)),""Unknown"")"
E-20260328-0864,S-20260328-01,Rowing,1,,,300.0,0.08,mi,,,,,,"Warmup: 1300m=4,265 ft 1.102 in ",4,2026-03-28T16:29:52.534Z,"=IFERROR(INDEX(tbl_Lookup_Exercises[Category],MATCH(tbl_Exercises[[#This Row],[ExerciseName]],tbl_Lookup_Exercises[ExerciseName],0)),""Unknown"")"
E-20260328-0865,S-20260328-01,Chest Supported DB Row (Spider),1,70.0,10.0,,,,2.0,1.0,2.0,2,,Tempo 2-1-2; RIR 2,4,2026-03-28T16:38:16.953Z,"=IFERROR(INDEX(tbl_Lookup_Exercises[Category],MATCH(tbl_Exercises[[#This Row],[ExerciseName]],tbl_Lookup_Exercises[ExerciseName],0)),""Unknown"")"
E-20260328-0866,S-20260328-01,Chest Supported DB Row (Spider),2,70.0,10.0,,,,2.0,1.0,2.0,2,,Tempo 2-1-2; RIR 2,4,2026-03-28T16:40:11.769Z,"=IFERROR(INDEX(tbl_Lookup_Exercises[Category],MATCH(tbl_Exercises[[#This Row],[ExerciseName]],tbl_Lookup_Exercises[ExerciseName],0)),""Unknown"")"
E-20260328-0867,S-20260328-01,Chest Supported DB Row (Spider),3,70.0,8.0,,,,2.0,1.0,2.0,1-2,,Tempo 2-1-2; RIR 1-2,4,2026-03-28T16:42:12.355Z,"=IFERROR(INDEX(tbl_Lookup_Exercises[Category],MATCH(tbl_Exercises[[#This Row],[ExerciseName]],tbl_Lookup_Exercises[ExerciseName],0)),""Unknown"")"
E-20260328-0868,S-20260328-01,Chest Supported DB Row (Spider),4,70.0,8.0,,,,2.0,1.0,2.0,1,,Tempo 2-1-2; RIR 1,4,2026-03-28T16:44:25.436Z,"=IFERROR(INDEX(tbl_Lookup_Exercises[Category],MATCH(tbl_Exercises[[#This Row],[ExerciseName]],tbl_Lookup_Exercises[ExerciseName],0)),""Unknown"")"
E-20260328-0869,S-20260328-01,Single-Arm Neutral Grip Cable Pulldown,1,145.0,12.0,,,,2.0,1.0,2.0,1-2,,Tempo 2-1-2; RIR 1-2; lat pulldown pulley,4,2026-03-28T16:50:18.346Z,"=IFERROR(INDEX(tbl_Lookup_Exercises[Category],MATCH(tbl_Exercises[[#This Row],[ExerciseName]],tbl_Lookup_Exercises[ExerciseName],0)),""Unknown"")"
E-20260328-0870,S-20260328-01,Single-Arm Neutral Grip Cable Pulldown,2,150.0,11.0,,,,2.0,1.0,2.0,1-2,,70# plate + 2 2.5lbs plates; Tempo 2-1-2; RIR 1-2; lat pulldown pulley,4,2026-03-28T16:53:40.060Z,"=IFERROR(INDEX(tbl_Lookup_Exercises[Category],MATCH(tbl_Exercises[[#This Row],[ExerciseName]],tbl_Lookup_Exercises[ExerciseName],0)),""Unknown"")"
E-20260328-0871,S-20260328-01,Single-Arm Neutral Grip Cable Pulldown,3,170.0,10.0,,,,2.0,1.0,2.0,1,,85# plate; Tempo 2-1-2; RIR 1; lat pulldown pulley; tapped assist on 10,4,2026-03-28T16:57:07.345Z,"=IFERROR(INDEX(tbl_Lookup_Exercises[Category],MATCH(tbl_Exercises[[#This Row],[ExerciseName]],tbl_Lookup_Exercises[ExerciseName],0)),""Unknown"")"
E-20260328-0872,S-20260328-01,Seat Cable Row (V / Narrow Neutral Grip),1,140.0,10.0,,,,,1.0,2.0,1-2,,Tempo; 2-1-2; RIR 1-2; triceps hitting lats on the pullback seeming to limit ROM,4,2026-03-28T17:02:13.253Z,"=IFERROR(INDEX(tbl_Lookup_Exercises[Category],MATCH(tbl_Exercises[[#This Row],[ExerciseName]],tbl_Lookup_Exercises[ExerciseName],0)),""Unknown"")"
E-20260328-0873,S-20260328-01,Seat Cable Row (V / Narrow Neutral Grip),2,140.0,10.0,,,,,,1.0,,,Tempo; 3-1.5-1;,4,2026-03-28T17:04:58.358Z,"=IFERROR(INDEX(tbl_Lookup_Exercises[Category],MATCH(tbl_Exercises[[#This Row],[ExerciseName]],tbl_Lookup_Exercises[ExerciseName],0)),""Unknown"")"
E-20260328-0874,S-20260328-01,Seat Cable Row (V / Narrow Neutral Grip),3,140.0,7.5,,,,,,1.0,,,Tempo; 3-1.5-1; grip starting to give out,4,2026-03-28T17:07:32.682Z,"=IFERROR(INDEX(tbl_Lookup_Exercises[Category],MATCH(tbl_Exercises[[#This Row],[ExerciseName]],tbl_Lookup_Exercises[ExerciseName],0)),""Unknown"")"
E-20260328-0875,S-20260328-01,Rear Delt Cable Fly,1,5.0,15.0,,,,2.0,2.0,2.0,2+,,Tempo 2-2-2; RIR 2+,4,2026-03-28T17:13:10.551Z,"=IFERROR(INDEX(tbl_Lookup_Exercises[Category],MATCH(tbl_Exercises[[#This Row],[ExerciseName]],tbl_Lookup_Exercises[ExerciseName],0)),""Unknown"")"
E-20260328-0876,S-20260328-01,Rear Delt Cable Fly,2,7.5,15.0,,,,2.0,2.0,2.0,2,,Tempo 2-2-2; RIR 2,4,2026-03-28T17:15:53.344Z,"=IFERROR(INDEX(tbl_Lookup_Exercises[Category],MATCH(tbl_Exercises[[#This Row],[ExerciseName]],tbl_Lookup_Exercises[ExerciseName],0)),""Unknown"")"
E-20260328-0877,S-20260328-01,Rear Delt Cable Fly,3,7.5,15.0,,,,2.0,2.0,2.0,2,,Tempo 2-2-2; RIR 2,4,2026-03-28T17:19:10.628Z,"=IFERROR(INDEX(tbl_Lookup_Exercises[Category],MATCH(tbl_Exercises[[#This Row],[ExerciseName]],tbl_Lookup_Exercises[ExerciseName],0)),""Unknown"")"
E-20260328-0878,S-20260328-01,Suitcase Carries,1,75.0,,49.8,,,,,,,,2.5 mph; 0 incline; 50/60=0.833 ,4,2026-03-28T17:23:24.049Z,"=IFERROR(INDEX(tbl_Lookup_Exercises[Category],MATCH(tbl_Exercises[[#This Row],[ExerciseName]],tbl_Lookup_Exercises[ExerciseName],0)),""Unknown"")"
E-20260328-0879,S-20260328-01,Suitcase Carries,2,75.0,,45.0,,,,,,,,2.5 mph; 0 incline; 45/60=0.75 ,4,2026-03-28T17:25:58.075Z,"=IFERROR(INDEX(tbl_Lookup_Exercises[Category],MATCH(tbl_Exercises[[#This Row],[ExerciseName]],tbl_Lookup_Exercises[ExerciseName],0)),""Unknown"")"
E-20260328-0880,S-20260328-01,Suitcase Carries,3,75.0,,45.0,,,,,,,,2.5 mph; 0 incline; 45/60=0.75 ,4,2026-03-28T17:28:43.493Z,"=IFERROR(INDEX(tbl_Lookup_Exercises[Category],MATCH(tbl_Exercises[[#This Row],[ExerciseName]],tbl_Lookup_Exercises[ExerciseName],0)),""Unknown"")"
E-20260328-0881,S-20260328-01,Incline Dumbbell Curl (Supinated),1,30.0,10.0,,,,2.0,1.0,2.0,1-2,,Tempo 2-1-2; RIR 1-2,4,2026-03-28T17:32:31.311Z,"=IFERROR(INDEX(tbl_Lookup_Exercises[Category],MATCH(tbl_Exercises[[#This Row],[ExerciseName]],tbl_Lookup_Exercises[ExerciseName],0)),""Unknown"")"
E-20260328-0882,S-20260328-01,Incline Dumbbell Curl (Supinated),2,30.0,8.0,,,,2.0,1.0,2.0,1-2,,Tempo 2-1-2; RIR 1-2,4,2026-03-28T17:36:47.477Z,"=IFERROR(INDEX(tbl_Lookup_Exercises[Category],MATCH(tbl_Exercises[[#This Row],[ExerciseName]],tbl_Lookup_Exercises[ExerciseName],0)),""Unknown"")"
E-20260329-0883,S-20260329-01,Rowing,1,,,300.0,0.83,mi,,,,,,"Warmup; 1307m=4,288 ft 0.693 in",4,2026-03-29T16:04:37.323Z,"=IFERROR(INDEX(tbl_Lookup_Exercises[Category],MATCH(tbl_Exercises[[#This Row],[ExerciseName]],tbl_Lookup_Exercises[ExerciseName],0)),""Unknown"")"
E-20260329-0884,S-20260329-01,Incline Dumbbell Curl (Supinated),1,30.0,10.0,,,,3.0,1.0,2.0,2,,Tempo 3-1-2; RIR 2,4,2026-03-29T16:11:46.218Z,"=IFERROR(INDEX(tbl_Lookup_Exercises[Category],MATCH(tbl_Exercises[[#This Row],[ExerciseName]],tbl_Lookup_Exercises[ExerciseName],0)),""Unknown"")"
E-20260329-0885,S-20260329-01,Incline Dumbbell Curl (Supinated),2,30.0,10.0,,,,3.0,1.0,2.0,1-2,,Tempo 3-1-2; RIR 1-2,4,2026-03-29T16:14:42.749Z,"=IFERROR(INDEX(tbl_Lookup_Exercises[Category],MATCH(tbl_Exercises[[#This Row],[ExerciseName]],tbl_Lookup_Exercises[ExerciseName],0)),""Unknown"")"
E-20260329-0886,S-20260329-01,Incline Dumbbell Curl (Supinated),3,30.0,7.0,,,,3.0,1.0,2.0,1,,Tempo 3-1-2; RIR 1,4,2026-03-29T16:17:11.809Z,"=IFERROR(INDEX(tbl_Lookup_Exercises[Category],MATCH(tbl_Exercises[[#This Row],[ExerciseName]],tbl_Lookup_Exercises[ExerciseName],0)),""Unknown"")"
E-20260329-0887,S-20260329-01,Incline Dumbbell Curl (Supinated),4,30.0,6.0,,,,3.0,1.0,2.0,1,,Tempo 3-1-2; RIR 1,4,2026-03-29T16:23:01.010Z,"=IFERROR(INDEX(tbl_Lookup_Exercises[Category],MATCH(tbl_Exercises[[#This Row],[ExerciseName]],tbl_Lookup_Exercises[ExerciseName],0)),""Unknown"")"
E-20260329-0888,S-20260329-01,DB Spider Curl (Hammer),1,35.0,15.0,,,,2.0,1.0,2.0,1-2,,Tempo 2-1-2; RIR 1-2; did alternating left/right,4,2026-03-29T16:23:37.552Z,"=IFERROR(INDEX(tbl_Lookup_Exercises[Category],MATCH(tbl_Exercises[[#This Row],[ExerciseName]],tbl_Lookup_Exercises[ExerciseName],0)),""Unknown"")"
E-20260329-0889,S-20260329-01,DB Spider Curl (Hammer),2,35.0,15.0,,,,2.0,,1.0,1-2,,Tempo 2-1.5-1.5; RIR 1-2; did alternating left/right,4,2026-03-29T16:26:53.359Z,"=IFERROR(INDEX(tbl_Lookup_Exercises[Category],MATCH(tbl_Exercises[[#This Row],[ExerciseName]],tbl_Lookup_Exercises[ExerciseName],0)),""Unknown"")"
E-20260329-0890,S-20260329-01,DB Spider Curl (Hammer),3,35.0,15.0,,,,2.0,,1.0,1-2,,Tempo 2-1.5-1.5; RIR 1-2; did alternating left/right,4,2026-03-29T16:30:34.017Z,"=IFERROR(INDEX(tbl_Lookup_Exercises[Category],MATCH(tbl_Exercises[[#This Row],[ExerciseName]],tbl_Lookup_Exercises[ExerciseName],0)),""Unknown"")"
E-20260329-0891,S-20260329-01,Rope Push-Downs,1,45.0,12.0,,,,2.0,1.0,2.0,2,,Tempo 2-1-2; RIR 2,4,2026-03-29T16:34:23.429Z,"=IFERROR(INDEX(tbl_Lookup_Exercises[Category],MATCH(tbl_Exercises[[#This Row],[ExerciseName]],tbl_Lookup_Exercises[ExerciseName],0)),""Unknown"")"
E-20260329-0892,S-20260329-01,Rope Push-Downs,2,45.0,12.0,,,,2.0,1.0,2.0,1-2,,Tempo 2-1-2; RIR 1-2,4,2026-03-29T16:36:58.589Z,"=IFERROR(INDEX(tbl_Lookup_Exercises[Category],MATCH(tbl_Exercises[[#This Row],[ExerciseName]],tbl_Lookup_Exercises[ExerciseName],0)),""Unknown"")"
E-20260329-0893,S-20260329-01,Rope Push-Downs,3,50.0,9.5,,,,2.0,1.0,2.0,1,,Tempo 2-1-2; RIR 1,4,2026-03-29T16:39:21.749Z,"=IFERROR(INDEX(tbl_Lookup_Exercises[Category],MATCH(tbl_Exercises[[#This Row],[ExerciseName]],tbl_Lookup_Exercises[ExerciseName],0)),""Unknown"")"
E-20260329-0894,S-20260329-01,Rope Push-Downs,4,50.0,8.0,,,,2.0,1.0,2.0,1,,Tempo 2-1-2; RIR 1,4,2026-03-29T16:41:42.888Z,"=IFERROR(INDEX(tbl_Lookup_Exercises[Category],MATCH(tbl_Exercises[[#This Row],[ExerciseName]],tbl_Lookup_Exercises[ExerciseName],0)),""Unknown"")"
E-20260329-0895,S-20260329-01,Single Arm Cable Extensions,1,10.0,12.0,,,,3.0,1.0,3.0,1-2,,Tempo 3-1-3; RIR 1-2,4,2026-03-29T16:46:26.693Z,"=IFERROR(INDEX(tbl_Lookup_Exercises[Category],MATCH(tbl_Exercises[[#This Row],[ExerciseName]],tbl_Lookup_Exercises[ExerciseName],0)),""Unknown"")"
E-20260329-0896,S-20260329-01,Single Arm Cable Extensions,2,12.5,10.0,,,,3.0,1.0,3.0,1-2,,Tempo 3-1-3; RIR 1-2,4,2026-03-29T16:49:54.048Z,"=IFERROR(INDEX(tbl_Lookup_Exercises[Category],MATCH(tbl_Exercises[[#This Row],[ExerciseName]],tbl_Lookup_Exercises[ExerciseName],0)),""Unknown"")"
E-20260329-0897,S-20260329-01,Single Arm Cable Extensions,3,12.5,10.0,,,,3.0,1.0,3.0,0-1,,Tempo 3-1-3; RIR 0-1,4,2026-03-29T16:53:33.833Z,"=IFERROR(INDEX(tbl_Lookup_Exercises[Category],MATCH(tbl_Exercises[[#This Row],[ExerciseName]],tbl_Lookup_Exercises[ExerciseName],0)),""Unknown"")"
E-20260329-0898,S-20260329-01,Dumbbell Lateral Raise,1,6.0,15.0,,,,2.0,2.0,2.0,2,,Tempo 2-2-2; RIR 2,4,2026-03-29T16:57:32.009Z,"=IFERROR(INDEX(tbl_Lookup_Exercises[Category],MATCH(tbl_Exercises[[#This Row],[ExerciseName]],tbl_Lookup_Exercises[ExerciseName],0)),""Unknown"")"
E-20260329-0899,S-20260329-01,Dumbbell Lateral Raise,2,10.0,15.0,,,,2.0,2.0,2.0,1-2,,Tempo 2-2-2; RIR 1-2,4,2026-03-29T17:00:37.715Z,"=IFERROR(INDEX(tbl_Lookup_Exercises[Category],MATCH(tbl_Exercises[[#This Row],[ExerciseName]],tbl_Lookup_Exercises[ExerciseName],0)),""Unknown"")"
E-20260329-0900,S-20260329-01,Dumbbell Lateral Raise,3,10.0,15.0,,,,2.0,2.0,2.0,1,,Tempo 2-2-2; RIR 1,4,2026-03-29T17:04:14.899Z,"=IFERROR(INDEX(tbl_Lookup_Exercises[Category],MATCH(tbl_Exercises[[#This Row],[ExerciseName]],tbl_Lookup_Exercises[ExerciseName],0)),""Unknown"")"
E-20260329-0901,S-20260329-01,Farmer's Walk,1,150.0,,60.0,,,,,,,,2.5 mph; 0 incline ,4,2026-03-29T17:09:10.979Z,"=IFERROR(INDEX(tbl_Lookup_Exercises[Category],MATCH(tbl_Exercises[[#This Row],[ExerciseName]],tbl_Lookup_Exercises[ExerciseName],0)),""Unknown"")"
E-20260329-0902,S-20260329-01,Farmer's Walk,2,150.0,,60.0,,,,,,,,2.5 mph; 0 incline ,4,2026-03-29T17:11:26.052Z,"=IFERROR(INDEX(tbl_Lookup_Exercises[Category],MATCH(tbl_Exercises[[#This Row],[ExerciseName]],tbl_Lookup_Exercises[ExerciseName],0)),""Unknown"")"
E-20260329-0903,S-20260329-01,Farmer's Walk,3,150.0,,39.6,,,,,,,,2.5 mph; 0 incline ,4,2026-03-29T17:14:07.885Z,"=IFERROR(INDEX(tbl_Lookup_Exercises[Category],MATCH(tbl_Exercises[[#This Row],[ExerciseName]],tbl_Lookup_Exercises[ExerciseName],0)),""Unknown"")"
E-20260329-0904,S-20260329-01,Rowing,2,,,480.0,1.27,mi,,,,,,"2041m=6,696 ft 2.331 in ",4,2026-03-29T17:26:19.848Z,"=IFERROR(INDEX(tbl_Lookup_Exercises[Category],MATCH(tbl_Exercises[[#This Row],[ExerciseName]],tbl_Lookup_Exercises[ExerciseName],0)),""Unknown"")"
E-20260330-0905,S-20260330-01,Rowing,1,,,300.0,0.83,mi,,,,,,"1318m=4,324 ft 1.764 in ",4,2026-03-30T19:46:48.868Z,"=IFERROR(INDEX(tbl_Lookup_Exercises[Category],MATCH(tbl_Exercises[[#This Row],[ExerciseName]],tbl_Lookup_Exercises[ExerciseName],0)),""Unknown"")"
E-20260330-0906,S-20260330-01,Suitcase Carries,1,75.0,,60.0,,,,,,,,2.5mph; 0 incline; 75 sec between rounds,4,2026-03-30T19:55:48.554Z,"=IFERROR(INDEX(tbl_Lookup_Exercises[Category],MATCH(tbl_Exercises[[#This Row],[ExerciseName]],tbl_Lookup_Exercises[ExerciseName],0)),""Unknown"")"
E-20260330-0907,S-20260330-01,Suitcase Carries,2,75.0,,60.0,,,,,,,,2.5mph; 0 incline; 75 sec between rounds,4,2026-03-30T19:59:08.311Z,"=IFERROR(INDEX(tbl_Lookup_Exercises[Category],MATCH(tbl_Exercises[[#This Row],[ExerciseName]],tbl_Lookup_Exercises[ExerciseName],0)),""Unknown"")"
E-20260330-0908,S-20260330-01,Suitcase Carries,3,75.0,,60.0,,,,,,,,2.5mph; 0 incline; 75 sec between rounds,4,2026-03-30T20:02:03.112Z,"=IFERROR(INDEX(tbl_Lookup_Exercises[Category],MATCH(tbl_Exercises[[#This Row],[ExerciseName]],tbl_Lookup_Exercises[ExerciseName],0)),""Unknown"")"
E-20260330-0909,S-20260330-01,Dumbbell Romanian Deadlift,1,150.0,8.0,,,,3.0,1.0,1.0,2,,Tempo 3-1-1; RIR 2,4,2026-03-30T20:06:20.835Z,"=IFERROR(INDEX(tbl_Lookup_Exercises[Category],MATCH(tbl_Exercises[[#This Row],[ExerciseName]],tbl_Lookup_Exercises[ExerciseName],0)),""Unknown"")"
E-20260330-0910,S-20260330-01,Dumbbell Romanian Deadlift,2,150.0,8.0,,,,3.0,1.0,1.0,2,,Tempo 3-1-1; RIR 2,4,2026-03-30T20:08:30.775Z,"=IFERROR(INDEX(tbl_Lookup_Exercises[Category],MATCH(tbl_Exercises[[#This Row],[ExerciseName]],tbl_Lookup_Exercises[ExerciseName],0)),""Unknown"")"
E-20260330-0911,S-20260330-01,Dumbbell Romanian Deadlift,3,150.0,8.0,,,,3.0,1.0,1.0,2,,Tempo 3-1-1; RIR 2; right grip slip on 8 on right ,4,2026-03-30T20:11:30.441Z,"=IFERROR(INDEX(tbl_Lookup_Exercises[Category],MATCH(tbl_Exercises[[#This Row],[ExerciseName]],tbl_Lookup_Exercises[ExerciseName],0)),""Unknown"")"
E-20260330-0912,S-20260330-01,Dumbbell Romanian Deadlift,4,150.0,8.0,,,,3.0,1.0,1.0,2,,Tempo 3-1-1; RIR 2; no slip. Clean set ,4,2026-03-30T20:13:57.440Z,"=IFERROR(INDEX(tbl_Lookup_Exercises[Category],MATCH(tbl_Exercises[[#This Row],[ExerciseName]],tbl_Lookup_Exercises[ExerciseName],0)),""Unknown"")"
E-20260330-0913,S-20260330-01,Chest Supported DB Row (Spider),1,70.0,7.0,,,,2.0,1.0,2.0,2,,Tempo 2-1-2; RIR 2; grip was tired from DB RDL and Suitcase. Will take a little bit longer between sets as I don’t have straps. ,4,2026-03-30T20:17:16.651Z,"=IFERROR(INDEX(tbl_Lookup_Exercises[Category],MATCH(tbl_Exercises[[#This Row],[ExerciseName]],tbl_Lookup_Exercises[ExerciseName],0)),""Unknown"")"
E-20260330-0914,S-20260330-01,Chest Supported DB Row (Spider),2,70.0,9.0,,,,2.0,1.0,2.0,1-2,,Tempo 2-1-2; RIR 1-2,4,2026-03-30T20:18:56.439Z,"=IFERROR(INDEX(tbl_Lookup_Exercises[Category],MATCH(tbl_Exercises[[#This Row],[ExerciseName]],tbl_Lookup_Exercises[ExerciseName],0)),""Unknown"")"
E-20260330-0915,S-20260330-01,Chest Supported DB Row (Spider),3,70.0,8.5,,,,2.0,1.0,2.0,1,,Tempo 2-1-2; RIR 1,4,2026-03-30T20:21:15.716Z,"=IFERROR(INDEX(tbl_Lookup_Exercises[Category],MATCH(tbl_Exercises[[#This Row],[ExerciseName]],tbl_Lookup_Exercises[ExerciseName],0)),""Unknown"")"
E-20260330-0916,S-20260330-01,Chest Supported DB Row (Spider),4,70.0,8.5,,,,2.0,1.0,2.0,1,,Tempo 2-1-2; RIR 1; grip on right tires ,4,2026-03-30T20:23:42.904Z,"=IFERROR(INDEX(tbl_Lookup_Exercises[Category],MATCH(tbl_Exercises[[#This Row],[ExerciseName]],tbl_Lookup_Exercises[ExerciseName],0)),""Unknown"")"
E-20260330-0917,S-20260330-01,Face Pull,1,30.0,20.0,,,,2.0,2.0,2.0,2,,Tempo 2-2-2; RIR 2,4,2026-03-30T20:27:36.389Z,"=IFERROR(INDEX(tbl_Lookup_Exercises[Category],MATCH(tbl_Exercises[[#This Row],[ExerciseName]],tbl_Lookup_Exercises[ExerciseName],0)),""Unknown"")"
E-20260330-0918,S-20260330-01,Face Pull,2,30.0,20.0,,,,2.0,2.0,2.0,2,,Tempo 2-2-2; RIR 2,4,2026-03-30T20:30:45.646Z,"=IFERROR(INDEX(tbl_Lookup_Exercises[Category],MATCH(tbl_Exercises[[#This Row],[ExerciseName]],tbl_Lookup_Exercises[ExerciseName],0)),""Unknown"")"
E-20260330-0919,S-20260330-01,Face Pull,3,30.0,20.0,,,,2.0,2.0,2.0,2,,Tempo 2-2-2; RIR 2,4,2026-03-30T20:33:46.062Z,"=IFERROR(INDEX(tbl_Lookup_Exercises[Category],MATCH(tbl_Exercises[[#This Row],[ExerciseName]],tbl_Lookup_Exercises[ExerciseName],0)),""Unknown"")"
E-20260330-0920,S-20260330-01,Incline Dumbbell Curl (Supinated),1,30.0,10.0,,,,3.0,1.0,3.0,1-2,,Tempo 3-1-3; RIR 1-2,4,2026-03-30T20:38:41.407Z,"=IFERROR(INDEX(tbl_Lookup_Exercises[Category],MATCH(tbl_Exercises[[#This Row],[ExerciseName]],tbl_Lookup_Exercises[ExerciseName],0)),""Unknown"")"
E-20260330-0921,S-20260330-01,Incline Dumbbell Curl (Supinated),2,30.0,8.0,,,,3.0,1.0,3.0,1-2,,Tempo 3-1-3; RIR 1-2,4,2026-03-30T20:41:09.983Z,"=IFERROR(INDEX(tbl_Lookup_Exercises[Category],MATCH(tbl_Exercises[[#This Row],[ExerciseName]],tbl_Lookup_Exercises[ExerciseName],0)),""Unknown"")"
E-20260330-0922,S-20260330-01,Incline Dumbbell Curl (Supinated),3,30.0,6.0,,,,3.0,1.0,3.0,1-2,,Tempo 3-1-3; RIR 1-2; partial 7-10,4,2026-03-30T20:44:01.554Z,"=IFERROR(INDEX(tbl_Lookup_Exercises[Category],MATCH(tbl_Exercises[[#This Row],[ExerciseName]],tbl_Lookup_Exercises[ExerciseName],0)),""Unknown"")"
E-20260331-0923,S-20260331-01,Rowing,1,,,300.0,0.82,mi,,,,,,"Warmup 1322m=4,337 ft 3.244 in ",4,2026-03-31T20:23:58.712Z,"=IFERROR(INDEX(tbl_Lookup_Exercises[Category],MATCH(tbl_Exercises[[#This Row],[ExerciseName]],tbl_Lookup_Exercises[ExerciseName],0)),""Unknown"")"
E-20260331-0924,S-20260331-01,Scap Push Ups,1,0.0,12.0,,,,,,,,,,4,2026-03-31T20:29:46.669Z,"=IFERROR(INDEX(tbl_Lookup_Exercises[Category],MATCH(tbl_Exercises[[#This Row],[ExerciseName]],tbl_Lookup_Exercises[ExerciseName],0)),""Unknown"")"
E-20260331-0925,S-20260331-01,Smith Machine Bench Press,1,125.0,8.0,,,,3.0,1.0,1.0,2,,Tempo 3-1-1; RIR 2,4,2026-03-31T20:31:19.042Z,"=IFERROR(INDEX(tbl_Lookup_Exercises[Category],MATCH(tbl_Exercises[[#This Row],[ExerciseName]],tbl_Lookup_Exercises[ExerciseName],0)),""Unknown"")"
E-20260331-0926,S-20260331-01,Smith Machine Bench Press,2,125.0,8.0,,,,3.0,1.0,1.0,2,,Tempo 3-1-1; RIR 2,4,2026-03-31T20:33:34.463Z,"=IFERROR(INDEX(tbl_Lookup_Exercises[Category],MATCH(tbl_Exercises[[#This Row],[ExerciseName]],tbl_Lookup_Exercises[ExerciseName],0)),""Unknown"")"
E-20260331-0927,S-20260331-01,Smith Machine Bench Press,3,125.0,6.0,,,,3.0,1.0,1.0,1-2,,Tempo 3-1-1; RIR 1-2,4,2026-03-31T20:36:02.626Z,"=IFERROR(INDEX(tbl_Lookup_Exercises[Category],MATCH(tbl_Exercises[[#This Row],[ExerciseName]],tbl_Lookup_Exercises[ExerciseName],0)),""Unknown"")"
E-20260331-0928,S-20260331-01,Smith Machine Bench Press,4,125.0,6.0,,,,3.0,1.0,1.0,1,,Tempo 3-1-1; RIR 1,4,2026-03-31T20:38:36.011Z,"=IFERROR(INDEX(tbl_Lookup_Exercises[Category],MATCH(tbl_Exercises[[#This Row],[ExerciseName]],tbl_Lookup_Exercises[ExerciseName],0)),""Unknown"")"
E-20260331-0929,S-20260331-01,Single Arm Cable Press,1,22.5,12.0,,,,2.0,2.0,2.0,2,,Tempo 2-2-2; RIR 2,4,2026-03-31T20:45:45.221Z,"=IFERROR(INDEX(tbl_Lookup_Exercises[Category],MATCH(tbl_Exercises[[#This Row],[ExerciseName]],tbl_Lookup_Exercises[ExerciseName],0)),""Unknown"")"
E-20260331-0930,S-20260331-01,Single Arm Cable Press,2,25.0,12.0,,,,2.0,2.0,2.0,2,,Tempo 2-2-2; RIR 2,4,2026-03-31T20:48:42.404Z,"=IFERROR(INDEX(tbl_Lookup_Exercises[Category],MATCH(tbl_Exercises[[#This Row],[ExerciseName]],tbl_Lookup_Exercises[ExerciseName],0)),""Unknown"")"
E-20260331-0931,S-20260331-01,Single Arm Cable Press,3,30.0,12.0,,,,2.0,2.0,2.0,1,,Tempo 2-2-2; RIR 1,4,2026-03-31T20:52:12.511Z,"=IFERROR(INDEX(tbl_Lookup_Exercises[Category],MATCH(tbl_Exercises[[#This Row],[ExerciseName]],tbl_Lookup_Exercises[ExerciseName],0)),""Unknown"")"
E-20260331-0932,S-20260331-01,Rope Push-Downs,1,50.0,12.0,,,,2.0,1.0,2.0,1-2,,Tempo 2-1-2; RIR 1-2,4,2026-03-31T20:55:24.252Z,"=IFERROR(INDEX(tbl_Lookup_Exercises[Category],MATCH(tbl_Exercises[[#This Row],[ExerciseName]],tbl_Lookup_Exercises[ExerciseName],0)),""Unknown"")"
E-20260331-0933,S-20260331-01,Rope Push-Downs,2,50.0,10.0,,,,2.0,1.0,2.0,1-2,,Tempo 2-1-2; RIR 1-2,4,2026-03-31T20:57:40.323Z,"=IFERROR(INDEX(tbl_Lookup_Exercises[Category],MATCH(tbl_Exercises[[#This Row],[ExerciseName]],tbl_Lookup_Exercises[ExerciseName],0)),""Unknown"")"
E-20260331-0934,S-20260331-01,Rope Push-Downs,3,50.0,8.0,,,,2.0,1.0,2.0,1-2,2026-03-31T20:59:48.155Z,Tempo 2-1-2; RIR 1-2; rest pause,4,2026-03-31T20:59:52.823Z,"=IFERROR(INDEX(tbl_Lookup_Exercises[Category],MATCH(tbl_Exercises[[#This Row],[ExerciseName]],tbl_Lookup_Exercises[ExerciseName],0)),""Unknown"")"
E-20260331-0935,S-20260331-01,Rope Push-Downs,4,50.0,3.0,,,,2.0,1.0,2.0,1-2,2026-03-31T20:59:48.155Z,Tempo 2-1-2; RIR 1-2; rest pause,4,2026-03-31T21:00:25.308Z,"=IFERROR(INDEX(tbl_Lookup_Exercises[Category],MATCH(tbl_Exercises[[#This Row],[ExerciseName]],tbl_Lookup_Exercises[ExerciseName],0)),""Unknown"")"
E-20260331-0936,S-20260331-01,Rope Push-Downs,5,50.0,7.0,,,,2.0,1.0,2.0,1-2,2026-03-31T21:02:32.111Z,Tempo 2-1-2; RIR 1-2; rest pause,4,2026-03-31T21:02:32.814Z,"=IFERROR(INDEX(tbl_Lookup_Exercises[Category],MATCH(tbl_Exercises[[#This Row],[ExerciseName]],tbl_Lookup_Exercises[ExerciseName],0)),""Unknown"")"
E-20260331-0937,S-20260331-01,Rope Push-Downs,6,50.0,2.5,,,,2.0,1.0,2.0,1-2,2026-03-31T21:02:32.111Z,Tempo 2-1-2; RIR 1-2; rest pause,4,2026-03-31T21:03:08.887Z,"=IFERROR(INDEX(tbl_Lookup_Exercises[Category],MATCH(tbl_Exercises[[#This Row],[ExerciseName]],tbl_Lookup_Exercises[ExerciseName],0)),""Unknown"")"
E-20260331-0938,S-20260331-01,Single-Arm Overhead Cable Extension,1,12.5,10.0,,,,3.0,1.0,3.0,1,,Tempo 3-1-3; RIR 1; tapped 9-10,4,2026-03-31T21:06:47.494Z,"=IFERROR(INDEX(tbl_Lookup_Exercises[Category],MATCH(tbl_Exercises[[#This Row],[ExerciseName]],tbl_Lookup_Exercises[ExerciseName],0)),""Unknown"")"
E-20260331-0939,S-20260331-01,Single-Arm Overhead Cable Extension,2,12.5,10.0,,,,3.0,1.0,3.0,1,,Tempo 3-1-3; RIR 1; tapped 9-10,4,2026-03-31T21:10:02.380Z,"=IFERROR(INDEX(tbl_Lookup_Exercises[Category],MATCH(tbl_Exercises[[#This Row],[ExerciseName]],tbl_Lookup_Exercises[ExerciseName],0)),""Unknown"")"
E-20260331-0940,S-20260331-01,Single-Arm Overhead Cable Extension,3,12.5,10.0,,,,3.0,1.0,3.0,1,,Tempo 3-1-3; RIR 1; tapped 9-10,4,2026-03-31T21:13:33.491Z,"=IFERROR(INDEX(tbl_Lookup_Exercises[Category],MATCH(tbl_Exercises[[#This Row],[ExerciseName]],tbl_Lookup_Exercises[ExerciseName],0)),""Unknown"")"
E-20260331-0941,S-20260331-01,Dumbbell Lateral Raise,1,10.0,12.0,,,,2.0,2.0,2.0,1-2,,Tempo 2-2-2; RIR 1-2,4,2026-03-31T21:20:32.709Z,"=IFERROR(INDEX(tbl_Lookup_Exercises[Category],MATCH(tbl_Exercises[[#This Row],[ExerciseName]],tbl_Lookup_Exercises[ExerciseName],0)),""Unknown"")"
E-20260331-0942,S-20260331-01,Dumbbell Lateral Raise,2,10.0,12.0,,,,2.0,2.0,2.0,1-2,,Tempo 2-2-2; RIR 1-2,4,2026-03-31T21:23:26.506Z,"=IFERROR(INDEX(tbl_Lookup_Exercises[Category],MATCH(tbl_Exercises[[#This Row],[ExerciseName]],tbl_Lookup_Exercises[ExerciseName],0)),""Unknown"")"
E-20260331-0943,S-20260331-01,Cable Chest Press (2 Arm),1,30.0,25.0,,,,2.0,2.0,2.0,1-2,,Burnout; tempo 2-2-2; RIR 1-2; 15# plates per side ,4,2026-03-31T21:24:06.413Z,"=IFERROR(INDEX(tbl_Lookup_Exercises[Category],MATCH(tbl_Exercises[[#This Row],[ExerciseName]],tbl_Lookup_Exercises[ExerciseName],0)),""Unknown"")"
E-20260331-0944,S-20260331-01,Dumbbell Lateral Raise,3,10.0,12.0,,,,2.0,2.0,2.0,1,,Tempo 2-2-2; RIR 1,4,2026-03-31T21:26:33.094Z,"=IFERROR(INDEX(tbl_Lookup_Exercises[Category],MATCH(tbl_Exercises[[#This Row],[ExerciseName]],tbl_Lookup_Exercises[ExerciseName],0)),""Unknown"")"
E-20260331-0945,S-20260331-01,Single Arm Cable Press,4,15.0,17.0,,,,2.0,2.0,2.0,1,,Burnout set; tempo 2-2-2; RIR 1,4,2026-03-31T21:30:52.258Z,"=IFERROR(INDEX(tbl_Lookup_Exercises[Category],MATCH(tbl_Exercises[[#This Row],[ExerciseName]],tbl_Lookup_Exercises[ExerciseName],0)),""Unknown"")"
E-20260401-0946,S-20260401-01,Rowing,1,,,300.0,0.84,mi,,,,,,Warmup,4,2026-04-01T14:59:01.254Z,"=IFERROR(INDEX(tbl_Lookup_Exercises[Category],MATCH(tbl_Exercises[[#This Row],[ExerciseName]],tbl_Lookup_Exercises[ExerciseName],0)),""Unknown"")"
E-20260401-0947,S-20260401-01,Chest Supported DB Row (Spider),1,75.0,10.0,,,,2.0,1.0,2.0,1-2,,Tempo 2-1-2; RIR 1-2,4,2026-04-01T15:07:27.390Z,"=IFERROR(INDEX(tbl_Lookup_Exercises[Category],MATCH(tbl_Exercises[[#This Row],[ExerciseName]],tbl_Lookup_Exercises[ExerciseName],0)),""Unknown"")"
E-20260401-0948,S-20260401-01,Chest Supported DB Row (Spider),2,75.0,9.0,,,,2.0,1.0,2.0,1-2,,Tempo 2-1-2; RIR 1-2; I didn’t love the ROM / contraction at 9 but I was able to hold,4,2026-04-01T15:10:01.941Z,"=IFERROR(INDEX(tbl_Lookup_Exercises[Category],MATCH(tbl_Exercises[[#This Row],[ExerciseName]],tbl_Lookup_Exercises[ExerciseName],0)),""Unknown"")"
E-20260401-0949,S-20260401-01,Chest Supported DB Row (Spider),3,75.0,7.0,,,,2.0,1.0,2.0,1,,Tempo 2-1-2; RIR 1,4,2026-04-01T15:12:15.275Z,"=IFERROR(INDEX(tbl_Lookup_Exercises[Category],MATCH(tbl_Exercises[[#This Row],[ExerciseName]],tbl_Lookup_Exercises[ExerciseName],0)),""Unknown"")"
E-20260401-0950,S-20260401-01,Chest Supported DB Row (Spider),4,75.0,7.0,,,,2.0,1.0,2.0,1,,Tempo 2-1-2; RIR 1; partials to 10,4,2026-04-01T15:16:06.329Z,"=IFERROR(INDEX(tbl_Lookup_Exercises[Category],MATCH(tbl_Exercises[[#This Row],[ExerciseName]],tbl_Lookup_Exercises[ExerciseName],0)),""Unknown"")"
E-20260401-0951,S-20260401-01,Single-Arm Neutral Grip Cable Pulldown,1,170.0,10.0,,,,2.0,2.0,1.0,1-2,,Lay pulldown machine; tempo 2-2-1; RIR 1-2,4,2026-04-01T15:18:51.260Z,"=IFERROR(INDEX(tbl_Lookup_Exercises[Category],MATCH(tbl_Exercises[[#This Row],[ExerciseName]],tbl_Lookup_Exercises[ExerciseName],0)),""Unknown"")"
E-20260401-0952,S-20260401-01,Single-Arm Neutral Grip Cable Pulldown,2,170.0,10.0,,,,2.0,2.0,1.0,1-2,,Lay pulldown machine; tempo 2-2-1; RIR 1-2,4,2026-04-01T15:20:44.513Z,"=IFERROR(INDEX(tbl_Lookup_Exercises[Category],MATCH(tbl_Exercises[[#This Row],[ExerciseName]],tbl_Lookup_Exercises[ExerciseName],0)),""Unknown"")"
E-20260401-0953,S-20260401-01,Single-Arm Neutral Grip Cable Pulldown,3,170.0,10.0,,,,2.0,2.0,1.0,1-2,,Lay pulldown machine; tempo 2-2-1; RIR 1-2; right weaker,4,2026-04-01T15:22:08.516Z,"=IFERROR(INDEX(tbl_Lookup_Exercises[Category],MATCH(tbl_Exercises[[#This Row],[ExerciseName]],tbl_Lookup_Exercises[ExerciseName],0)),""Unknown"")"
E-20260401-0954,S-20260401-01,Single-Arm Neutral Grip Cable Pulldown,4,170.0,8.0,,,,2.0,2.0,1.0,0-1,,Slight right anterior capsule awareness; Lat pulldown machine; tempo 2-2-1; RIR 0-1; right weaker,4,2026-04-01T15:24:17.194Z,"=IFERROR(INDEX(tbl_Lookup_Exercises[Category],MATCH(tbl_Exercises[[#This Row],[ExerciseName]],tbl_Lookup_Exercises[ExerciseName],0)),""Unknown"")"
E-20260401-0955,S-20260401-01,Seat Cable Row (V / Narrow Neutral Grip),1,140.0,12.0,,,,2.0,2.0,2.0,2,,Wider grip attachment (neutral shoulder width); Tempo 2-2-2; RIR 2; 70# plate,4,2026-04-01T15:29:01.172Z,"=IFERROR(INDEX(tbl_Lookup_Exercises[Category],MATCH(tbl_Exercises[[#This Row],[ExerciseName]],tbl_Lookup_Exercises[ExerciseName],0)),""Unknown"")"
E-20260401-0956,S-20260401-01,Seat Cable Row (V / Narrow Neutral Grip),2,170.0,12.0,,,,2.0,2.0,2.0,2,,Wider grip attachment (neutral shoulder width); Tempo 2-2-2; RIR 2; 70# plate,4,2026-04-01T15:33:00.026Z,"=IFERROR(INDEX(tbl_Lookup_Exercises[Category],MATCH(tbl_Exercises[[#This Row],[ExerciseName]],tbl_Lookup_Exercises[ExerciseName],0)),""Unknown"")"
E-20260401-0957,S-20260401-01,Seat Cable Row (V / Narrow Neutral Grip),3,200.0,12.0,,,,2.0,2.0,2.0,2,,Wider grip attachment (neutral shoulder width); Tempo 2-2-2; RIR 2; 100# plate,4,2026-04-01T15:34:56.994Z,"=IFERROR(INDEX(tbl_Lookup_Exercises[Category],MATCH(tbl_Exercises[[#This Row],[ExerciseName]],tbl_Lookup_Exercises[ExerciseName],0)),""Unknown"")"
E-20260401-0958,S-20260401-01,Rear Delt Cable Fly,1,10.0,14.0,,,,2.0,2.0,2.0,1-2,,Tempo 2-2-2; RIR 1-2; ,4,2026-04-01T15:39:26.529Z,"=IFERROR(INDEX(tbl_Lookup_Exercises[Category],MATCH(tbl_Exercises[[#This Row],[ExerciseName]],tbl_Lookup_Exercises[ExerciseName],0)),""Unknown"")"
E-20260401-0959,S-20260401-01,Rear Delt Cable Fly,2,7.5,15.0,,,,2.0,2.0,2.0,2,,Tempo 2-2-2; RIR 2,4,2026-04-01T15:42:05.577Z,"=IFERROR(INDEX(tbl_Lookup_Exercises[Category],MATCH(tbl_Exercises[[#This Row],[ExerciseName]],tbl_Lookup_Exercises[ExerciseName],0)),""Unknown"")"
E-20260401-0960,S-20260401-01,Rear Delt Cable Fly,3,7.5,15.0,,,,2.0,2.0,2.0,2,,Tempo 2-2-2; RIR 2,4,2026-04-01T15:44:39.474Z,"=IFERROR(INDEX(tbl_Lookup_Exercises[Category],MATCH(tbl_Exercises[[#This Row],[ExerciseName]],tbl_Lookup_Exercises[ExerciseName],0)),""Unknown"")"
E-20260401-0961,S-20260401-01,Suitcase Carries,1,75.0,,60.0,,,,,,,,2.5 mph; 0 incline,4,2026-04-01T15:48:59.822Z,"=IFERROR(INDEX(tbl_Lookup_Exercises[Category],MATCH(tbl_Exercises[[#This Row],[ExerciseName]],tbl_Lookup_Exercises[ExerciseName],0)),""Unknown"")"
E-20260401-0962,S-20260401-01,Suitcase Carries,2,75.0,,57.0,,,,,,,,2.5 mph; 0 incline,4,2026-04-01T15:52:14.862Z,"=IFERROR(INDEX(tbl_Lookup_Exercises[Category],MATCH(tbl_Exercises[[#This Row],[ExerciseName]],tbl_Lookup_Exercises[ExerciseName],0)),""Unknown"")"
E-20260401-0963,S-20260401-01,Suitcase Carries,3,75.0,,45.0,,,,,,,,2.5 mph; 0 incline,4,2026-04-01T15:55:01.239Z,"=IFERROR(INDEX(tbl_Lookup_Exercises[Category],MATCH(tbl_Exercises[[#This Row],[ExerciseName]],tbl_Lookup_Exercises[ExerciseName],0)),""Unknown"")"
E-20260401-0964,S-20260401-01,Incline Dumbbell Curl (Supinated),1,30.0,10.0,,,,2.0,1.0,2.0,2,,Tempo 2-1-2; RIR 2,4,2026-04-01T15:58:52.012Z,"=IFERROR(INDEX(tbl_Lookup_Exercises[Category],MATCH(tbl_Exercises[[#This Row],[ExerciseName]],tbl_Lookup_Exercises[ExerciseName],0)),""Unknown"")"
E-20260401-0965,S-20260401-01,Incline Dumbbell Curl (Supinated),2,30.0,7.0,,,,2.0,1.0,2.0,2,,Tempo 2-1-2; RIR 2,4,2026-04-01T16:01:43.564Z,"=IFERROR(INDEX(tbl_Lookup_Exercises[Category],MATCH(tbl_Exercises[[#This Row],[ExerciseName]],tbl_Lookup_Exercises[ExerciseName],0)),""Unknown"")"
E-20260402-0966,S-20260402-01,Rowing,1,,,300.0,0.83,mi,,,,,,Warmup,4,2026-04-02T17:04:31.339Z,"=IFERROR(INDEX(tbl_Lookup_Exercises[Category],MATCH(tbl_Exercises[[#This Row],[ExerciseName]],tbl_Lookup_Exercises[ExerciseName],0)),""Unknown"")"
E-20260402-0967,S-20260402-01,Incline Dumbbell Curl (Supinated),1,30.0,11.0,,,,3.0,1.0,2.0,1-2,,Tempo 3-1-2; RIR 1-2,4,2026-04-02T17:06:07.553Z,"=IFERROR(INDEX(tbl_Lookup_Exercises[Category],MATCH(tbl_Exercises[[#This Row],[ExerciseName]],tbl_Lookup_Exercises[ExerciseName],0)),""Unknown"")"
E-20260402-0968,S-20260402-01,Incline Dumbbell Curl (Supinated),2,30.0,10.0,,,,3.0,1.0,2.0,1-2,,Tempo 3-1-2; RIR 1-2,4,2026-04-02T17:09:17.706Z,"=IFERROR(INDEX(tbl_Lookup_Exercises[Category],MATCH(tbl_Exercises[[#This Row],[ExerciseName]],tbl_Lookup_Exercises[ExerciseName],0)),""Unknown"")"
E-20260402-0969,S-20260402-01,Incline Dumbbell Curl (Supinated),3,30.0,8.0,,,,3.0,1.0,2.0,1-2,,Tempo 3-1-2; RIR 1-2,4,2026-04-02T17:11:47.648Z,"=IFERROR(INDEX(tbl_Lookup_Exercises[Category],MATCH(tbl_Exercises[[#This Row],[ExerciseName]],tbl_Lookup_Exercises[ExerciseName],0)),""Unknown"")"
E-20260402-0970,S-20260402-01,Incline Dumbbell Curl (Supinated),4,30.0,7.0,,,,3.0,1.0,2.0,1-2,,Tempo 3-1-2; RIR 1-2,4,2026-04-02T17:14:33.953Z,"=IFERROR(INDEX(tbl_Lookup_Exercises[Category],MATCH(tbl_Exercises[[#This Row],[ExerciseName]],tbl_Lookup_Exercises[ExerciseName],0)),""Unknown"")"
E-20260402-0971,S-20260402-01,DB Spider Curl (Hammer),1,35.0,15.0,,,,2.0,1.0,2.0,1-2,,Alternating; tempo 2-1-2; RIR 1-2; will try 40 next set,4,2026-04-02T17:18:33.228Z,"=IFERROR(INDEX(tbl_Lookup_Exercises[Category],MATCH(tbl_Exercises[[#This Row],[ExerciseName]],tbl_Lookup_Exercises[ExerciseName],0)),""Unknown"")"
E-20260402-0972,S-20260402-01,DB Spider Curl (Hammer),2,40.0,15.0,,,,2.0,1.0,1.0,1-2,,Alternating; tempo 2-1-1; RIR 1-2; didn’t love the contraction but decent for 40#,4,2026-04-02T17:22:37.904Z,"=IFERROR(INDEX(tbl_Lookup_Exercises[Category],MATCH(tbl_Exercises[[#This Row],[ExerciseName]],tbl_Lookup_Exercises[ExerciseName],0)),""Unknown"")"
E-20260402-0973,S-20260402-01,DB Spider Curl (Hammer),3,40.0,14.0,,,,2.0,1.0,1.0,1-2,,Alternating; tempo 2-1-1; RIR 1-2; didn’t love the contraction but decent for 40#,4,2026-04-02T17:26:06.676Z,"=IFERROR(INDEX(tbl_Lookup_Exercises[Category],MATCH(tbl_Exercises[[#This Row],[ExerciseName]],tbl_Lookup_Exercises[ExerciseName],0)),""Unknown"")"
E-20260402-0974,S-20260402-01,Rope Push-Downs,1,50.0,12.0,,,,2.0,1.0,2.0,1-2,,Tempo 2-1-2; RIR 1-2,4,2026-04-02T17:28:33.257Z,"=IFERROR(INDEX(tbl_Lookup_Exercises[Category],MATCH(tbl_Exercises[[#This Row],[ExerciseName]],tbl_Lookup_Exercises[ExerciseName],0)),""Unknown"")"
E-20260402-0975,S-20260402-01,Rope Push-Downs,2,50.0,12.0,,,,2.0,1.0,2.0,1-2,,Tempo 2-1-2; RIR 1-2,4,2026-04-02T17:31:00.279Z,"=IFERROR(INDEX(tbl_Lookup_Exercises[Category],MATCH(tbl_Exercises[[#This Row],[ExerciseName]],tbl_Lookup_Exercises[ExerciseName],0)),""Unknown"")"
E-20260402-0976,S-20260402-01,Rope Push-Downs,3,50.0,9.0,,,,2.0,1.0,2.0,1,,Tempo 2-1-2; RIR 1,4,2026-04-02T17:33:21.744Z,"=IFERROR(INDEX(tbl_Lookup_Exercises[Category],MATCH(tbl_Exercises[[#This Row],[ExerciseName]],tbl_Lookup_Exercises[ExerciseName],0)),""Unknown"")"
E-20260402-0977,S-20260402-01,Rope Push-Downs,4,50.0,9.0,,,,2.0,1.0,2.0,1,,Tempo 2-1-2; RIR 1,4,2026-04-02T17:36:23.899Z,"=IFERROR(INDEX(tbl_Lookup_Exercises[Category],MATCH(tbl_Exercises[[#This Row],[ExerciseName]],tbl_Lookup_Exercises[ExerciseName],0)),""Unknown"")"
E-20260402-0978,S-20260402-01,Dumbbell Lateral Raise,1,10.0,15.0,,,,2.0,2.0,2.0,1-2,,Tempo 2-2-2; RIR 1-2,4,2026-04-02T17:49:25.889Z,"=IFERROR(INDEX(tbl_Lookup_Exercises[Category],MATCH(tbl_Exercises[[#This Row],[ExerciseName]],tbl_Lookup_Exercises[ExerciseName],0)),""Unknown"")"
E-20260402-0979,S-20260402-01,Dumbbell Lateral Raise,2,10.0,15.0,,,,2.0,2.0,2.0,1-2,,Tempo 2-2-2; RIR 1-2,4,2026-04-02T17:52:15.294Z,"=IFERROR(INDEX(tbl_Lookup_Exercises[Category],MATCH(tbl_Exercises[[#This Row],[ExerciseName]],tbl_Lookup_Exercises[ExerciseName],0)),""Unknown"")"
E-20260402-0980,S-20260402-01,Single Arm Cable Extensions,1,12.5,14.0,,,,3.0,1.0,2.0,1-2,,D-grip and supinated this week instead of rope / pronated grip; tempo 3-1-2; RIR 1-2,4,2026-04-02T17:53:20.661Z,"=IFERROR(INDEX(tbl_Lookup_Exercises[Category],MATCH(tbl_Exercises[[#This Row],[ExerciseName]],tbl_Lookup_Exercises[ExerciseName],0)),""Unknown"")"
E-20260402-0981,S-20260402-01,Single Arm Cable Extensions,2,12.5,12.0,,,,3.0,1.0,2.0,1-2,,D-grip and supinated this week instead of rope / pronated grip; tempo 3-1-2; RIR 1-2,4,2026-04-02T17:53:25.190Z,"=IFERROR(INDEX(tbl_Lookup_Exercises[Category],MATCH(tbl_Exercises[[#This Row],[ExerciseName]],tbl_Lookup_Exercises[ExerciseName],0)),""Unknown"")"
E-20260402-0982,S-20260402-01,Single Arm Cable Extensions,3,15.0,11.0,,,,3.0,1.0,2.0,1-2,,D-grip and supinated this week instead of rope / pronated grip; tempo 3-1-2; RIR 1-2,4,2026-04-02T17:53:28.892Z,"=IFERROR(INDEX(tbl_Lookup_Exercises[Category],MATCH(tbl_Exercises[[#This Row],[ExerciseName]],tbl_Lookup_Exercises[ExerciseName],0)),""Unknown"")"
E-20260402-0983,S-20260402-01,Dumbbell Lateral Raise,3,10.0,14.0,,,,2.0,2.0,2.0,0-1,,Tempo 2-2-2; RIR 0-1,4,2026-04-02T17:55:51.228Z,"=IFERROR(INDEX(tbl_Lookup_Exercises[Category],MATCH(tbl_Exercises[[#This Row],[ExerciseName]],tbl_Lookup_Exercises[ExerciseName],0)),""Unknown"")"
E-20260402-0984,S-20260402-01,Farmer's Walk,1,150.0,,60.0,,,,,,,,2.5mph; 0 incline ,4,2026-04-02T17:59:31.743Z,"=IFERROR(INDEX(tbl_Lookup_Exercises[Category],MATCH(tbl_Exercises[[#This Row],[ExerciseName]],tbl_Lookup_Exercises[ExerciseName],0)),""Unknown"")"
E-20260402-0985,S-20260402-01,Farmer's Walk,2,150.0,,60.0,,,,,,,,2.5mph; 0 incline; grip started failing,4,2026-04-02T18:02:12.293Z,"=IFERROR(INDEX(tbl_Lookup_Exercises[Category],MATCH(tbl_Exercises[[#This Row],[ExerciseName]],tbl_Lookup_Exercises[ExerciseName],0)),""Unknown"")"
E-20260402-0986,S-20260402-01,Farmer's Walk,3,150.0,,49.199999999999996,,,,,,,,2.5mph; 0 incline; grip started failing,4,2026-04-02T18:04:29.941Z,"=IFERROR(INDEX(tbl_Lookup_Exercises[Category],MATCH(tbl_Exercises[[#This Row],[ExerciseName]],tbl_Lookup_Exercises[ExerciseName],0)),""Unknown"")"
E-20260402-0987,S-20260402-01,Standing Single Arm Cable Curl,1,15.0,18.0,,,,2.0,1.0,2.0,0-1,,Burnout tempo 2-1-2; RIR 0-1,4,2026-04-02T18:09:57.525Z,"=IFERROR(INDEX(tbl_Lookup_Exercises[Category],MATCH(tbl_Exercises[[#This Row],[ExerciseName]],tbl_Lookup_Exercises[ExerciseName],0)),""Unknown"")"
E-20260407-0988,S-20260407-01,Dumbbell Romanian Deadlift,1,130.0,8.0,,,,3.0,1.0,1.0,2,,Tempo 3-1-1; RIR 2,5,2026-04-07T22:09:19.411Z,"=IFERROR(INDEX(tbl_Lookup_Exercises[Category],MATCH(tbl_Exercises[[#This Row],[ExerciseName]],tbl_Lookup_Exercises[ExerciseName],0)),""Unknown"")"
E-20260407-0989,S-20260407-01,Dumbbell Romanian Deadlift,2,140.0,8.0,,,,3.0,1.0,1.0,2,,Tempo 3-1-1; RIR 2,5,2026-04-07T22:11:18.299Z,"=IFERROR(INDEX(tbl_Lookup_Exercises[Category],MATCH(tbl_Exercises[[#This Row],[ExerciseName]],tbl_Lookup_Exercises[ExerciseName],0)),""Unknown"")"
E-20260407-0990,S-20260407-01,Dumbbell Romanian Deadlift,3,140.0,8.0,,,,3.0,1.0,1.0,2,,Tempo 3-1-1; RIR 2,5,2026-04-07T22:14:29.026Z,"=IFERROR(INDEX(tbl_Lookup_Exercises[Category],MATCH(tbl_Exercises[[#This Row],[ExerciseName]],tbl_Lookup_Exercises[ExerciseName],0)),""Unknown"")"
E-20260407-0991,S-20260407-01,Dumbbell Romanian Deadlift,4,140.0,8.0,,,,3.0,1.0,1.0,2,,Tempo 3-1-1; RIR 2,5,2026-04-07T22:16:51.379Z,"=IFERROR(INDEX(tbl_Lookup_Exercises[Category],MATCH(tbl_Exercises[[#This Row],[ExerciseName]],tbl_Lookup_Exercises[ExerciseName],0)),""Unknown"")"
E-20260407-0992,S-20260407-01,Bulgarian Split Squat,1,30.0,8.0,,,,2.0,1.0,2.0,1-2,,Tempo 2-1-2; RIR 1-2,5,2026-04-07T22:20:28.151Z,"=IFERROR(INDEX(tbl_Lookup_Exercises[Category],MATCH(tbl_Exercises[[#This Row],[ExerciseName]],tbl_Lookup_Exercises[ExerciseName],0)),""Unknown"")"
E-20260407-0993,S-20260407-01,Bulgarian Split Squat,2,40.0,8.0,,,,2.0,1.0,2.0,1-2,,Tempo 2-1-2; RIR 1-2,5,2026-04-07T22:22:34.077Z,"=IFERROR(INDEX(tbl_Lookup_Exercises[Category],MATCH(tbl_Exercises[[#This Row],[ExerciseName]],tbl_Lookup_Exercises[ExerciseName],0)),""Unknown"")"
E-20260407-0994,S-20260407-01,Bulgarian Split Squat,3,40.0,8.0,,,,2.0,1.0,2.0,1-2,,Tempo 2-1-2; RIR 1-2,5,2026-04-07T22:25:33.146Z,"=IFERROR(INDEX(tbl_Lookup_Exercises[Category],MATCH(tbl_Exercises[[#This Row],[ExerciseName]],tbl_Lookup_Exercises[ExerciseName],0)),""Unknown"")"
E-20260407-0995,S-20260407-01,Chest Supported DB Row (Spider),1,70.0,8.0,,,,2.0,1.0,2.0,1-2,,Tempo 2-1-2; RIR 1-2; I misread the prescribed reps. Thought it was straight 8. ,5,2026-04-07T22:28:16.670Z,"=IFERROR(INDEX(tbl_Lookup_Exercises[Category],MATCH(tbl_Exercises[[#This Row],[ExerciseName]],tbl_Lookup_Exercises[ExerciseName],0)),""Unknown"")"
E-20260407-0996,S-20260407-01,Chest Supported DB Row (Spider),2,70.0,8.0,,,,2.0,1.0,2.0,1-2,,Tempo 2-1-2; RIR 1-2,5,2026-04-07T22:30:20.900Z,"=IFERROR(INDEX(tbl_Lookup_Exercises[Category],MATCH(tbl_Exercises[[#This Row],[ExerciseName]],tbl_Lookup_Exercises[ExerciseName],0)),""Unknown"")"
E-20260407-0997,S-20260407-01,Chest Supported DB Row (Spider),3,70.0,8.0,,,,2.0,1.0,2.0,1-2,,Tempo 2-1-2; RIR 1-2; I misread the prescribed reps. Thought it was straight 8. ,5,2026-04-07T22:32:37.182Z,"=IFERROR(INDEX(tbl_Lookup_Exercises[Category],MATCH(tbl_Exercises[[#This Row],[ExerciseName]],tbl_Lookup_Exercises[ExerciseName],0)),""Unknown"")"
E-20260407-0998,S-20260407-01,Chest Supported DB Row (Spider),4,70.0,8.0,,,,2.0,1.0,2.0,1-2,,Tempo 2-1-2; RIR 1-2; I misread the prescribed reps. Thought it was straight 8. ,5,2026-04-07T22:35:30.059Z,"=IFERROR(INDEX(tbl_Lookup_Exercises[Category],MATCH(tbl_Exercises[[#This Row],[ExerciseName]],tbl_Lookup_Exercises[ExerciseName],0)),""Unknown"")"
E-20260407-0999,S-20260407-01,Single-Arm Neutral Grip Cable Pulldown,1,130.0,10.0,,,,2.0,2.0,2.0,1-2,,Tempo 2-2-2; RIR 1-2,5,2026-04-07T22:41:33.397Z,"=IFERROR(INDEX(tbl_Lookup_Exercises[Category],MATCH(tbl_Exercises[[#This Row],[ExerciseName]],tbl_Lookup_Exercises[ExerciseName],0)),""Unknown"")"
E-20260407-1000,S-20260407-01,Single-Arm Neutral Grip Cable Pulldown,2,140.0,10.0,,,,2.0,2.0,2.0,1-2,,Tempo 2-2-2; RIR 1-2,5,2026-04-07T22:43:59.206Z,"=IFERROR(INDEX(tbl_Lookup_Exercises[Category],MATCH(tbl_Exercises[[#This Row],[ExerciseName]],tbl_Lookup_Exercises[ExerciseName],0)),""Unknown"")"
E-20260407-1001,S-20260407-01,Single-Arm Neutral Grip Cable Pulldown,3,150.0,10.0,,,,2.0,2.0,2.0,1-2,,Tempo 2-2-2; RIR 1-2,5,2026-04-07T22:47:13.464Z,"=IFERROR(INDEX(tbl_Lookup_Exercises[Category],MATCH(tbl_Exercises[[#This Row],[ExerciseName]],tbl_Lookup_Exercises[ExerciseName],0)),""Unknown"")"
E-20260407-1002,S-20260407-01,Suitcase Carries,1,70.0,,39.6,,,,,,,,2.5mph; grip started to fail; no energy. Significant caloric deficit coming into this workout. Not a great idea,5,2026-04-07T22:53:54.502Z,"=IFERROR(INDEX(tbl_Lookup_Exercises[Category],MATCH(tbl_Exercises[[#This Row],[ExerciseName]],tbl_Lookup_Exercises[ExerciseName],0)),""Unknown"")"
E-20260407-1003,S-20260407-01,Suitcase Carries,2,70.0,,39.6,,,,,,,,2.5mph; grip started to fail; no energy. Significant caloric deficit coming into this workout. Not a great idea,5,2026-04-07T22:56:32.379Z,"=IFERROR(INDEX(tbl_Lookup_Exercises[Category],MATCH(tbl_Exercises[[#This Row],[ExerciseName]],tbl_Lookup_Exercises[ExerciseName],0)),""Unknown"")"
E-20260407-1004,S-20260407-01,Suitcase Carries,3,70.0,,39.6,,,,,,,,2.5mph; grip started to fail; no energy. Significant caloric deficit coming into this workout. Not a great idea,5,2026-04-07T22:59:49.572Z,"=IFERROR(INDEX(tbl_Lookup_Exercises[Category],MATCH(tbl_Exercises[[#This Row],[ExerciseName]],tbl_Lookup_Exercises[ExerciseName],0)),""Unknown"")"
E-20260407-1005,S-20260407-01,Side Plank,1,0.0,,30.0,,,,,,,,,5,2026-04-07T23:04:59.331Z,"=IFERROR(INDEX(tbl_Lookup_Exercises[Category],MATCH(tbl_Exercises[[#This Row],[ExerciseName]],tbl_Lookup_Exercises[ExerciseName],0)),""Unknown"")"
E-20260407-1006,S-20260407-01,Side Plank,2,0.0,,45.0,,,,,,,,,5,2026-04-07T23:07:35.443Z,"=IFERROR(INDEX(tbl_Lookup_Exercises[Category],MATCH(tbl_Exercises[[#This Row],[ExerciseName]],tbl_Lookup_Exercises[ExerciseName],0)),""Unknown"")"
E-20260407-1007,S-20260407-01,Side Plank,3,0.0,,45.0,,,,,,,,On Palm vs elbow,5,2026-04-07T23:10:19.389Z,"=IFERROR(INDEX(tbl_Lookup_Exercises[Category],MATCH(tbl_Exercises[[#This Row],[ExerciseName]],tbl_Lookup_Exercises[ExerciseName],0)),""Unknown"")"
E-20260407-1008,S-20260407-01,Cycling,1,,,240.0,1.0,mi,,,,,,Cool down. I was completely spent and feeing sick. Not enough calories today,5,2026-04-07T23:21:22.283Z,"=IFERROR(INDEX(tbl_Lookup_Exercises[Category],MATCH(tbl_Exercises[[#This Row],[ExerciseName]],tbl_Lookup_Exercises[ExerciseName],0)),""Unknown"")"
E-20260409-1009,S-20260409-01,Scap Push Ups,1,0.0,12.0,,,,,,,,,,5,2026-04-09T11:27:54.763Z,"=IFERROR(INDEX(tbl_Lookup_Exercises[Category],MATCH(tbl_Exercises[[#This Row],[ExerciseName]],tbl_Lookup_Exercises[ExerciseName],0)),""Unknown"")"
E-20260409-1010,S-20260409-01,Scap Push Ups,2,0.0,12.0,,,,,,,,,,5,2026-04-09T11:27:55.279Z,"=IFERROR(INDEX(tbl_Lookup_Exercises[Category],MATCH(tbl_Exercises[[#This Row],[ExerciseName]],tbl_Lookup_Exercises[ExerciseName],0)),""Unknown"")"
E-20260409-1011,S-20260409-01,Cable External Rotation,1,5.0,10.0,,,,,,,,,,5,2026-04-09T11:28:00.336Z,"=IFERROR(INDEX(tbl_Lookup_Exercises[Category],MATCH(tbl_Exercises[[#This Row],[ExerciseName]],tbl_Lookup_Exercises[ExerciseName],0)),""Unknown"")"
E-20260409-1012,S-20260409-01,Cable External Rotation,2,5.0,10.0,,,,,,,,,,5,2026-04-09T11:28:00.834Z,"=IFERROR(INDEX(tbl_Lookup_Exercises[Category],MATCH(tbl_Exercises[[#This Row],[ExerciseName]],tbl_Lookup_Exercises[ExerciseName],0)),""Unknown"")"
E-20260409-1013,S-20260409-01,Serratus Wall Slides (banded),1,0.0,8.0,,,,,,,,,Towel,5,2026-04-09T11:28:14.579Z,"=IFERROR(INDEX(tbl_Lookup_Exercises[Category],MATCH(tbl_Exercises[[#This Row],[ExerciseName]],tbl_Lookup_Exercises[ExerciseName],0)),""Unknown"")"
E-20260409-1014,S-20260409-01,Serratus Wall Slides (banded),2,0.0,8.0,,,,,,,,,Towel,5,2026-04-09T11:28:15.431Z,"=IFERROR(INDEX(tbl_Lookup_Exercises[Category],MATCH(tbl_Exercises[[#This Row],[ExerciseName]],tbl_Lookup_Exercises[ExerciseName],0)),""Unknown"")"
E-20260409-1015,S-20260409-01,DB Neutral Press (slight Rotate To Underhand ),1,55.0,8.0,,,,3.0,1.0,1.0,2-1,,Flat bench; tempo 3-1-1; RIR 2-1,5,2026-04-09T11:28:54.585Z,"=IFERROR(INDEX(tbl_Lookup_Exercises[Category],MATCH(tbl_Exercises[[#This Row],[ExerciseName]],tbl_Lookup_Exercises[ExerciseName],0)),""Unknown"")"
E-20260409-1016,S-20260409-01,DB Neutral Press (slight Rotate To Underhand ),2,55.0,8.0,,,,3.0,1.0,1.0,2-1,,Flat bench; tempo 3-1-1; RIR 2-1,5,2026-04-09T11:30:26.844Z,"=IFERROR(INDEX(tbl_Lookup_Exercises[Category],MATCH(tbl_Exercises[[#This Row],[ExerciseName]],tbl_Lookup_Exercises[ExerciseName],0)),""Unknown"")"
E-20260409-1017,S-20260409-01,DB Neutral Press (slight Rotate To Underhand ),3,55.0,8.0,,,,3.0,1.0,2.0,1,,Flat bench; tempo 3-1-2; RIR 1,5,2026-04-09T11:33:08.721Z,"=IFERROR(INDEX(tbl_Lookup_Exercises[Category],MATCH(tbl_Exercises[[#This Row],[ExerciseName]],tbl_Lookup_Exercises[ExerciseName],0)),""Unknown"")"
E-20260409-1018,S-20260409-01,DB Neutral Press (slight Rotate To Underhand ),4,55.0,7.0,,,,3.0,1.0,1.0,1,,Flat bench; tempo 3-1-1; RIR 1,5,2026-04-09T11:35:47.894Z,"=IFERROR(INDEX(tbl_Lookup_Exercises[Category],MATCH(tbl_Exercises[[#This Row],[ExerciseName]],tbl_Lookup_Exercises[ExerciseName],0)),""Unknown"")"
E-20260409-1019,S-20260409-01,Low-Incline DB Press (15–30°),1,40.0,10.0,,,,3.0,1.0,2.0,2,,Incline ~30; tempo 3-1-2; RIR 2,5,2026-04-09T11:38:43.171Z,"=IFERROR(INDEX(tbl_Lookup_Exercises[Category],MATCH(tbl_Exercises[[#This Row],[ExerciseName]],tbl_Lookup_Exercises[ExerciseName],0)),""Unknown"")"
E-20260409-1020,S-20260409-01,Low-Incline DB Press (15–30°),2,50.0,10.0,,,,3.0,1.0,2.0,2,,Incline ~30; tempo 3-1-2; RIR 2,5,2026-04-09T11:41:01.616Z,"=IFERROR(INDEX(tbl_Lookup_Exercises[Category],MATCH(tbl_Exercises[[#This Row],[ExerciseName]],tbl_Lookup_Exercises[ExerciseName],0)),""Unknown"")"
E-20260409-1021,S-20260409-01,Low-Incline DB Press (15–30°),3,60.0,9.0,,,,3.0,1.0,2.0,2,,Incline ~30; tempo 3-1-2; RIR 2,5,2026-04-09T11:43:46.849Z,"=IFERROR(INDEX(tbl_Lookup_Exercises[Category],MATCH(tbl_Exercises[[#This Row],[ExerciseName]],tbl_Lookup_Exercises[ExerciseName],0)),""Unknown"")"
E-20260409-1022,S-20260409-01,Single-Arm DB Balance Press,1,20.0,10.0,,,,3.0,1.0,2.0,2-1,,"Tempo 3-1-2; RIR 2-1; used lower db weight as these are longer/wider dbs than typical (I.e., different from Planet Fitness)",5,2026-04-09T11:47:52.729Z,"=IFERROR(INDEX(tbl_Lookup_Exercises[Category],MATCH(tbl_Exercises[[#This Row],[ExerciseName]],tbl_Lookup_Exercises[ExerciseName],0)),""Unknown"")"
E-20260409-1023,S-20260409-01,Single-Arm DB Balance Press,2,30.0,10.0,,,,3.0,1.0,2.0,2-1,,"Tempo 3-1-2; RIR 2-1; used lower db weight as these are longer/wider dbs than typical (I.e., different from Planet Fitness)",5,2026-04-09T11:50:41.395Z,"=IFERROR(INDEX(tbl_Lookup_Exercises[Category],MATCH(tbl_Exercises[[#This Row],[ExerciseName]],tbl_Lookup_Exercises[ExerciseName],0)),""Unknown"")"
E-20260409-1024,S-20260409-01,Single-Arm DB Balance Press,3,40.0,5.0,,,,3.0,1.0,2.0,2-1,,"Tempo 3-1-2; RIR 2-1; used lower db weight as these are longer/wider dbs than typical (I.e., different from Planet Fitness)",5,2026-04-09T11:54:43.117Z,"=IFERROR(INDEX(tbl_Lookup_Exercises[Category],MATCH(tbl_Exercises[[#This Row],[ExerciseName]],tbl_Lookup_Exercises[ExerciseName],0)),""Unknown"")"
E-20260409-1025,S-20260409-01,Rope Push-Downs,1,45.0,10.0,,,,2.0,1.0,2.0,2-1,,Tempo 2-1-2; RIR 2-1,5,2026-04-09T11:56:38.110Z,"=IFERROR(INDEX(tbl_Lookup_Exercises[Category],MATCH(tbl_Exercises[[#This Row],[ExerciseName]],tbl_Lookup_Exercises[ExerciseName],0)),""Unknown"")"
E-20260409-1026,S-20260409-01,Rope Push-Downs,2,45.0,9.0,,,,2.0,1.0,2.0,2-1,,Tempo 2-1-2; RIR 2-1; strict form,5,2026-04-09T11:58:40.315Z,"=IFERROR(INDEX(tbl_Lookup_Exercises[Category],MATCH(tbl_Exercises[[#This Row],[ExerciseName]],tbl_Lookup_Exercises[ExerciseName],0)),""Unknown"")"
E-20260409-1027,S-20260409-01,Rope Push-Downs,3,50.0,7.0,,,,2.0,1.0,2.0,1,,Tempo 2-1-2; RIR 1; strict form,5,2026-04-09T12:00:42.088Z,"=IFERROR(INDEX(tbl_Lookup_Exercises[Category],MATCH(tbl_Exercises[[#This Row],[ExerciseName]],tbl_Lookup_Exercises[ExerciseName],0)),""Unknown"")"
E-20260409-1028,S-20260409-01,Rope Push-Downs,4,50.0,5.0,,,,2.0,1.0,2.0,0,,Tempo 2-1-2; RIR 0; strict form,5,2026-04-09T12:02:33.016Z,"=IFERROR(INDEX(tbl_Lookup_Exercises[Category],MATCH(tbl_Exercises[[#This Row],[ExerciseName]],tbl_Lookup_Exercises[ExerciseName],0)),""Unknown"")"
E-20260409-1029,S-20260409-01,Single-Arm Cable Triceps Extension (Cross-Body),1,7.5,12.0,,,,2.0,1.0,2.0,2,,Tempo 2-1-2; RIR 2; warmup ,5,2026-04-09T12:05:15.237Z,"=IFERROR(INDEX(tbl_Lookup_Exercises[Category],MATCH(tbl_Exercises[[#This Row],[ExerciseName]],tbl_Lookup_Exercises[ExerciseName],0)),""Unknown"")"
E-20260409-1030,S-20260409-01,Single-Arm Cable Triceps Extension (Cross-Body),2,12.5,12.0,,,,2.0,1.0,2.0,2,,Tempo 2-1-2; RIR 2,5,2026-04-09T12:07:56.336Z,"=IFERROR(INDEX(tbl_Lookup_Exercises[Category],MATCH(tbl_Exercises[[#This Row],[ExerciseName]],tbl_Lookup_Exercises[ExerciseName],0)),""Unknown"")"
E-20260409-1031,S-20260409-01,Single-Arm Cable Triceps Extension (Cross-Body),3,15.0,12.0,,,,3.0,1.0,1.0,2,,Tempo 3-1-1; RIR 2; ,5,2026-04-09T12:11:03.478Z,"=IFERROR(INDEX(tbl_Lookup_Exercises[Category],MATCH(tbl_Exercises[[#This Row],[ExerciseName]],tbl_Lookup_Exercises[ExerciseName],0)),""Unknown"")"
E-20260409-1032,S-20260409-01,Single-Arm Cable Triceps Extension (Cross-Body),4,15.0,12.0,,,,3.0,1.0,1.0,2,,Tempo 3-1-1; RIR 2; ,5,2026-04-09T12:13:50.637Z,"=IFERROR(INDEX(tbl_Lookup_Exercises[Category],MATCH(tbl_Exercises[[#This Row],[ExerciseName]],tbl_Lookup_Exercises[ExerciseName],0)),""Unknown"")"
E-20260409-1033,S-20260409-01,Dumbbell Lateral Raise,1,10.0,12.0,,,,2.0,1.0,2.0,2-1,,Tempo 2-1-2; RIR 2-1,5,2026-04-09T12:16:44.505Z,"=IFERROR(INDEX(tbl_Lookup_Exercises[Category],MATCH(tbl_Exercises[[#This Row],[ExerciseName]],tbl_Lookup_Exercises[ExerciseName],0)),""Unknown"")"
E-20260409-1034,S-20260409-01,Dumbbell Lateral Raise,2,10.0,12.0,,,,2.0,1.0,2.0,2-1,,Tempo 2-1-2; RIR 2-1; slight ‘feeling’ in right anterior capsule on 12th rep/hold,5,2026-04-09T12:19:33.158Z,"=IFERROR(INDEX(tbl_Lookup_Exercises[Category],MATCH(tbl_Exercises[[#This Row],[ExerciseName]],tbl_Lookup_Exercises[ExerciseName],0)),""Unknown"")"
E-20260409-1035,S-20260409-01,Dumbbell Lateral Raise,3,10.0,10.0,,,,2.0,1.0,2.0,2-1,,Tempo 2-1-2; RIR 2-1; slight ‘feeling’ in right anterior capsule on 12th rep/hold,5,2026-04-09T12:19:50.403Z,"=IFERROR(INDEX(tbl_Lookup_Exercises[Category],MATCH(tbl_Exercises[[#This Row],[ExerciseName]],tbl_Lookup_Exercises[ExerciseName],0)),""Unknown"")"
E-20260410-1036,S-20260410-01,Suitcase Carries,1,75.0,,60.0,,,,,,,,2.5mph; 0 incline ,5,2026-04-10T20:51:32.709Z,"=IFERROR(INDEX(tbl_Lookup_Exercises[Category],MATCH(tbl_Exercises[[#This Row],[ExerciseName]],tbl_Lookup_Exercises[ExerciseName],0)),""Unknown"")"
E-20260410-1037,S-20260410-01,Suitcase Carries,2,75.0,,60.0,,,,,,,,2.5mph; 0 incline ,5,2026-04-10T20:54:49.528Z,"=IFERROR(INDEX(tbl_Lookup_Exercises[Category],MATCH(tbl_Exercises[[#This Row],[ExerciseName]],tbl_Lookup_Exercises[ExerciseName],0)),""Unknown"")"
E-20260410-1038,S-20260410-01,Suitcase Carries,3,75.0,,60.0,,,,,,,,2.5mph; 0 incline ,5,2026-04-10T20:58:22.611Z,"=IFERROR(INDEX(tbl_Lookup_Exercises[Category],MATCH(tbl_Exercises[[#This Row],[ExerciseName]],tbl_Lookup_Exercises[ExerciseName],0)),""Unknown"")"
E-20260410-1039,S-20260410-01,Chest Supported DB Row (Spider),1,70.0,10.0,,,,2.0,1.0,2.0,2,,Tempo 2-1-2; RIR 2,5,2026-04-10T21:01:39.692Z,"=IFERROR(INDEX(tbl_Lookup_Exercises[Category],MATCH(tbl_Exercises[[#This Row],[ExerciseName]],tbl_Lookup_Exercises[ExerciseName],0)),""Unknown"")"
E-20260410-1040,S-20260410-01,Chest Supported DB Row (Spider),2,70.0,10.0,,,,2.0,1.0,2.0,1,,Tempo 2-1-2; RIR 1,5,2026-04-10T21:03:43.220Z,"=IFERROR(INDEX(tbl_Lookup_Exercises[Category],MATCH(tbl_Exercises[[#This Row],[ExerciseName]],tbl_Lookup_Exercises[ExerciseName],0)),""Unknown"")"
E-20260410-1041,S-20260410-01,Chest Supported DB Row (Spider),3,70.0,8.5,,,,2.0,1.0,2.0,1,,Tempo 2-1-2; RIR 1; might’ve hit 9 but the scap contraction is getting tough/looser,5,2026-04-10T21:06:46.327Z,"=IFERROR(INDEX(tbl_Lookup_Exercises[Category],MATCH(tbl_Exercises[[#This Row],[ExerciseName]],tbl_Lookup_Exercises[ExerciseName],0)),""Unknown"")"
E-20260410-1042,S-20260410-01,Chest Supported DB Row (Spider),4,70.0,7.5,,,,2.0,1.0,2.0,1,,Tempo 2-1-2; RIR 1; might’ve hit 8 but the scap contraction is getting tough/looser,5,2026-04-10T21:09:01.762Z,"=IFERROR(INDEX(tbl_Lookup_Exercises[Category],MATCH(tbl_Exercises[[#This Row],[ExerciseName]],tbl_Lookup_Exercises[ExerciseName],0)),""Unknown"")"
E-20260410-1043,S-20260410-01,Single-Arm Neutral Grip Cable Pulldown,1,140.0,12.0,,,,2.0,1.0,2.0,1,,70 plate on high cable stack; tempo 2-1-2; RIR 1; ,5,2026-04-10T21:14:39.657Z,"=IFERROR(INDEX(tbl_Lookup_Exercises[Category],MATCH(tbl_Exercises[[#This Row],[ExerciseName]],tbl_Lookup_Exercises[ExerciseName],0)),""Unknown"")"
E-20260410-1044,S-20260410-01,Single-Arm Neutral Grip Cable Pulldown,2,140.0,12.0,,,,2.0,1.0,2.0,1,,70 plate on high cable stack; tempo 2-1-2; RIR 1; ,5,2026-04-10T21:17:40.549Z,"=IFERROR(INDEX(tbl_Lookup_Exercises[Category],MATCH(tbl_Exercises[[#This Row],[ExerciseName]],tbl_Lookup_Exercises[ExerciseName],0)),""Unknown"")"
E-20260410-1045,S-20260410-01,Single-Arm Neutral Grip Cable Pulldown,3,150.0,9.0,,,,2.0,1.0,2.0,1-0,,70 plate + 2(2.5) on high cable stack; tempo 2-1-2; RIR 1-0; tempo may have been closer to 3-2-1.5,5,2026-04-10T21:21:51.403Z,"=IFERROR(INDEX(tbl_Lookup_Exercises[Category],MATCH(tbl_Exercises[[#This Row],[ExerciseName]],tbl_Lookup_Exercises[ExerciseName],0)),""Unknown"")"
E-20260410-1046,S-20260410-01,Face Pull,1,30.0,15.0,,,,1.0,2.0,1.0,2+,,Tempo 1-2-1; RIR 2+,5,2026-04-10T21:24:36.372Z,"=IFERROR(INDEX(tbl_Lookup_Exercises[Category],MATCH(tbl_Exercises[[#This Row],[ExerciseName]],tbl_Lookup_Exercises[ExerciseName],0)),""Unknown"")"
E-20260410-1047,S-20260410-01,Face Pull,2,35.0,17.0,,,,1.0,2.0,1.0,2,,Tempo 1-2-1; RIR 2,5,2026-04-10T21:27:10.096Z,"=IFERROR(INDEX(tbl_Lookup_Exercises[Category],MATCH(tbl_Exercises[[#This Row],[ExerciseName]],tbl_Lookup_Exercises[ExerciseName],0)),""Unknown"")"
E-20260410-1048,S-20260410-01,Face Pull,3,35.0,20.0,,,,1.0,2.0,1.0,2-1,,Tempo 1-2-1; RIR 2-1,5,2026-04-10T21:30:22.414Z,"=IFERROR(INDEX(tbl_Lookup_Exercises[Category],MATCH(tbl_Exercises[[#This Row],[ExerciseName]],tbl_Lookup_Exercises[ExerciseName],0)),""Unknown"")"
E-20260410-1049,S-20260410-01,Incline Dumbbell Curl (Supinated),1,30.0,10.0,,,,2.0,1.0,2.0,1,,Tempo 2-1-2; RIR 1; left began to pronate on 10th rep,5,2026-04-10T21:34:20.085Z,"=IFERROR(INDEX(tbl_Lookup_Exercises[Category],MATCH(tbl_Exercises[[#This Row],[ExerciseName]],tbl_Lookup_Exercises[ExerciseName],0)),""Unknown"")"
E-20260410-1050,S-20260410-01,Incline Dumbbell Curl (Supinated),2,30.0,8.0,,,,2.0,1.0,2.0,0,,Tempo 2-1-2; RIR 0,5,2026-04-10T21:37:49.182Z,"=IFERROR(INDEX(tbl_Lookup_Exercises[Category],MATCH(tbl_Exercises[[#This Row],[ExerciseName]],tbl_Lookup_Exercises[ExerciseName],0)),""Unknown"")"
E-20260410-1051,S-20260410-01,Suitcase Holds,1,60.0,,60.0,,,,,,,,1 min for left AND right ,5,2026-04-10T21:42:38.043Z,"=IFERROR(INDEX(tbl_Lookup_Exercises[Category],MATCH(tbl_Exercises[[#This Row],[ExerciseName]],tbl_Lookup_Exercises[ExerciseName],0)),""Unknown"")"
E-20260410-1052,S-20260410-01,Suitcase Holds,2,60.0,,60.0,,,,,,,,1 min for left AND right ,5,2026-04-10T21:45:20.344Z,"=IFERROR(INDEX(tbl_Lookup_Exercises[Category],MATCH(tbl_Exercises[[#This Row],[ExerciseName]],tbl_Lookup_Exercises[ExerciseName],0)),""Unknown"")"
E-20260410-1053,S-20260410-01,Suitcase Holds,3,60.0,,60.0,,,,,,,,1 min for left AND right ,5,2026-04-10T21:48:49.935Z,"=IFERROR(INDEX(tbl_Lookup_Exercises[Category],MATCH(tbl_Exercises[[#This Row],[ExerciseName]],tbl_Lookup_Exercises[ExerciseName],0)),""Unknown"")"
E-20260410-1054,S-20260410-01,Rowing,1,,,480.0,1.24,mi,,,,,,"2000m=6,561 ft 8.157 in ",5,2026-04-10T21:50:41.008Z,"=IFERROR(INDEX(tbl_Lookup_Exercises[Category],MATCH(tbl_Exercises[[#This Row],[ExerciseName]],tbl_Lookup_Exercises[ExerciseName],0)),""Unknown"")"
E-20260411-1055,S-20260411-01,Rowing,1,,,300.0,1.27,km,,,,,,Warmup ,5,2026-04-11T16:35:59.245Z,"=IFERROR(INDEX(tbl_Lookup_Exercises[Category],MATCH(tbl_Exercises[[#This Row],[ExerciseName]],tbl_Lookup_Exercises[ExerciseName],0)),""Unknown"")"
E-20260411-1056,S-20260411-01,DB Spider Curl (Hammer),1,40.0,15.0,,,,,2.0,2.0,2-1,,Tempo ~2-2-2; dual curl through 6th then switched to alternating; RIR 2-1,5,2026-04-11T16:44:41.237Z,"=IFERROR(INDEX(tbl_Lookup_Exercises[Category],MATCH(tbl_Exercises[[#This Row],[ExerciseName]],tbl_Lookup_Exercises[ExerciseName],0)),""Unknown"")"
E-20260411-1057,S-20260411-01,DB Spider Curl (Hammer),2,45.0,13.0,,,,,2.0,1.0,2-1,,Tempo ~2-2-1; alternating; RIR 2-1,5,2026-04-11T16:47:53.463Z,"=IFERROR(INDEX(tbl_Lookup_Exercises[Category],MATCH(tbl_Exercises[[#This Row],[ExerciseName]],tbl_Lookup_Exercises[ExerciseName],0)),""Unknown"")"
E-20260411-1058,S-20260411-01,DB Spider Curl (Hammer),3,45.0,12.0,,,,,2.0,1.0,2-1,,Tempo ~2-2-1; alternating; RIR 2-1,5,2026-04-11T16:50:19.860Z,"=IFERROR(INDEX(tbl_Lookup_Exercises[Category],MATCH(tbl_Exercises[[#This Row],[ExerciseName]],tbl_Lookup_Exercises[ExerciseName],0)),""Unknown"")"
E-20260411-1059,S-20260411-01,Rope Push-Downs,1,42.5,12.0,,,,2.0,1.0,2.0,2+,,Tempo strict 2-1-2 w squeeze/ hold; RIR 2+; high pulley 40+2.5,5,2026-04-11T16:54:29.654Z,"=IFERROR(INDEX(tbl_Lookup_Exercises[Category],MATCH(tbl_Exercises[[#This Row],[ExerciseName]],tbl_Lookup_Exercises[ExerciseName],0)),""Unknown"")"
E-20260411-1060,S-20260411-01,Rope Push-Downs,2,45.0,12.0,,,,2.0,1.0,2.0,2-1,,Tempo strict 2-1-2 w squeeze/ hold; RIR 2-1; high pulley 40+2.5(x2),5,2026-04-11T16:57:12.568Z,"=IFERROR(INDEX(tbl_Lookup_Exercises[Category],MATCH(tbl_Exercises[[#This Row],[ExerciseName]],tbl_Lookup_Exercises[ExerciseName],0)),""Unknown"")"
E-20260411-1061,S-20260411-01,Rope Push-Downs,3,45.0,9.0,,,,2.0,1.0,2.0,1,,Tempo strict 2-1-2 w squeeze/ hold; RIR 1;   high pulley 40+2.5(x2),5,2026-04-11T16:59:25.570Z,"=IFERROR(INDEX(tbl_Lookup_Exercises[Category],MATCH(tbl_Exercises[[#This Row],[ExerciseName]],tbl_Lookup_Exercises[ExerciseName],0)),""Unknown"")"
E-20260411-1062,S-20260411-01,Rope Push-Downs,4,50.0,9.0,,,,2.0,1.0,2.0,2-1,,Hands came together a little on 8-9 but locked out and squeezed; Tempo strict 2-1-2 w squeeze/ hold; RIR 2-1; high pulley 50 plate,5,2026-04-11T17:02:19.192Z,"=IFERROR(INDEX(tbl_Lookup_Exercises[Category],MATCH(tbl_Exercises[[#This Row],[ExerciseName]],tbl_Lookup_Exercises[ExerciseName],0)),""Unknown"")"
E-20260411-1063,S-20260411-01,Single Arm Cable Extensions,1,15.0,10.0,,,,3.0,1.0,3.0,1-0,,Overhead with rope; tempo 3-1-3; RIR 1-0,5,2026-04-11T17:06:30.356Z,"=IFERROR(INDEX(tbl_Lookup_Exercises[Category],MATCH(tbl_Exercises[[#This Row],[ExerciseName]],tbl_Lookup_Exercises[ExerciseName],0)),""Unknown"")"
E-20260411-1064,S-20260411-01,Single Arm Cable Extensions,2,12.5,12.0,,,,3.0,1.0,3.0,2-1,,Overhead with rope; tempo 3-1-3; RIR 2-1,5,2026-04-11T17:10:06.801Z,"=IFERROR(INDEX(tbl_Lookup_Exercises[Category],MATCH(tbl_Exercises[[#This Row],[ExerciseName]],tbl_Lookup_Exercises[ExerciseName],0)),""Unknown"")"
E-20260411-1065,S-20260411-01,Single Arm Cable Extensions,3,12.5,11.0,,,,3.0,1.0,3.0,2-1,,Overhead with rope; tempo 3-1-3; RIR 2-1,5,2026-04-11T17:13:51.714Z,"=IFERROR(INDEX(tbl_Lookup_Exercises[Category],MATCH(tbl_Exercises[[#This Row],[ExerciseName]],tbl_Lookup_Exercises[ExerciseName],0)),""Unknown"")"
E-20260411-1066,S-20260411-01,Incline Dumbbell Curl (Supinated),1,40.0,6.0,,,,2.0,1.0,2.0,1,,Alternating; tempo 2-1-2; RIR 1,5,2026-04-11T17:18:10.620Z,"=IFERROR(INDEX(tbl_Lookup_Exercises[Category],MATCH(tbl_Exercises[[#This Row],[ExerciseName]],tbl_Lookup_Exercises[ExerciseName],0)),""Unknown"")"
E-20260411-1067,S-20260411-01,Incline Dumbbell Curl (Supinated),2,35.0,8.0,,,,2.0,1.0,2.0,2-1,,tempo 2-1-2; RIR 2-1,5,2026-04-11T17:20:22.495Z,"=IFERROR(INDEX(tbl_Lookup_Exercises[Category],MATCH(tbl_Exercises[[#This Row],[ExerciseName]],tbl_Lookup_Exercises[ExerciseName],0)),""Unknown"")"
E-20260411-1068,S-20260411-01,Incline Dumbbell Curl (Supinated),3,35.0,6.0,,,,2.0,1.0,2.0,1,,tempo 2-1-2; RIR 1; partials 7-9th reps,5,2026-04-11T17:23:47.871Z,"=IFERROR(INDEX(tbl_Lookup_Exercises[Category],MATCH(tbl_Exercises[[#This Row],[ExerciseName]],tbl_Lookup_Exercises[ExerciseName],0)),""Unknown"")"
E-20260411-1069,S-20260411-01,Dumbbell Lateral Raise,1,10.0,15.0,,,,2.0,2.0,2.0,2-1,,Tempo 2-2-2; RIR 2-1,5,2026-04-11T17:26:20.911Z,"=IFERROR(INDEX(tbl_Lookup_Exercises[Category],MATCH(tbl_Exercises[[#This Row],[ExerciseName]],tbl_Lookup_Exercises[ExerciseName],0)),""Unknown"")"
E-20260411-1070,S-20260411-01,Dumbbell Lateral Raise,2,10.0,14.0,,,,2.0,2.0,2.0,2-1,,Tempo 2-2-2; RIR 2-1,5,2026-04-11T17:29:17.657Z,"=IFERROR(INDEX(tbl_Lookup_Exercises[Category],MATCH(tbl_Exercises[[#This Row],[ExerciseName]],tbl_Lookup_Exercises[ExerciseName],0)),""Unknown"")"
E-20260411-1071,S-20260411-01,Dumbbell Lateral Raise,3,10.0,15.0,,,,2.0,2.0,2.0,2-1,,Tempo 2-2-2; RIR 2-1,5,2026-04-11T17:32:42.514Z,"=IFERROR(INDEX(tbl_Lookup_Exercises[Category],MATCH(tbl_Exercises[[#This Row],[ExerciseName]],tbl_Lookup_Exercises[ExerciseName],0)),""Unknown"")"
E-20260411-1072,S-20260411-01,Farmer’s Hold,1,150.0,,60.0,,,,,,,,,5,2026-04-11T17:35:27.505Z,"=IFERROR(INDEX(tbl_Lookup_Exercises[Category],MATCH(tbl_Exercises[[#This Row],[ExerciseName]],tbl_Lookup_Exercises[ExerciseName],0)),""Unknown"")"
E-20260411-1073,S-20260411-01,Farmer’s Hold,2,150.0,,60.0,,,,,,,,,5,2026-04-11T17:38:08.745Z,"=IFERROR(INDEX(tbl_Lookup_Exercises[Category],MATCH(tbl_Exercises[[#This Row],[ExerciseName]],tbl_Lookup_Exercises[ExerciseName],0)),""Unknown"")"
E-20260411-1074,S-20260411-01,Farmer’s Hold,3,150.0,,60.0,,,,,,,,,5,2026-04-11T17:40:45.398Z,"=IFERROR(INDEX(tbl_Lookup_Exercises[Category],MATCH(tbl_Exercises[[#This Row],[ExerciseName]],tbl_Lookup_Exercises[ExerciseName],0)),""Unknown"")"
E-20260411-1075,S-20260411-01,Rowing,2,,,710.0,3.0,km,,,,,,Cooldown,5,2026-04-11T17:55:51.850Z,"=IFERROR(INDEX(tbl_Lookup_Exercises[Category],MATCH(tbl_Exercises[[#This Row],[ExerciseName]],tbl_Lookup_Exercises[ExerciseName],0)),""Unknown"")"
E-20260412-1076,S-20260412-01,Rowing,1,,,300.0,1.34,km,,,,,,Warmup,5,2026-04-12T15:32:47.216Z,"=IFERROR(INDEX(tbl_Lookup_Exercises[Category],MATCH(tbl_Exercises[[#This Row],[ExerciseName]],tbl_Lookup_Exercises[ExerciseName],0)),""Unknown"")"
E-20260412-1077,S-20260412-01,Dumbbell Romanian Deadlift,1,150.0,8.0,,,,3.0,1.0,1.0,2-1,,Tempo 3-1-1; RIR 2-1,5,2026-04-12T15:39:12.550Z,"=IFERROR(INDEX(tbl_Lookup_Exercises[Category],MATCH(tbl_Exercises[[#This Row],[ExerciseName]],tbl_Lookup_Exercises[ExerciseName],0)),""Unknown"")"
E-20260412-1078,S-20260412-01,Dumbbell Romanian Deadlift,2,150.0,8.0,,,,3.0,1.0,1.0,2-1,,Tempo 3-1-1; RIR 2-1,5,2026-04-12T15:42:13.381Z,"=IFERROR(INDEX(tbl_Lookup_Exercises[Category],MATCH(tbl_Exercises[[#This Row],[ExerciseName]],tbl_Lookup_Exercises[ExerciseName],0)),""Unknown"")"
E-20260412-1079,S-20260412-01,Dumbbell Romanian Deadlift,3,150.0,8.0,,,,3.0,1.0,1.0,2-1,,Tempo 3-1-1; RIR 2-1,5,2026-04-12T15:45:23.166Z,"=IFERROR(INDEX(tbl_Lookup_Exercises[Category],MATCH(tbl_Exercises[[#This Row],[ExerciseName]],tbl_Lookup_Exercises[ExerciseName],0)),""Unknown"")"
E-20260412-1080,S-20260412-01,Dumbbell Romanian Deadlift,4,150.0,7.0,,,,3.0,1.0,1.0,1,,Tempo 3-1-1; RIR 1,5,2026-04-12T15:48:47.225Z,"=IFERROR(INDEX(tbl_Lookup_Exercises[Category],MATCH(tbl_Exercises[[#This Row],[ExerciseName]],tbl_Lookup_Exercises[ExerciseName],0)),""Unknown"")"
E-20260412-1081,S-20260412-01,Bulgarian Split Squat,1,35.0,8.0,,,,2.0,1.0,2.0,1,,Tempo 2-1-2; RIR 1,5,2026-04-12T15:53:37.586Z,"=IFERROR(INDEX(tbl_Lookup_Exercises[Category],MATCH(tbl_Exercises[[#This Row],[ExerciseName]],tbl_Lookup_Exercises[ExerciseName],0)),""Unknown"")"
E-20260412-1082,S-20260412-01,Bulgarian Split Squat,2,40.0,8.0,,,,2.0,1.0,2.0,1,,Tempo 2-1-2; RIR 1,5,2026-04-12T15:57:33.964Z,"=IFERROR(INDEX(tbl_Lookup_Exercises[Category],MATCH(tbl_Exercises[[#This Row],[ExerciseName]],tbl_Lookup_Exercises[ExerciseName],0)),""Unknown"")"
E-20260412-1083,S-20260412-01,Bulgarian Split Squat,3,40.0,8.0,,,,2.0,1.0,2.0,1,,Tempo 2-1-2; RIR 1,5,2026-04-12T16:03:08.514Z,"=IFERROR(INDEX(tbl_Lookup_Exercises[Category],MATCH(tbl_Exercises[[#This Row],[ExerciseName]],tbl_Lookup_Exercises[ExerciseName],0)),""Unknown"")"
E-20260412-1084,S-20260412-01,Chest Supported DB Row (Spider),1,75.0,9.0,,,,2.0,1.0,2.0,2-1,,Tempo 2-1-2; RIR 2-1; scap squeeze on all reps. ,5,2026-04-12T16:05:37.033Z,"=IFERROR(INDEX(tbl_Lookup_Exercises[Category],MATCH(tbl_Exercises[[#This Row],[ExerciseName]],tbl_Lookup_Exercises[ExerciseName],0)),""Unknown"")"
E-20260412-1085,S-20260412-01,Chest Supported DB Row (Spider),2,75.0,8.0,,,,2.0,1.0,2.0,2-1,,Tempo 2-1-2; RIR 2-1; scap squeeze on all reps. ,5,2026-04-12T16:07:45.281Z,"=IFERROR(INDEX(tbl_Lookup_Exercises[Category],MATCH(tbl_Exercises[[#This Row],[ExerciseName]],tbl_Lookup_Exercises[ExerciseName],0)),""Unknown"")"
E-20260412-1086,S-20260412-01,Chest Supported DB Row (Spider),3,75.0,7.0,,,,2.0,1.0,2.0,1-0,,Tempo 2-1-2; RIR 1-0; scap squeeze on all reps. Not full ROM in 7 but held squeeze and control full set / reps,5,2026-04-12T16:10:25.830Z,"=IFERROR(INDEX(tbl_Lookup_Exercises[Category],MATCH(tbl_Exercises[[#This Row],[ExerciseName]],tbl_Lookup_Exercises[ExerciseName],0)),""Unknown"")"
E-20260412-1087,S-20260412-01,Chest Supported DB Row (Spider),4,75.0,6.0,,,,2.0,1.0,2.0,1-0,,Tempo 2-1-2; RIR 1-0; scap squeeze on all reps. Not full ROM in 7 but held squeeze and control full set / reps; partials 7/8,5,2026-04-12T16:13:07.219Z,"=IFERROR(INDEX(tbl_Lookup_Exercises[Category],MATCH(tbl_Exercises[[#This Row],[ExerciseName]],tbl_Lookup_Exercises[ExerciseName],0)),""Unknown"")"
E-20260412-1088,S-20260412-01,Single-Arm Neutral Grip Cable Pulldown,1,150.0,10.0,,,,2.0,1.0,2.0,,,"Tempo 2-1-2; right weaker at 9, 10",5,2026-04-12T16:18:31.157Z,"=IFERROR(INDEX(tbl_Lookup_Exercises[Category],MATCH(tbl_Exercises[[#This Row],[ExerciseName]],tbl_Lookup_Exercises[ExerciseName],0)),""Unknown"")"
E-20260412-1089,S-20260412-01,Single-Arm Neutral Grip Cable Pulldown,2,150.0,9.0,,,,2.0,1.0,2.0,1,,Tempo 2-1-2; RIR 1; right weaker at 9,5,2026-04-12T16:21:37.527Z,"=IFERROR(INDEX(tbl_Lookup_Exercises[Category],MATCH(tbl_Exercises[[#This Row],[ExerciseName]],tbl_Lookup_Exercises[ExerciseName],0)),""Unknown"")"
E-20260412-1090,S-20260412-01,Single-Arm Neutral Grip Cable Pulldown,3,150.0,9.0,,,,2.0,1.0,2.0,1,,Solid! Tempo 2-1-2; RIR 1; right weaker at 9,5,2026-04-12T16:24:27.443Z,"=IFERROR(INDEX(tbl_Lookup_Exercises[Category],MATCH(tbl_Exercises[[#This Row],[ExerciseName]],tbl_Lookup_Exercises[ExerciseName],0)),""Unknown"")"
E-20260412-1091,S-20260412-01,Suitcase Carries,1,75.0,,49.8,,,,,,,,2.5mph; 0 incline,5,2026-04-12T16:31:04.725Z,"=IFERROR(INDEX(tbl_Lookup_Exercises[Category],MATCH(tbl_Exercises[[#This Row],[ExerciseName]],tbl_Lookup_Exercises[ExerciseName],0)),""Unknown"")"
E-20260412-1092,S-20260412-01,Suitcase Carries,2,75.0,,46.800000000000004,,,,,,,,2.5mph; 0 incline,5,2026-04-12T16:33:41.079Z,"=IFERROR(INDEX(tbl_Lookup_Exercises[Category],MATCH(tbl_Exercises[[#This Row],[ExerciseName]],tbl_Lookup_Exercises[ExerciseName],0)),""Unknown"")"
E-20260412-1093,S-20260412-01,Suitcase Carries,3,75.0,,39.6,,,,,,,,2.5mph; 0 incline,5,2026-04-12T16:36:21.258Z,"=IFERROR(INDEX(tbl_Lookup_Exercises[Category],MATCH(tbl_Exercises[[#This Row],[ExerciseName]],tbl_Lookup_Exercises[ExerciseName],0)),""Unknown"")"
E-20260412-1094,S-20260412-01,Side Plank,1,0.0,,30.0,,,,,,,,Elbow,5,2026-04-12T16:39:21.635Z,"=IFERROR(INDEX(tbl_Lookup_Exercises[Category],MATCH(tbl_Exercises[[#This Row],[ExerciseName]],tbl_Lookup_Exercises[ExerciseName],0)),""Unknown"")"
E-20260412-1095,S-20260412-01,Side Plank,2,0.0,,45.0,,,,,,,,Elbow,5,2026-04-12T16:42:13.791Z,"=IFERROR(INDEX(tbl_Lookup_Exercises[Category],MATCH(tbl_Exercises[[#This Row],[ExerciseName]],tbl_Lookup_Exercises[ExerciseName],0)),""Unknown"")"
E-20260412-1096,S-20260412-01,Side Plank,3,0.0,,45.0,,,,,,,,Palm,5,2026-04-12T16:44:07.364Z,"=IFERROR(INDEX(tbl_Lookup_Exercises[Category],MATCH(tbl_Exercises[[#This Row],[ExerciseName]],tbl_Lookup_Exercises[ExerciseName],0)),""Unknown"")"
E-20260412-1097,S-20260412-01,Rowing,2,,,480.0,2.0,km,,,,,,Cool down,5,2026-04-12T16:56:48.304Z,"=IFERROR(INDEX(tbl_Lookup_Exercises[Category],MATCH(tbl_Exercises[[#This Row],[ExerciseName]],tbl_Lookup_Exercises[ExerciseName],0)),""Unknown"")"
E-20260413-1098,S-20260413-01,Band External Rotations,1,0.0,10.0,,,,,,,,,Red band ,5,2026-04-13T15:03:27.784Z,"=IFERROR(INDEX(tbl_Lookup_Exercises[Category],MATCH(tbl_Exercises[[#This Row],[ExerciseName]],tbl_Lookup_Exercises[ExerciseName],0)),""Unknown"")"
E-20260413-1099,S-20260413-01,Scap Push Ups,1,0.0,12.0,,,,,,,,,,5,2026-04-13T15:03:51.631Z,"=IFERROR(INDEX(tbl_Lookup_Exercises[Category],MATCH(tbl_Exercises[[#This Row],[ExerciseName]],tbl_Lookup_Exercises[ExerciseName],0)),""Unknown"")"
E-20260413-1100,S-20260413-01,Scap Push Ups,2,0.0,12.0,,,,,,,,,,5,2026-04-13T15:03:52.616Z,"=IFERROR(INDEX(tbl_Lookup_Exercises[Category],MATCH(tbl_Exercises[[#This Row],[ExerciseName]],tbl_Lookup_Exercises[ExerciseName],0)),""Unknown"")"
E-20260413-1101,S-20260413-01,DB Neutral Press (slight Rotate To Underhand ),1,60.0,8.0,,,,2.0,1.0,2.0,2,,Tempo 2-1-2; RIR 2,5,2026-04-13T15:04:41.173Z,"=IFERROR(INDEX(tbl_Lookup_Exercises[Category],MATCH(tbl_Exercises[[#This Row],[ExerciseName]],tbl_Lookup_Exercises[ExerciseName],0)),""Unknown"")"
E-20260413-1102,S-20260413-01,DB Neutral Press (slight Rotate To Underhand ),2,60.0,8.0,,,,2.0,1.0,2.0,2,,Tempo 2-1-2; RIR 2,5,2026-04-13T15:06:26.010Z,"=IFERROR(INDEX(tbl_Lookup_Exercises[Category],MATCH(tbl_Exercises[[#This Row],[ExerciseName]],tbl_Lookup_Exercises[ExerciseName],0)),""Unknown"")"
E-20260413-1103,S-20260413-01,DB Neutral Press (slight Rotate To Underhand ),3,60.0,8.0,,,,2.0,1.0,2.0,2-1,,Tempo 2-1-2; RIR 2-1,5,2026-04-13T15:09:06.102Z,"=IFERROR(INDEX(tbl_Lookup_Exercises[Category],MATCH(tbl_Exercises[[#This Row],[ExerciseName]],tbl_Lookup_Exercises[ExerciseName],0)),""Unknown"")"
E-20260413-1104,S-20260413-01,DB Neutral Press (slight Rotate To Underhand ),4,60.0,6.0,,,,2.0,1.0,2.0,2-1,,Tempo 2-1-2; RIR 2-1,5,2026-04-13T15:12:37.815Z,"=IFERROR(INDEX(tbl_Lookup_Exercises[Category],MATCH(tbl_Exercises[[#This Row],[ExerciseName]],tbl_Lookup_Exercises[ExerciseName],0)),""Unknown"")"
E-20260413-1105,S-20260413-01,Low-Incline DB Press (15–30°),1,60.0,10.0,,,,2.0,1.0,2.0,2-1,,Bench at 3; tempo 2-1-2; RIR 2-1,5,2026-04-13T15:14:53.530Z,"=IFERROR(INDEX(tbl_Lookup_Exercises[Category],MATCH(tbl_Exercises[[#This Row],[ExerciseName]],tbl_Lookup_Exercises[ExerciseName],0)),""Unknown"")"
E-20260413-1106,S-20260413-01,Low-Incline DB Press (15–30°),2,60.0,8.5,,,,2.0,1.0,2.0,1,,Bench at 3; tempo 2-1-2; RIR 1,5,2026-04-13T15:17:15.974Z,"=IFERROR(INDEX(tbl_Lookup_Exercises[Category],MATCH(tbl_Exercises[[#This Row],[ExerciseName]],tbl_Lookup_Exercises[ExerciseName],0)),""Unknown"")"
E-20260413-1107,S-20260413-01,Low-Incline DB Press (15–30°),3,60.0,10.0,,,,2.0,1.0,2.0,1,,Bench at 3; tempo 2-1-2; RIR 1; think i learned the best arm path on set 3 👍,5,2026-04-13T15:20:14.179Z,"=IFERROR(INDEX(tbl_Lookup_Exercises[Category],MATCH(tbl_Exercises[[#This Row],[ExerciseName]],tbl_Lookup_Exercises[ExerciseName],0)),""Unknown"")"
E-20260413-1108,S-20260413-01,Single-Arm DB Balance Press,1,40.0,9.0,,,,2.0,1.0,2.0,2-1,,Tempo 2-1-2; RIR 2-1,5,2026-04-13T15:23:29.291Z,"=IFERROR(INDEX(tbl_Lookup_Exercises[Category],MATCH(tbl_Exercises[[#This Row],[ExerciseName]],tbl_Lookup_Exercises[ExerciseName],0)),""Unknown"")"
E-20260413-1109,S-20260413-01,Single-Arm DB Balance Press,2,40.0,8.0,,,,3.0,1.0,2.0,2-1,,Tempo 3-1-2; RIR 2-1,5,2026-04-13T15:26:32.609Z,"=IFERROR(INDEX(tbl_Lookup_Exercises[Category],MATCH(tbl_Exercises[[#This Row],[ExerciseName]],tbl_Lookup_Exercises[ExerciseName],0)),""Unknown"")"
E-20260413-1110,S-20260413-01,Single-Arm DB Balance Press,3,40.0,8.0,,,,3.0,1.0,2.0,2-1,,Tempo 3-1-2; RIR 2-1,5,2026-04-13T15:30:15.072Z,"=IFERROR(INDEX(tbl_Lookup_Exercises[Category],MATCH(tbl_Exercises[[#This Row],[ExerciseName]],tbl_Lookup_Exercises[ExerciseName],0)),""Unknown"")"
E-20260413-1111,S-20260413-01,Rope Push-Downs,1,50.0,10.0,,,,2.0,1.0,2.0,1-0,,Tempo 2-1-2; RIR 1-0; 50 feeling tough; focus on strict form,5,2026-04-13T15:32:55.236Z,"=IFERROR(INDEX(tbl_Lookup_Exercises[Category],MATCH(tbl_Exercises[[#This Row],[ExerciseName]],tbl_Lookup_Exercises[ExerciseName],0)),""Unknown"")"
E-20260413-1112,S-20260413-01,Rope Push-Downs,2,50.0,9.0,,,,2.0,1.0,2.0,1-0,,Tempo 2-1-2; RIR 1-0; 50 feeling tough; focus on strict form,5,2026-04-13T15:34:52.654Z,"=IFERROR(INDEX(tbl_Lookup_Exercises[Category],MATCH(tbl_Exercises[[#This Row],[ExerciseName]],tbl_Lookup_Exercises[ExerciseName],0)),""Unknown"")"
E-20260413-1113,S-20260413-01,Rope Push-Downs,3,50.0,7.0,,,,2.0,1.0,2.0,1,,Tempo 2-1-2; RIR 1; 50 feeling tough; focus on strict form,5,2026-04-13T15:37:08.383Z,"=IFERROR(INDEX(tbl_Lookup_Exercises[Category],MATCH(tbl_Exercises[[#This Row],[ExerciseName]],tbl_Lookup_Exercises[ExerciseName],0)),""Unknown"")"
E-20260413-1114,S-20260413-01,Rope Push-Downs,4,50.0,7.0,,,,2.0,1.0,2.0,1,,Tempo 2-1-2; RIR 1; 50 feeling tough; focus on strict form,5,2026-04-13T15:39:25.270Z,"=IFERROR(INDEX(tbl_Lookup_Exercises[Category],MATCH(tbl_Exercises[[#This Row],[ExerciseName]],tbl_Lookup_Exercises[ExerciseName],0)),""Unknown"")"
E-20260413-1115,S-20260413-01,Single-Arm Overhead Cable Extension,1,12.5,9.0,,,,3.0,1.0,3.0,2-1,,Tempo 3-1-3; RIR 2-1,5,2026-04-13T15:42:42.062Z,"=IFERROR(INDEX(tbl_Lookup_Exercises[Category],MATCH(tbl_Exercises[[#This Row],[ExerciseName]],tbl_Lookup_Exercises[ExerciseName],0)),""Unknown"")"
E-20260413-1116,S-20260413-01,Single-Arm Overhead Cable Extension,2,12.5,10.0,,,,3.0,1.0,3.0,2-1,,Tempo 3-1-3; RIR 2-1,5,2026-04-13T15:46:02.674Z,"=IFERROR(INDEX(tbl_Lookup_Exercises[Category],MATCH(tbl_Exercises[[#This Row],[ExerciseName]],tbl_Lookup_Exercises[ExerciseName],0)),""Unknown"")"
E-20260413-1117,S-20260413-01,Single-Arm Overhead Cable Extension,3,12.5,10.0,,,,3.0,1.0,3.0,1-0,,Tempo 3-1-3; RIR 1-0,5,2026-04-13T15:50:12.825Z,"=IFERROR(INDEX(tbl_Lookup_Exercises[Category],MATCH(tbl_Exercises[[#This Row],[ExerciseName]],tbl_Lookup_Exercises[ExerciseName],0)),""Unknown"")"
E-20260413-1118,S-20260413-01,Dumbbell Lateral Raise,1,10.0,15.0,,,,2.0,2.0,2.0,2-1,,Tempo 2-2-2; RIR 2-1,5,2026-04-13T15:53:43.170Z,"=IFERROR(INDEX(tbl_Lookup_Exercises[Category],MATCH(tbl_Exercises[[#This Row],[ExerciseName]],tbl_Lookup_Exercises[ExerciseName],0)),""Unknown"")"
E-20260413-1119,S-20260413-01,Dumbbell Lateral Raise,2,10.0,15.0,,,,2.0,2.0,2.0,2-1,,Tempo 2-2-2; RIR 2-1,5,2026-04-13T15:55:44.185Z,"=IFERROR(INDEX(tbl_Lookup_Exercises[Category],MATCH(tbl_Exercises[[#This Row],[ExerciseName]],tbl_Lookup_Exercises[ExerciseName],0)),""Unknown"")"
E-20260413-1120,S-20260413-01,Dumbbell Lateral Raise,3,10.0,15.0,,,,2.0,2.0,2.0,2-1,,Tempo 2-2-2; RIR 2-1; tried alternating felt good too,5,2026-04-13T15:58:35.938Z,"=IFERROR(INDEX(tbl_Lookup_Exercises[Category],MATCH(tbl_Exercises[[#This Row],[ExerciseName]],tbl_Lookup_Exercises[ExerciseName],0)),""Unknown"")"
E-20260413-1121,S-20260413-01,Rowing,1,,,300.0,1.32,km,,,,,,Cooldown,5,2026-04-13T18:52:02.821Z,"=IFERROR(INDEX(tbl_Lookup_Exercises[Category],MATCH(tbl_Exercises[[#This Row],[ExerciseName]],tbl_Lookup_Exercises[ExerciseName],0)),""Unknown"")"
E-20260414-1122,S-20260414-01,Suitcase Carries,1,75.0,,60.0,,,,,,,,Pace: 2.5 mph; 0 incline ,5,2026-04-14T20:39:02.164Z,"=IFERROR(INDEX(tbl_Lookup_Exercises[Category],MATCH(tbl_Exercises[[#This Row],[ExerciseName]],tbl_Lookup_Exercises[ExerciseName],0)),""Unknown"")"
E-20260414-1123,S-20260414-01,Suitcase Carries,2,75.0,,60.0,,,,,,,,Pace: 2.5 mph; 0 incline ,5,2026-04-14T20:42:21.468Z,"=IFERROR(INDEX(tbl_Lookup_Exercises[Category],MATCH(tbl_Exercises[[#This Row],[ExerciseName]],tbl_Lookup_Exercises[ExerciseName],0)),""Unknown"")"
E-20260414-1124,S-20260414-01,Suitcase Carries,3,75.0,,60.0,,,,,,,,Pace: 2.5 mph; 0 incline ,5,2026-04-14T20:45:35.398Z,"=IFERROR(INDEX(tbl_Lookup_Exercises[Category],MATCH(tbl_Exercises[[#This Row],[ExerciseName]],tbl_Lookup_Exercises[ExerciseName],0)),""Unknown"")"
E-20260414-1125,S-20260414-01,Chest Supported DB Row (Spider),1,75.0,8.0,,,,2.0,1.0,2.0,2-1,,Tempo 2-1-2: RIR 2-1,5,2026-04-14T20:49:01.975Z,"=IFERROR(INDEX(tbl_Lookup_Exercises[Category],MATCH(tbl_Exercises[[#This Row],[ExerciseName]],tbl_Lookup_Exercises[ExerciseName],0)),""Unknown"")"
E-20260414-1126,S-20260414-01,Chest Supported DB Row (Spider),2,75.0,8.0,,,,2.0,1.0,2.0,1,,Tempo 2-1-2: RIR 1,5,2026-04-14T20:51:11.229Z,"=IFERROR(INDEX(tbl_Lookup_Exercises[Category],MATCH(tbl_Exercises[[#This Row],[ExerciseName]],tbl_Lookup_Exercises[ExerciseName],0)),""Unknown"")"
E-20260414-1127,S-20260414-01,Chest Supported DB Row (Spider),3,75.0,7.0,,,,2.0,1.0,2.0,1,,Tempo 2-1-2: RIR 1,5,2026-04-14T20:53:20.054Z,"=IFERROR(INDEX(tbl_Lookup_Exercises[Category],MATCH(tbl_Exercises[[#This Row],[ExerciseName]],tbl_Lookup_Exercises[ExerciseName],0)),""Unknown"")"
E-20260414-1128,S-20260414-01,Chest Supported DB Row (Spider),4,75.0,7.0,,,,2.0,1.0,2.0,0,,Feeling a good tired / pump; Tempo 2-1-2: RIR 0,5,2026-04-14T20:56:41.789Z,"=IFERROR(INDEX(tbl_Lookup_Exercises[Category],MATCH(tbl_Exercises[[#This Row],[ExerciseName]],tbl_Lookup_Exercises[ExerciseName],0)),""Unknown"")"
E-20260414-1129,S-20260414-01,Single-Arm Neutral Grip Cable Pulldown,1,140.0,12.0,,,,2.0,1.0,2.0,2+,,Tempo 2-1-2; RIR 2+,5,2026-04-14T20:59:25.997Z,"=IFERROR(INDEX(tbl_Lookup_Exercises[Category],MATCH(tbl_Exercises[[#This Row],[ExerciseName]],tbl_Lookup_Exercises[ExerciseName],0)),""Unknown"")"
E-20260414-1130,S-20260414-01,Single-Arm Neutral Grip Cable Pulldown,2,150.0,12.0,,,,2.0,1.0,2.0,2,,Tempo 2-1-2; RIR 2,5,2026-04-14T21:02:31.060Z,"=IFERROR(INDEX(tbl_Lookup_Exercises[Category],MATCH(tbl_Exercises[[#This Row],[ExerciseName]],tbl_Lookup_Exercises[ExerciseName],0)),""Unknown"")"
E-20260414-1131,S-20260414-01,Single-Arm Neutral Grip Cable Pulldown,3,150.0,12.0,,,,2.0,1.0,2.0,1,,Tempo 2-1-2; RIR 1,5,2026-04-14T21:05:50.226Z,"=IFERROR(INDEX(tbl_Lookup_Exercises[Category],MATCH(tbl_Exercises[[#This Row],[ExerciseName]],tbl_Lookup_Exercises[ExerciseName],0)),""Unknown"")"
E-20260414-1132,S-20260414-01,Face Pull,1,30.0,20.0,,,,1.0,2.0,1.0,2,,Tempo 1-2-1; RIR 2,5,2026-04-14T21:08:28.917Z,"=IFERROR(INDEX(tbl_Lookup_Exercises[Category],MATCH(tbl_Exercises[[#This Row],[ExerciseName]],tbl_Lookup_Exercises[ExerciseName],0)),""Unknown"")"
E-20260414-1133,S-20260414-01,Face Pull,2,35.0,20.0,,,,1.0,2.0,1.0,2,,Tempo 1-2-1; RIR 2,5,2026-04-14T21:10:55.607Z,"=IFERROR(INDEX(tbl_Lookup_Exercises[Category],MATCH(tbl_Exercises[[#This Row],[ExerciseName]],tbl_Lookup_Exercises[ExerciseName],0)),""Unknown"")"
E-20260414-1134,S-20260414-01,Face Pull,3,50.0,20.0,,,,1.0,2.0,1.0,2-1,,Tempo 1-2-1; RIR 2-1,5,2026-04-14T21:13:41.998Z,"=IFERROR(INDEX(tbl_Lookup_Exercises[Category],MATCH(tbl_Exercises[[#This Row],[ExerciseName]],tbl_Lookup_Exercises[ExerciseName],0)),""Unknown"")"
E-20260414-1135,S-20260414-01,Incline Dumbbell Curl (Supinated),1,30.0,10.0,,,,2.0,1.0,2.0,2-1,,Tempo 2-1-2; RIR 2-1; left tried to rotate on 10,5,2026-04-14T21:17:16.773Z,"=IFERROR(INDEX(tbl_Lookup_Exercises[Category],MATCH(tbl_Exercises[[#This Row],[ExerciseName]],tbl_Lookup_Exercises[ExerciseName],0)),""Unknown"")"
E-20260414-1136,S-20260414-01,Incline Dumbbell Curl (Supinated),2,30.0,9.0,,,,2.0,1.0,2.0,1,,Tempo 2-1-2; RIR 1; left tried to rotate on 10,5,2026-04-14T21:19:55.788Z,"=IFERROR(INDEX(tbl_Lookup_Exercises[Category],MATCH(tbl_Exercises[[#This Row],[ExerciseName]],tbl_Lookup_Exercises[ExerciseName],0)),""Unknown"")"
E-20260414-1137,S-20260414-01,Incline Dumbbell Curl (Supinated),3,30.0,6.0,,,,2.0,1.0,2.0,1,,Tempo 2-1-2; RIR 1; left tried to rotate on 10,5,2026-04-14T21:22:07.709Z,"=IFERROR(INDEX(tbl_Lookup_Exercises[Category],MATCH(tbl_Exercises[[#This Row],[ExerciseName]],tbl_Lookup_Exercises[ExerciseName],0)),""Unknown"")"
E-20260414-1138,S-20260414-01,Suitcase Holds,1,70.0,,60.0,,,,,,,,,5,2026-04-14T21:25:27.932Z,"=IFERROR(INDEX(tbl_Lookup_Exercises[Category],MATCH(tbl_Exercises[[#This Row],[ExerciseName]],tbl_Lookup_Exercises[ExerciseName],0)),""Unknown"")"
E-20260414-1139,S-20260414-01,Suitcase Holds,2,70.0,,45.0,,,,,,,,,5,2026-04-14T21:28:27.530Z,"=IFERROR(INDEX(tbl_Lookup_Exercises[Category],MATCH(tbl_Exercises[[#This Row],[ExerciseName]],tbl_Lookup_Exercises[ExerciseName],0)),""Unknown"")"
E-20260414-1140,S-20260414-01,Suitcase Holds,3,70.0,,45.0,,,,,,,,,5,2026-04-14T21:31:30.428Z,"=IFERROR(INDEX(tbl_Lookup_Exercises[Category],MATCH(tbl_Exercises[[#This Row],[ExerciseName]],tbl_Lookup_Exercises[ExerciseName],0)),""Unknown"")"
E-20260416-1141,S-20260416-01,DB Spider Curl (Hammer),1,45.0,12.0,,,,2.0,2.0,2.0,2-1,,Tempo 2-2-2; RIR 2-1; alternated on 12th rep ,5,2026-04-16T11:51:53.696Z,"=IFERROR(INDEX(tbl_Lookup_Exercises[Category],MATCH(tbl_Exercises[[#This Row],[ExerciseName]],tbl_Lookup_Exercises[ExerciseName],0)),""Unknown"")"
E-20260416-1142,S-20260416-01,DB Spider Curl (Hammer),2,45.0,12.0,,,,2.0,2.0,2.0,2-1,,Tempo 2-2-2; RIR 2-1; alternated all reps,5,2026-04-16T11:54:44.576Z,"=IFERROR(INDEX(tbl_Lookup_Exercises[Category],MATCH(tbl_Exercises[[#This Row],[ExerciseName]],tbl_Lookup_Exercises[ExerciseName],0)),""Unknown"")"
E-20260416-1143,S-20260416-01,DB Spider Curl (Hammer),3,45.0,15.0,,,,1.0,1.0,1.0,2-1,,Tempo 1-1-1; RIR 2-1; alternated  all reps,5,2026-04-16T11:58:35.230Z,"=IFERROR(INDEX(tbl_Lookup_Exercises[Category],MATCH(tbl_Exercises[[#This Row],[ExerciseName]],tbl_Lookup_Exercises[ExerciseName],0)),""Unknown"")"
E-20260416-1144,S-20260416-01,Rope Push-Downs,1,50.0,13.0,,,,2.0,1.0,2.0,2,,Tempo 2-1-2; RIR 2,5,2026-04-16T12:00:12.488Z,"=IFERROR(INDEX(tbl_Lookup_Exercises[Category],MATCH(tbl_Exercises[[#This Row],[ExerciseName]],tbl_Lookup_Exercises[ExerciseName],0)),""Unknown"")"
E-20260416-1145,S-20260416-01,Rope Push-Downs,2,50.0,10.0,,,,2.0,1.0,2.0,2-1,,Tempo 2-1-2; RIR 2-1,5,2026-04-16T12:02:19.510Z,"=IFERROR(INDEX(tbl_Lookup_Exercises[Category],MATCH(tbl_Exercises[[#This Row],[ExerciseName]],tbl_Lookup_Exercises[ExerciseName],0)),""Unknown"")"
E-20260416-1146,S-20260416-01,Rope Push-Downs,3,50.0,9.0,,,,2.0,1.0,2.0,2-1,,Tempo 2-1-2; RIR 2-1; keeping strict form. Feels like I can’t get over this weight jump. Frustrating ,5,2026-04-16T12:04:51.773Z,"=IFERROR(INDEX(tbl_Lookup_Exercises[Category],MATCH(tbl_Exercises[[#This Row],[ExerciseName]],tbl_Lookup_Exercises[ExerciseName],0)),""Unknown"")"
E-20260416-1147,S-20260416-01,Rope Push-Downs,4,50.0,7.0,,,,2.0,1.0,2.0,2-1,,Tempo 2-1-2; RIR 2-1; keeping strict form. From broke on 8; Feels like I can’t get over this weight jump. Frustrating ,5,2026-04-16T12:07:03.905Z,"=IFERROR(INDEX(tbl_Lookup_Exercises[Category],MATCH(tbl_Exercises[[#This Row],[ExerciseName]],tbl_Lookup_Exercises[ExerciseName],0)),""Unknown"")"
E-20260416-1148,S-20260416-01,Single Arm Cable Extensions,1,12.5,12.0,,,,3.0,1.0,3.0,2,,Tempo 3-1-3; RIR 2,5,2026-04-16T12:10:16.429Z,"=IFERROR(INDEX(tbl_Lookup_Exercises[Category],MATCH(tbl_Exercises[[#This Row],[ExerciseName]],tbl_Lookup_Exercises[ExerciseName],0)),""Unknown"")"
E-20260416-1149,S-20260416-01,Single Arm Cable Extensions,2,15.0,10.0,,,,3.0,1.0,3.0,2,,Tempo 3-1-3; RIR 2; right fatigued at 10 so matched with left. Bit asymmetrical today so matching reps per arm,5,2026-04-16T12:14:03.058Z,"=IFERROR(INDEX(tbl_Lookup_Exercises[Category],MATCH(tbl_Exercises[[#This Row],[ExerciseName]],tbl_Lookup_Exercises[ExerciseName],0)),""Unknown"")"
E-20260416-1150,S-20260416-01,Single Arm Cable Extensions,3,15.0,10.0,,,,3.0,1.0,3.0,2,,Tempo 3-1-3; RIR 2; right fatigued at 10 so matched with left. Bit asymmetrical today so matching reps per arm,5,2026-04-16T12:16:49.471Z,"=IFERROR(INDEX(tbl_Lookup_Exercises[Category],MATCH(tbl_Exercises[[#This Row],[ExerciseName]],tbl_Lookup_Exercises[ExerciseName],0)),""Unknown"")"
E-20260416-1151,S-20260416-01,Incline Dumbbell Curl (Supinated),1,30.0,10.0,,,,2.0,1.0,2.0,2,,Tempo 2-1-2; RIR 2; mindset “lead with your pinky finger” to counter any desire to pronate. ,5,2026-04-16T12:20:17.596Z,"=IFERROR(INDEX(tbl_Lookup_Exercises[Category],MATCH(tbl_Exercises[[#This Row],[ExerciseName]],tbl_Lookup_Exercises[ExerciseName],0)),""Unknown"")"
E-20260416-1152,S-20260416-01,Incline Dumbbell Curl (Supinated),2,30.0,9.0,,,,2.0,1.0,2.0,1,,Tempo 2-1-2; RIR 1; mindset “lead with your pinky finger” to counter any desire to pronate. ,5,2026-04-16T12:22:29.321Z,"=IFERROR(INDEX(tbl_Lookup_Exercises[Category],MATCH(tbl_Exercises[[#This Row],[ExerciseName]],tbl_Lookup_Exercises[ExerciseName],0)),""Unknown"")"
E-20260416-1153,S-20260416-01,Incline Dumbbell Curl (Supinated),3,30.0,10.0,,,,2.0,1.0,2.0,2,,Tempo 2-1-2; RIR 2; mindset “lead with your pinky finger” to counter any desire to pronate. ,5,2026-04-16T12:25:51.579Z,"=IFERROR(INDEX(tbl_Lookup_Exercises[Category],MATCH(tbl_Exercises[[#This Row],[ExerciseName]],tbl_Lookup_Exercises[ExerciseName],0)),""Unknown"")"
E-20260416-1154,S-20260416-01,Incline Dumbbell Curl (Supinated),4,30.0,9.0,,,,2.0,1.0,2.0,1,,Tempo 2-1-2; RIR 1; mindset “lead with your pinky finger” to counter any desire to pronate. ,5,2026-04-16T12:26:03.825Z,"=IFERROR(INDEX(tbl_Lookup_Exercises[Category],MATCH(tbl_Exercises[[#This Row],[ExerciseName]],tbl_Lookup_Exercises[ExerciseName],0)),""Unknown"")"
E-20260416-1155,S-20260416-01,Incline Dumbbell Curl (Supinated),5,30.0,7.0,,,,2.0,1.0,2.0,0,,Tempo 2-1-2; RIR 0; mindset “lead with your pinky finger” to counter any desire to pronate. ,5,2026-04-16T12:26:16.054Z,"=IFERROR(INDEX(tbl_Lookup_Exercises[Category],MATCH(tbl_Exercises[[#This Row],[ExerciseName]],tbl_Lookup_Exercises[ExerciseName],0)),""Unknown"")"
E-20260416-1156,S-20260416-01,Dumbbell Lateral Raise,1,10.0,15.0,,,,2.0,2.0,2.0,2,,Tempo 2-2-2; RIR 2,5,2026-04-16T12:29:32.163Z,"=IFERROR(INDEX(tbl_Lookup_Exercises[Category],MATCH(tbl_Exercises[[#This Row],[ExerciseName]],tbl_Lookup_Exercises[ExerciseName],0)),""Unknown"")"
E-20260416-1157,S-20260416-01,Dumbbell Lateral Raise,2,10.0,15.0,,,,2.0,2.0,2.0,2,,Tempo 2-2-2; RIR 2,5,2026-04-16T12:31:59.083Z,"=IFERROR(INDEX(tbl_Lookup_Exercises[Category],MATCH(tbl_Exercises[[#This Row],[ExerciseName]],tbl_Lookup_Exercises[ExerciseName],0)),""Unknown"")"
E-20260416-1158,S-20260416-01,Dumbbell Lateral Raise,3,10.0,15.0,,,,2.0,2.0,2.0,2,,Tempo 2-2-2; RIR 2,5,2026-04-16T12:34:47.937Z,"=IFERROR(INDEX(tbl_Lookup_Exercises[Category],MATCH(tbl_Exercises[[#This Row],[ExerciseName]],tbl_Lookup_Exercises[ExerciseName],0)),""Unknown"")"
E-20260416-1159,S-20260416-01,Farmer’s Hold,1,150.0,,60.0,,,,,,,,Fat grip db. No 80’s available,5,2026-04-16T12:37:29.417Z,"=IFERROR(INDEX(tbl_Lookup_Exercises[Category],MATCH(tbl_Exercises[[#This Row],[ExerciseName]],tbl_Lookup_Exercises[ExerciseName],0)),""Unknown"")"
E-20260416-1160,S-20260416-01,Farmer’s Hold,2,150.0,,60.0,,,,,,,,Fat grip db. Barely held through 60. Good set No 80’s available,5,2026-04-16T12:40:15.242Z,"=IFERROR(INDEX(tbl_Lookup_Exercises[Category],MATCH(tbl_Exercises[[#This Row],[ExerciseName]],tbl_Lookup_Exercises[ExerciseName],0)),""Unknown"")"
E-20260416-1161,S-20260416-01,Farmer’s Hold,3,150.0,,51.6,,,,,,,,Fat grip db. Barely held through 60. Good set No 80’s available,5,2026-04-16T12:42:31.148Z,"=IFERROR(INDEX(tbl_Lookup_Exercises[Category],MATCH(tbl_Exercises[[#This Row],[ExerciseName]],tbl_Lookup_Exercises[ExerciseName],0)),""Unknown"")"
E-20260417-1162,S-20260417-01,Rowing,1,,,300.0,1.33,km,,,,,,Warmup,5,2026-04-17T18:32:51.112Z,"=IFERROR(INDEX(tbl_Lookup_Exercises[Category],MATCH(tbl_Exercises[[#This Row],[ExerciseName]],tbl_Lookup_Exercises[ExerciseName],0)),""Unknown"")"
E-20260417-1163,S-20260417-01,Dumbbell Romanian Deadlift,1,150.0,8.0,,,,3.0,1.0,1.0,2,,Tempo 3-1-1; RIR 2,5,2026-04-17T18:38:00.698Z,"=IFERROR(INDEX(tbl_Lookup_Exercises[Category],MATCH(tbl_Exercises[[#This Row],[ExerciseName]],tbl_Lookup_Exercises[ExerciseName],0)),""Unknown"")"
E-20260417-1164,S-20260417-01,Dumbbell Romanian Deadlift,2,150.0,8.0,,,,3.0,1.0,1.0,2,,Tempo 3-1-1; RIR 2,5,2026-04-17T18:40:53.718Z,"=IFERROR(INDEX(tbl_Lookup_Exercises[Category],MATCH(tbl_Exercises[[#This Row],[ExerciseName]],tbl_Lookup_Exercises[ExerciseName],0)),""Unknown"")"
E-20260417-1165,S-20260417-01,Dumbbell Romanian Deadlift,3,150.0,8.0,,,,3.0,1.0,1.0,2,,Tempo 3-1-1; RIR 2,5,2026-04-17T18:43:03.391Z,"=IFERROR(INDEX(tbl_Lookup_Exercises[Category],MATCH(tbl_Exercises[[#This Row],[ExerciseName]],tbl_Lookup_Exercises[ExerciseName],0)),""Unknown"")"
E-20260417-1166,S-20260417-01,Dumbbell Romanian Deadlift,4,150.0,8.0,,,,3.0,1.0,1.0,2,,Tempo 3-1-1; RIR 2,5,2026-04-17T18:45:33.436Z,"=IFERROR(INDEX(tbl_Lookup_Exercises[Category],MATCH(tbl_Exercises[[#This Row],[ExerciseName]],tbl_Lookup_Exercises[ExerciseName],0)),""Unknown"")"
E-20260417-1167,S-20260417-01,Bulgarian Split Squat,1,40.0,8.0,,,,2.0,1.0,2.0,2-1,,Tempo 2-1-2; RIR 2-1,5,2026-04-17T18:49:01.458Z,"=IFERROR(INDEX(tbl_Lookup_Exercises[Category],MATCH(tbl_Exercises[[#This Row],[ExerciseName]],tbl_Lookup_Exercises[ExerciseName],0)),""Unknown"")"
E-20260417-1168,S-20260417-01,Bulgarian Split Squat,2,40.0,8.0,,,,2.0,1.0,2.0,2-1,,Tempo 2-1-2; RIR 2-1,5,2026-04-17T18:52:06.882Z,"=IFERROR(INDEX(tbl_Lookup_Exercises[Category],MATCH(tbl_Exercises[[#This Row],[ExerciseName]],tbl_Lookup_Exercises[ExerciseName],0)),""Unknown"")"
E-20260417-1169,S-20260417-01,Bulgarian Split Squat,3,50.0,8.0,,,,2.0,1.0,2.0,1-0,,Tempo 2-1-2; RIR 1-0,5,2026-04-17T18:53:57.869Z,"=IFERROR(INDEX(tbl_Lookup_Exercises[Category],MATCH(tbl_Exercises[[#This Row],[ExerciseName]],tbl_Lookup_Exercises[ExerciseName],0)),""Unknown"")"
E-20260417-1170,S-20260417-01,Chest Supported DB Row (Spider),1,75.0,8.0,,,,2.0,1.0,2.0,2,,Tempo 2-1-2; RIR 2; full scap engaged; ,5,2026-04-17T18:58:25.279Z,"=IFERROR(INDEX(tbl_Lookup_Exercises[Category],MATCH(tbl_Exercises[[#This Row],[ExerciseName]],tbl_Lookup_Exercises[ExerciseName],0)),""Unknown"")"
E-20260417-1171,S-20260417-01,Chest Supported DB Row (Spider),2,75.0,8.0,,,,2.0,1.0,2.0,2,,Tempo 2-1-2; RIR 2; full scap engaged; ,5,2026-04-17T19:00:32.071Z,"=IFERROR(INDEX(tbl_Lookup_Exercises[Category],MATCH(tbl_Exercises[[#This Row],[ExerciseName]],tbl_Lookup_Exercises[ExerciseName],0)),""Unknown"")"
E-20260417-1172,S-20260417-01,Chest Supported DB Row (Spider),3,75.0,8.0,,,,2.0,1.0,2.0,1,,Tempo 2-1-2; RIR 1; full squeeze but was not as strong; ,5,2026-04-17T19:03:51.289Z,"=IFERROR(INDEX(tbl_Lookup_Exercises[Category],MATCH(tbl_Exercises[[#This Row],[ExerciseName]],tbl_Lookup_Exercises[ExerciseName],0)),""Unknown"")"
E-20260417-1173,S-20260417-01,Chest Supported DB Row (Spider),4,75.0,7.0,,,,2.0,1.0,2.0,1-0,,Tempo 2-1-2; RIR 1-0; full squeeze but was not as strong; ,5,2026-04-17T19:07:05.488Z,"=IFERROR(INDEX(tbl_Lookup_Exercises[Category],MATCH(tbl_Exercises[[#This Row],[ExerciseName]],tbl_Lookup_Exercises[ExerciseName],0)),""Unknown"")"
E-20260417-1174,S-20260417-01,Single-Arm Neutral Grip Cable Pulldown,1,150.0,10.0,,,,2.0,1.0,2.0,1,,Tempo 2-1-2; RIR 1; right weaker w slight anterior capsule awareness,5,2026-04-17T19:11:47.465Z,"=IFERROR(INDEX(tbl_Lookup_Exercises[Category],MATCH(tbl_Exercises[[#This Row],[ExerciseName]],tbl_Lookup_Exercises[ExerciseName],0)),""Unknown"")"
E-20260417-1175,S-20260417-01,Single-Arm Neutral Grip Cable Pulldown,2,150.0,7.0,,,,2.0,1.0,2.0,1,,Tempo 2-1-2; RIR 1; right weaker w slight anterior capsule awareness,5,2026-04-17T19:14:56.747Z,"=IFERROR(INDEX(tbl_Lookup_Exercises[Category],MATCH(tbl_Exercises[[#This Row],[ExerciseName]],tbl_Lookup_Exercises[ExerciseName],0)),""Unknown"")"
E-20260417-1176,S-20260417-01,Single-Arm Neutral Grip Cable Pulldown,3,150.0,7.0,,,,2.0,1.0,2.0,1,,Tempo 2-1-2; RIR 1; right weaker w slight anterior capsule awareness,5,2026-04-17T19:17:49.872Z,"=IFERROR(INDEX(tbl_Lookup_Exercises[Category],MATCH(tbl_Exercises[[#This Row],[ExerciseName]],tbl_Lookup_Exercises[ExerciseName],0)),""Unknown"")"
E-20260417-1177,S-20260417-01,Suitcase Carries,1,75.0,,49.8,,,,,,,,2.3mph; 0 incline; 2 sec pause q 15 sec,5,2026-04-17T19:22:55.634Z,"=IFERROR(INDEX(tbl_Lookup_Exercises[Category],MATCH(tbl_Exercises[[#This Row],[ExerciseName]],tbl_Lookup_Exercises[ExerciseName],0)),""Unknown"")"
E-20260417-1178,S-20260417-01,Suitcase Carries,2,75.0,,45.0,,,,,,,,2.3mph; 0 incline; 2 sec pause q 15 sec,5,2026-04-17T19:24:53.667Z,"=IFERROR(INDEX(tbl_Lookup_Exercises[Category],MATCH(tbl_Exercises[[#This Row],[ExerciseName]],tbl_Lookup_Exercises[ExerciseName],0)),""Unknown"")"
E-20260417-1179,S-20260417-01,Suitcase Carries,3,75.0,,39.6,,,,,,,,2.3mph; 0 incline; 2 sec pause q 15 sec,5,2026-04-17T19:28:55.461Z,"=IFERROR(INDEX(tbl_Lookup_Exercises[Category],MATCH(tbl_Exercises[[#This Row],[ExerciseName]],tbl_Lookup_Exercises[ExerciseName],0)),""Unknown"")"
E-20260417-1180,S-20260417-01,Side Plank,1,0.0,,45.0,,,,,,,,,5,2026-04-17T19:34:19.864Z,"=IFERROR(INDEX(tbl_Lookup_Exercises[Category],MATCH(tbl_Exercises[[#This Row],[ExerciseName]],tbl_Lookup_Exercises[ExerciseName],0)),""Unknown"")"
E-20260417-1181,S-20260417-01,Side Plank,2,0.0,,45.0,,,,,,,,,5,2026-04-17T19:37:38.997Z,"=IFERROR(INDEX(tbl_Lookup_Exercises[Category],MATCH(tbl_Exercises[[#This Row],[ExerciseName]],tbl_Lookup_Exercises[ExerciseName],0)),""Unknown"")"
E-20260417-1182,S-20260417-01,Side Plank,3,0.0,,45.0,,,,,,,,,5,2026-04-17T19:41:34.814Z,"=IFERROR(INDEX(tbl_Lookup_Exercises[Category],MATCH(tbl_Exercises[[#This Row],[ExerciseName]],tbl_Lookup_Exercises[ExerciseName],0)),""Unknown"")"
E-20260417-1183,S-20260417-01,Rowing,2,,,240.0,1.0,km,,,,,,Cooldown,5,2026-04-17T19:49:37.757Z,"=IFERROR(INDEX(tbl_Lookup_Exercises[Category],MATCH(tbl_Exercises[[#This Row],[ExerciseName]],tbl_Lookup_Exercises[ExerciseName],0)),""Unknown"")"
E-20260418-1184,S-20260418-01,Rowing,1,,,300.0,1.35,km,,,,,,Warmup,5,2026-04-18T15:19:05.136Z,"=IFERROR(INDEX(tbl_Lookup_Exercises[Category],MATCH(tbl_Exercises[[#This Row],[ExerciseName]],tbl_Lookup_Exercises[ExerciseName],0)),""Unknown"")"
E-20260418-1185,S-20260418-01,Scap Push Ups,1,0.0,12.0,,,,,,,,,,5,2026-04-18T15:36:59.446Z,"=IFERROR(INDEX(tbl_Lookup_Exercises[Category],MATCH(tbl_Exercises[[#This Row],[ExerciseName]],tbl_Lookup_Exercises[ExerciseName],0)),""Unknown"")"
E-20260418-1186,S-20260418-01,Scap Push Ups,2,0.0,12.0,,,,,,,,,,5,2026-04-18T15:37:00.026Z,"=IFERROR(INDEX(tbl_Lookup_Exercises[Category],MATCH(tbl_Exercises[[#This Row],[ExerciseName]],tbl_Lookup_Exercises[ExerciseName],0)),""Unknown"")"
E-20260418-1187,S-20260418-01,Band External Rotations,1,0.0,12.0,,,,,,,,,,5,2026-04-18T15:37:14.348Z,"=IFERROR(INDEX(tbl_Lookup_Exercises[Category],MATCH(tbl_Exercises[[#This Row],[ExerciseName]],tbl_Lookup_Exercises[ExerciseName],0)),""Unknown"")"
E-20260418-1188,S-20260418-01,Band External Rotations,2,0.0,12.0,,,,,,,,,,5,2026-04-18T15:37:15.073Z,"=IFERROR(INDEX(tbl_Lookup_Exercises[Category],MATCH(tbl_Exercises[[#This Row],[ExerciseName]],tbl_Lookup_Exercises[ExerciseName],0)),""Unknown"")"
E-20260418-1189,S-20260418-01,Serratus Wall Slides (banded),1,0.0,12.0,,,,,,,,,,5,2026-04-18T15:37:21.946Z,"=IFERROR(INDEX(tbl_Lookup_Exercises[Category],MATCH(tbl_Exercises[[#This Row],[ExerciseName]],tbl_Lookup_Exercises[ExerciseName],0)),""Unknown"")"
E-20260418-1190,S-20260418-01,Serratus Wall Slides (banded),2,0.0,12.0,,,,,,,,,,5,2026-04-18T15:37:22.453Z,"=IFERROR(INDEX(tbl_Lookup_Exercises[Category],MATCH(tbl_Exercises[[#This Row],[ExerciseName]],tbl_Lookup_Exercises[ExerciseName],0)),""Unknown"")"
E-20260418-1191,S-20260418-01,DB Neutral Press (slight Rotate To Underhand ),1,60.0,8.0,,,,3.0,1.0,1.0,2,,Tempo 3-1-1; RIR 2,5,2026-04-18T15:37:41.265Z,"=IFERROR(INDEX(tbl_Lookup_Exercises[Category],MATCH(tbl_Exercises[[#This Row],[ExerciseName]],tbl_Lookup_Exercises[ExerciseName],0)),""Unknown"")"
E-20260418-1192,S-20260418-01,DB Neutral Press (slight Rotate To Underhand ),2,60.0,8.0,,,,3.0,1.0,1.0,2,,Tempo 3-1-1; RIR 2; trying to find the pec stimulus,5,2026-04-18T15:40:12.248Z,"=IFERROR(INDEX(tbl_Lookup_Exercises[Category],MATCH(tbl_Exercises[[#This Row],[ExerciseName]],tbl_Lookup_Exercises[ExerciseName],0)),""Unknown"")"
E-20260418-1193,S-20260418-01,DB Neutral Press (slight Rotate To Underhand ),3,60.0,7.0,,,,3.0,1.0,1.0,1,,Tempo 3-1-1; RIR 1; trying to find the pec stimulus,5,2026-04-18T15:42:27.264Z,"=IFERROR(INDEX(tbl_Lookup_Exercises[Category],MATCH(tbl_Exercises[[#This Row],[ExerciseName]],tbl_Lookup_Exercises[ExerciseName],0)),""Unknown"")"
E-20260418-1194,S-20260418-01,DB Neutral Press (slight Rotate To Underhand ),4,60.0,5.0,,,,3.0,1.0,1.0,1,,Tempo 3-1-1; RIR 1; felt a bit of a fatigue collapse on 6th attempt ,5,2026-04-18T15:45:35.045Z,"=IFERROR(INDEX(tbl_Lookup_Exercises[Category],MATCH(tbl_Exercises[[#This Row],[ExerciseName]],tbl_Lookup_Exercises[ExerciseName],0)),""Unknown"")"
E-20260418-1195,S-20260418-01,Low-Incline DB Press (15–30°),1,60.0,10.0,,,,2.0,1.0,2.0,2,,Tempo 2-1-2; RIR 2; bench at 2 (15^),5,2026-04-18T15:49:48.460Z,"=IFERROR(INDEX(tbl_Lookup_Exercises[Category],MATCH(tbl_Exercises[[#This Row],[ExerciseName]],tbl_Lookup_Exercises[ExerciseName],0)),""Unknown"")"
E-20260418-1196,S-20260418-01,Low-Incline DB Press (15–30°),2,60.0,10.0,,,,2.0,1.0,2.0,2-1,,Tempo 2-1-2; RIR 2-1; bench at 2 (15^),5,2026-04-18T15:52:51.768Z,"=IFERROR(INDEX(tbl_Lookup_Exercises[Category],MATCH(tbl_Exercises[[#This Row],[ExerciseName]],tbl_Lookup_Exercises[ExerciseName],0)),""Unknown"")"
E-20260418-1197,S-20260418-01,Low-Incline DB Press (15–30°),3,70.0,9.0,,,,2.0,1.0,2.0,1,,Tempo 2-1-2; RIR 1; bench at 2 (15^),5,2026-04-18T15:53:16.898Z,"=IFERROR(INDEX(tbl_Lookup_Exercises[Category],MATCH(tbl_Exercises[[#This Row],[ExerciseName]],tbl_Lookup_Exercises[ExerciseName],0)),""Unknown"")"
E-20260418-1198,S-20260418-01,Single-Arm DB Balance Press,1,45.0,7.0,,,,3.0,1.0,2.0,1,,Tempo 3-1-2; RIR 1,5,2026-04-18T15:56:04.902Z,"=IFERROR(INDEX(tbl_Lookup_Exercises[Category],MATCH(tbl_Exercises[[#This Row],[ExerciseName]],tbl_Lookup_Exercises[ExerciseName],0)),""Unknown"")"
E-20260418-1199,S-20260418-01,Single-Arm DB Balance Press,2,45.0,6.0,,,,3.0,1.0,2.0,1,,"Tempo 3-1-2; RIR 1; right 6, left got 7",5,2026-04-18T15:59:18.157Z,"=IFERROR(INDEX(tbl_Lookup_Exercises[Category],MATCH(tbl_Exercises[[#This Row],[ExerciseName]],tbl_Lookup_Exercises[ExerciseName],0)),""Unknown"")"
E-20260418-1200,S-20260418-01,Single-Arm DB Balance Press,3,45.0,7.0,,,,3.0,1.0,2.0,1,,Tempo 3-1-2; RIR 1; remembered total 45s between arms on the last set,5,2026-04-18T16:01:21.727Z,"=IFERROR(INDEX(tbl_Lookup_Exercises[Category],MATCH(tbl_Exercises[[#This Row],[ExerciseName]],tbl_Lookup_Exercises[ExerciseName],0)),""Unknown"")"
E-20260418-1201,S-20260418-01,Rope Push-Downs,1,50.0,9.0,,,,2.0,1.0,2.0,2-1,,Tempo 2-1-2; RIR 2-1,5,2026-04-18T16:06:38.170Z,"=IFERROR(INDEX(tbl_Lookup_Exercises[Category],MATCH(tbl_Exercises[[#This Row],[ExerciseName]],tbl_Lookup_Exercises[ExerciseName],0)),""Unknown"")"
E-20260418-1202,S-20260418-01,Rope Push-Downs,2,50.0,8.0,,,,2.0,1.0,2.0,1,,Tempo 2-1-2; RIR 1,5,2026-04-18T16:08:26.873Z,"=IFERROR(INDEX(tbl_Lookup_Exercises[Category],MATCH(tbl_Exercises[[#This Row],[ExerciseName]],tbl_Lookup_Exercises[ExerciseName],0)),""Unknown"")"
E-20260418-1203,S-20260418-01,Rope Push-Downs,3,50.0,6.0,,,,2.0,1.0,2.0,1,,Tempo 2-1-2; RIR 1,5,2026-04-18T16:10:05.017Z,"=IFERROR(INDEX(tbl_Lookup_Exercises[Category],MATCH(tbl_Exercises[[#This Row],[ExerciseName]],tbl_Lookup_Exercises[ExerciseName],0)),""Unknown"")"
E-20260418-1204,S-20260418-01,Rope Push-Downs,4,45.0,7.0,,,,2.0,1.0,2.0,1-0,,Tempo 2-1-2; RIR 1-0,5,2026-04-18T16:12:31.064Z,"=IFERROR(INDEX(tbl_Lookup_Exercises[Category],MATCH(tbl_Exercises[[#This Row],[ExerciseName]],tbl_Lookup_Exercises[ExerciseName],0)),""Unknown"")"
E-20260418-1205,S-20260418-01,Single-Arm Overhead Cable Extension,1,12.5,8.0,,,,3.0,1.0,3.0,1,,Tempo 3-1-3; RIR 1; forgot to rest 30 between arms,5,2026-04-18T16:15:13.274Z,"=IFERROR(INDEX(tbl_Lookup_Exercises[Category],MATCH(tbl_Exercises[[#This Row],[ExerciseName]],tbl_Lookup_Exercises[ExerciseName],0)),""Unknown"")"
E-20260418-1206,S-20260418-01,Single-Arm Overhead Cable Extension,2,12.5,9.0,,,,3.0,1.0,3.0,1,,Tempo 3-1-3; RIR 1;left feels slightly weaker today,5,2026-04-18T16:18:39.073Z,"=IFERROR(INDEX(tbl_Lookup_Exercises[Category],MATCH(tbl_Exercises[[#This Row],[ExerciseName]],tbl_Lookup_Exercises[ExerciseName],0)),""Unknown"")"
E-20260418-1207,S-20260418-01,Single-Arm Overhead Cable Extension,3,12.5,10.0,,,,3.0,1.0,3.0,1,,Tempo 3-1-3; RIR 1; taps on 9-10 for both,5,2026-04-18T16:22:48.382Z,"=IFERROR(INDEX(tbl_Lookup_Exercises[Category],MATCH(tbl_Exercises[[#This Row],[ExerciseName]],tbl_Lookup_Exercises[ExerciseName],0)),""Unknown"")"
E-20260418-1208,S-20260418-01,Dumbbell Lateral Raise,1,10.0,15.0,,,,2.0,2.0,2.0,2,,Tempo 2-2-2; RIR 2,5,2026-04-18T16:25:44.595Z,"=IFERROR(INDEX(tbl_Lookup_Exercises[Category],MATCH(tbl_Exercises[[#This Row],[ExerciseName]],tbl_Lookup_Exercises[ExerciseName],0)),""Unknown"")"
E-20260418-1209,S-20260418-01,Dumbbell Lateral Raise,2,10.0,15.0,,,,2.0,2.0,2.0,2-1,,Tempo 2-2-2; RIR 2-1,5,2026-04-18T16:28:17.319Z,"=IFERROR(INDEX(tbl_Lookup_Exercises[Category],MATCH(tbl_Exercises[[#This Row],[ExerciseName]],tbl_Lookup_Exercises[ExerciseName],0)),""Unknown"")"
E-20260418-1210,S-20260418-01,Dumbbell Lateral Raise,3,10.0,15.0,,,,2.0,2.0,2.0,2-1,,Tempo 2-2-2; RIR 2-1,5,2026-04-18T16:30:50.902Z,"=IFERROR(INDEX(tbl_Lookup_Exercises[Category],MATCH(tbl_Exercises[[#This Row],[ExerciseName]],tbl_Lookup_Exercises[ExerciseName],0)),""Unknown"")"
E-20260418-1211,S-20260418-01,Push-up,1,0.0,6.0,,,,,,,,2026-04-18T16:34:07.374Z,,5,2026-04-18T16:34:08.361Z,"=IFERROR(INDEX(tbl_Lookup_Exercises[Category],MATCH(tbl_Exercises[[#This Row],[ExerciseName]],tbl_Lookup_Exercises[ExerciseName],0)),""Unknown"")"
E-20260418-1212,S-20260418-01,Push-up On Knees,1,0.0,4.0,,,,,,,,2026-04-18T16:34:07.374Z,,5,2026-04-18T16:34:13.937Z,"=IFERROR(INDEX(tbl_Lookup_Exercises[Category],MATCH(tbl_Exercises[[#This Row],[ExerciseName]],tbl_Lookup_Exercises[ExerciseName],0)),""Unknown"")"
E-20260418-1213,S-20260418-01,Rowing,2,,,468.0,2.01,km,,,,,,Cooldown,5,2026-04-18T16:46:12.697Z,"=IFERROR(INDEX(tbl_Lookup_Exercises[Category],MATCH(tbl_Exercises[[#This Row],[ExerciseName]],tbl_Lookup_Exercises[ExerciseName],0)),""Unknown"")"
E-20260419-1214,S-20260419-01,Rowing,1,,,300.0,1.35,km,,,,,,Warmup,5,2026-04-19T15:07:58.039Z,"=IFERROR(INDEX(tbl_Lookup_Exercises[Category],MATCH(tbl_Exercises[[#This Row],[ExerciseName]],tbl_Lookup_Exercises[ExerciseName],0)),""Unknown"")"
E-20260419-1215,S-20260419-01,Suitcase Carries,1,75.0,,60.0,,,,,,,,2.3mph; 2s pause each 15s; 0 incline,5,2026-04-19T15:20:03.966Z,"=IFERROR(INDEX(tbl_Lookup_Exercises[Category],MATCH(tbl_Exercises[[#This Row],[ExerciseName]],tbl_Lookup_Exercises[ExerciseName],0)),""Unknown"")"
E-20260419-1216,S-20260419-01,Suitcase Carries,2,75.0,,60.0,,,,,,,,2.3mph; 2s pause each 15s; 0 incline,5,2026-04-19T15:23:10.645Z,"=IFERROR(INDEX(tbl_Lookup_Exercises[Category],MATCH(tbl_Exercises[[#This Row],[ExerciseName]],tbl_Lookup_Exercises[ExerciseName],0)),""Unknown"")"
E-20260419-1217,S-20260419-01,Suitcase Carries,3,75.0,,57.0,,,,,,,,2.3mph; 2s pause each 15s; 0 incline; right grip didn’t roll but the weight was dropping off the back side around 56s,5,2026-04-19T15:26:46.684Z,"=IFERROR(INDEX(tbl_Lookup_Exercises[Category],MATCH(tbl_Exercises[[#This Row],[ExerciseName]],tbl_Lookup_Exercises[ExerciseName],0)),""Unknown"")"
E-20260419-1218,S-20260419-01,Chest Supported DB Row (Spider),1,75.0,8.0,,,,2.0,1.0,2.0,2,,Tempo 2-1-2; RIR 2;,5,2026-04-19T15:30:38.833Z,"=IFERROR(INDEX(tbl_Lookup_Exercises[Category],MATCH(tbl_Exercises[[#This Row],[ExerciseName]],tbl_Lookup_Exercises[ExerciseName],0)),""Unknown"")"
E-20260419-1219,S-20260419-01,Chest Supported DB Row (Spider),2,75.0,8.0,,,,2.0,1.0,2.0,2,,Tempo 2-1-2; RIR 2;,5,2026-04-19T15:32:52.653Z,"=IFERROR(INDEX(tbl_Lookup_Exercises[Category],MATCH(tbl_Exercises[[#This Row],[ExerciseName]],tbl_Lookup_Exercises[ExerciseName],0)),""Unknown"")"
E-20260419-1220,S-20260419-01,Chest Supported DB Row (Spider),3,75.0,8.0,,,,2.0,1.0,2.0,1,,"Tempo 2-1-2; RIR 1; scap contract was strong through 6. Little fatigue 7,8 but full squeeze at contraction ",5,2026-04-19T15:36:01.611Z,"=IFERROR(INDEX(tbl_Lookup_Exercises[Category],MATCH(tbl_Exercises[[#This Row],[ExerciseName]],tbl_Lookup_Exercises[ExerciseName],0)),""Unknown"")"
E-20260419-1221,S-20260419-01,Chest Supported DB Row (Spider),4,75.0,7.0,,,,2.0,1.0,2.0,1,,"Tempo 2-1-2; RIR 1; scap contract was strong through 6. Little fatigue 7,8 but full squeeze at contraction ",5,2026-04-19T15:39:19.082Z,"=IFERROR(INDEX(tbl_Lookup_Exercises[Category],MATCH(tbl_Exercises[[#This Row],[ExerciseName]],tbl_Lookup_Exercises[ExerciseName],0)),""Unknown"")"
E-20260419-1222,S-20260419-01,Single-Arm Neutral Grip Cable Pulldown,1,140.0,11.0,,,,2.0,1.0,2.0,2-1,,Starting with Right; tempo 2-1-2; RIR 2-1,5,2026-04-19T15:42:59.431Z,"=IFERROR(INDEX(tbl_Lookup_Exercises[Category],MATCH(tbl_Exercises[[#This Row],[ExerciseName]],tbl_Lookup_Exercises[ExerciseName],0)),""Unknown"")"
E-20260419-1223,S-20260419-01,Single-Arm Neutral Grip Cable Pulldown,2,145.0,11.0,,,,2.0,1.0,2.0,2-1,,Starting with Right; tempo 2-1-2; RIR 2-1,5,2026-04-19T15:46:47.847Z,"=IFERROR(INDEX(tbl_Lookup_Exercises[Category],MATCH(tbl_Exercises[[#This Row],[ExerciseName]],tbl_Lookup_Exercises[ExerciseName],0)),""Unknown"")"
E-20260419-1224,S-20260419-01,Single-Arm Neutral Grip Cable Pulldown,3,150.0,8.0,,,,2.0,1.0,2.0,2-1,, Right was the limiter this set;  tempo 2-1-2; RIR 2-1,5,2026-04-19T15:50:23.117Z,"=IFERROR(INDEX(tbl_Lookup_Exercises[Category],MATCH(tbl_Exercises[[#This Row],[ExerciseName]],tbl_Lookup_Exercises[ExerciseName],0)),""Unknown"")"
E-20260419-1225,S-20260419-01,Face Pull,1,35.0,20.0,,,,1.0,,1.0,2-1,,Tempo 1-2–1; RIR 2-1; adjustable pulley 3,5,2026-04-19T15:54:29.016Z,"=IFERROR(INDEX(tbl_Lookup_Exercises[Category],MATCH(tbl_Exercises[[#This Row],[ExerciseName]],tbl_Lookup_Exercises[ExerciseName],0)),""Unknown"")"
E-20260419-1226,S-20260419-01,Face Pull,2,42.5,19.0,,,,1.0,,,1,,Tempo 1-2–1; RIR 1; adjustable pulley 3,5,2026-04-19T15:57:22.704Z,"=IFERROR(INDEX(tbl_Lookup_Exercises[Category],MATCH(tbl_Exercises[[#This Row],[ExerciseName]],tbl_Lookup_Exercises[ExerciseName],0)),""Unknown"")"
E-20260419-1227,S-20260419-01,Face Pull,3,42.5,18.0,,,,1.0,,,1,,Grip started to fail ; Tempo 1-2–1; RIR 1; adjustable pulley 3,5,2026-04-19T16:00:28.432Z,"=IFERROR(INDEX(tbl_Lookup_Exercises[Category],MATCH(tbl_Exercises[[#This Row],[ExerciseName]],tbl_Lookup_Exercises[ExerciseName],0)),""Unknown"")"
E-20260419-1228,S-20260419-01,Incline Dumbbell Curl (Supinated),1,30.0,9.0,,,,2.0,1.0,2.0,2-1,,Tempo 2-1-2; RIR 2-1,5,2026-04-19T16:04:27.519Z,"=IFERROR(INDEX(tbl_Lookup_Exercises[Category],MATCH(tbl_Exercises[[#This Row],[ExerciseName]],tbl_Lookup_Exercises[ExerciseName],0)),""Unknown"")"
E-20260419-1229,S-20260419-01,Incline Dumbbell Curl (Supinated),2,30.0,7.0,,,,2.0,1.0,2.0,2-1,,Tempo 2-1-2; RIR 2-1,5,2026-04-19T16:06:57.403Z,"=IFERROR(INDEX(tbl_Lookup_Exercises[Category],MATCH(tbl_Exercises[[#This Row],[ExerciseName]],tbl_Lookup_Exercises[ExerciseName],0)),""Unknown"")"
E-20260419-1230,S-20260419-01,Incline Dumbbell Curl (Supinated),3,30.0,8.0,,,,2.0,1.0,2.0,2-1,,"Tempo 2-1-2; RIR 2-1; alternate at 6,7,8",5,2026-04-19T16:11:04.532Z,"=IFERROR(INDEX(tbl_Lookup_Exercises[Category],MATCH(tbl_Exercises[[#This Row],[ExerciseName]],tbl_Lookup_Exercises[ExerciseName],0)),""Unknown"")"
E-20260419-1231,S-20260419-01,Suitcase Holds,1,75.0,,60.0,,,,,,,,,5,2026-04-19T16:14:02.185Z,"=IFERROR(INDEX(tbl_Lookup_Exercises[Category],MATCH(tbl_Exercises[[#This Row],[ExerciseName]],tbl_Lookup_Exercises[ExerciseName],0)),""Unknown"")"
E-20260419-1232,S-20260419-01,Suitcase Holds,2,75.0,,60.0,,,,,,,,,5,2026-04-19T16:17:22.334Z,"=IFERROR(INDEX(tbl_Lookup_Exercises[Category],MATCH(tbl_Exercises[[#This Row],[ExerciseName]],tbl_Lookup_Exercises[ExerciseName],0)),""Unknown"")"
E-20260419-1233,S-20260419-01,Suitcase Holds,3,75.0,,52.2,,,,,,,,,5,2026-04-19T16:21:10.735Z,"=IFERROR(INDEX(tbl_Lookup_Exercises[Category],MATCH(tbl_Exercises[[#This Row],[ExerciseName]],tbl_Lookup_Exercises[ExerciseName],0)),""Unknown"")"
E-20260419-1234,S-20260419-01,Rowing,2,,,300.0,1.26,km,,,,,,Cooldown,5,2026-04-19T16:29:52.523Z,"=IFERROR(INDEX(tbl_Lookup_Exercises[Category],MATCH(tbl_Exercises[[#This Row],[ExerciseName]],tbl_Lookup_Exercises[ExerciseName],0)),""Unknown"")"
E-20260420-1235,S-20260420-01,Rowing,1,,,240.0,1.11,km,,,,,,Warmup ,5,2026-04-20T15:53:21.731Z,"=IFERROR(INDEX(tbl_Lookup_Exercises[Category],MATCH(tbl_Exercises[[#This Row],[ExerciseName]],tbl_Lookup_Exercises[ExerciseName],0)),""Unknown"")"
E-20260420-1236,S-20260420-01,DB Spider Curl (Hammer),1,45.0,15.0,,,,2.0,1.0,2.0,2-1,,Tempo 2-1-2; RIR 2-1; alternated after 6th rep,5,2026-04-20T16:05:53.920Z,"=IFERROR(INDEX(tbl_Lookup_Exercises[Category],MATCH(tbl_Exercises[[#This Row],[ExerciseName]],tbl_Lookup_Exercises[ExerciseName],0)),""Unknown"")"
E-20260420-1237,S-20260420-01,DB Spider Curl (Hammer),2,45.0,15.0,,,,2.0,1.0,2.0,2-1,,Tempo 2-1-2; RIR 2-1; alternated after 5th rep; I don’t LOVE the ROM but hitting 90 degree on contraction,5,2026-04-20T16:09:01.901Z,"=IFERROR(INDEX(tbl_Lookup_Exercises[Category],MATCH(tbl_Exercises[[#This Row],[ExerciseName]],tbl_Lookup_Exercises[ExerciseName],0)),""Unknown"")"
E-20260420-1238,S-20260420-01,DB Spider Curl (Hammer),3,45.0,12.0,,,,2.0,1.0,2.0,2-1,,Tempo 2-1-2; RIR 2-1; alternated after 5th rep; I don’t LOVE the ROM but hitting 90 degree on contraction; extended partials 12-15,5,2026-04-20T16:13:01.668Z,"=IFERROR(INDEX(tbl_Lookup_Exercises[Category],MATCH(tbl_Exercises[[#This Row],[ExerciseName]],tbl_Lookup_Exercises[ExerciseName],0)),""Unknown"")"
E-20260420-1239,S-20260420-01,Rope Push-Downs,1,50.0,13.0,,,,2.0,1.0,2.0,2,,Tempo 2-1-2; RIR 2,5,2026-04-20T16:15:34.451Z,"=IFERROR(INDEX(tbl_Lookup_Exercises[Category],MATCH(tbl_Exercises[[#This Row],[ExerciseName]],tbl_Lookup_Exercises[ExerciseName],0)),""Unknown"")"
E-20260420-1240,S-20260420-01,Rope Push-Downs,2,50.0,11.0,,,,2.0,1.0,2.0,2-1,,Tempo 2-1-2; RIR 2-1,5,2026-04-20T16:17:36.381Z,"=IFERROR(INDEX(tbl_Lookup_Exercises[Category],MATCH(tbl_Exercises[[#This Row],[ExerciseName]],tbl_Lookup_Exercises[ExerciseName],0)),""Unknown"")"
E-20260420-1241,S-20260420-01,Rope Push-Downs,3,50.0,9.0,,,,2.0,1.0,2.0,1,,Tempo 2-1-2; RIR 1,5,2026-04-20T16:20:22.537Z,"=IFERROR(INDEX(tbl_Lookup_Exercises[Category],MATCH(tbl_Exercises[[#This Row],[ExerciseName]],tbl_Lookup_Exercises[ExerciseName],0)),""Unknown"")"
E-20260420-1242,S-20260420-01,Rope Push-Downs,4,50.0,8.0,,,,2.0,1.0,2.0,1-0,,Tempo 2-1-2; RIR 1-0,5,2026-04-20T16:22:02.837Z,"=IFERROR(INDEX(tbl_Lookup_Exercises[Category],MATCH(tbl_Exercises[[#This Row],[ExerciseName]],tbl_Lookup_Exercises[ExerciseName],0)),""Unknown"")"
E-20260420-1243,S-20260420-01,Single Arm Cable Extensions,1,12.5,10.0,,,,3.0,1.0,3.0,1,,Tempo 3-1-3; RIR 1,5,2026-04-20T16:25:06.998Z,"=IFERROR(INDEX(tbl_Lookup_Exercises[Category],MATCH(tbl_Exercises[[#This Row],[ExerciseName]],tbl_Lookup_Exercises[ExerciseName],0)),""Unknown"")"
E-20260420-1244,S-20260420-01,Single Arm Cable Extensions,2,12.5,11.0,,,,3.0,1.0,3.0,1,,Tempo 3-1-3; RIR 1,5,2026-04-20T16:28:21.254Z,"=IFERROR(INDEX(tbl_Lookup_Exercises[Category],MATCH(tbl_Exercises[[#This Row],[ExerciseName]],tbl_Lookup_Exercises[ExerciseName],0)),""Unknown"")"
E-20260420-1245,S-20260420-01,Single Arm Cable Extensions,3,12.5,11.0,,,,3.0,1.0,3.0,1,,Tempo 3-1-3; RIR 1,5,2026-04-20T16:31:24.966Z,"=IFERROR(INDEX(tbl_Lookup_Exercises[Category],MATCH(tbl_Exercises[[#This Row],[ExerciseName]],tbl_Lookup_Exercises[ExerciseName],0)),""Unknown"")"
E-20260420-1246,S-20260420-01,Incline Dumbbell Curl (Supinated),1,30.0,10.0,,,,2.0,1.0,2.0,2+,,Tempo 2-1-2; RIR 2+,5,2026-04-20T16:34:38.213Z,"=IFERROR(INDEX(tbl_Lookup_Exercises[Category],MATCH(tbl_Exercises[[#This Row],[ExerciseName]],tbl_Lookup_Exercises[ExerciseName],0)),""Unknown"")"
E-20260420-1247,S-20260420-01,Incline Dumbbell Curl (Supinated),2,30.0,10.0,,,,2.0,1.0,2.0,2-1,,Tempo 2-1-2; RIR 2-1,5,2026-04-20T16:37:50.349Z,"=IFERROR(INDEX(tbl_Lookup_Exercises[Category],MATCH(tbl_Exercises[[#This Row],[ExerciseName]],tbl_Lookup_Exercises[ExerciseName],0)),""Unknown"")"
E-20260420-1248,S-20260420-01,Incline Dumbbell Curl (Supinated),3,30.0,9.0,,,,2.0,1.0,2.0,1,,"Tempo 2-1-2; RIR 1; extended partials 9,10,11",5,2026-04-20T16:41:26.446Z,"=IFERROR(INDEX(tbl_Lookup_Exercises[Category],MATCH(tbl_Exercises[[#This Row],[ExerciseName]],tbl_Lookup_Exercises[ExerciseName],0)),""Unknown"")"
E-20260420-1249,S-20260420-01,Dumbbell Lateral Raise,1,10.0,15.0,,,,2.0,1.0,2.0,2,,Tempo 2-1-2; RIR 2; ,5,2026-04-20T16:43:39.970Z,"=IFERROR(INDEX(tbl_Lookup_Exercises[Category],MATCH(tbl_Exercises[[#This Row],[ExerciseName]],tbl_Lookup_Exercises[ExerciseName],0)),""Unknown"")"
E-20260420-1250,S-20260420-01,Dumbbell Lateral Raise,2,10.0,15.0,,,,2.0,1.0,2.0,2,,Tempo 2-1-2; RIR 2; slight right anterior awareness,5,2026-04-20T16:45:18.852Z,"=IFERROR(INDEX(tbl_Lookup_Exercises[Category],MATCH(tbl_Exercises[[#This Row],[ExerciseName]],tbl_Lookup_Exercises[ExerciseName],0)),""Unknown"")"
E-20260420-1251,S-20260420-01,Dumbbell Lateral Raise,3,10.0,15.0,,,,2.0,1.0,2.0,1,,Tempo 2-1-2; RIR 1; slight right anterior awareness,5,2026-04-20T16:47:28.872Z,"=IFERROR(INDEX(tbl_Lookup_Exercises[Category],MATCH(tbl_Exercises[[#This Row],[ExerciseName]],tbl_Lookup_Exercises[ExerciseName],0)),""Unknown"")"
E-20260420-1252,S-20260420-01,Farmer’s Hold,1,150.0,,60.0,,,,,,,,,5,2026-04-20T16:54:17.381Z,"=IFERROR(INDEX(tbl_Lookup_Exercises[Category],MATCH(tbl_Exercises[[#This Row],[ExerciseName]],tbl_Lookup_Exercises[ExerciseName],0)),""Unknown"")"
E-20260420-1253,S-20260420-01,Farmer’s Hold,2,150.0,,60.0,,,,,,,,,5,2026-04-20T16:54:18.017Z,"=IFERROR(INDEX(tbl_Lookup_Exercises[Category],MATCH(tbl_Exercises[[#This Row],[ExerciseName]],tbl_Lookup_Exercises[ExerciseName],0)),""Unknown"")"
E-20260420-1254,S-20260420-01,Farmer’s Hold,3,150.0,,55.2,,,,,,,,,5,2026-04-20T16:54:21.381Z,"=IFERROR(INDEX(tbl_Lookup_Exercises[Category],MATCH(tbl_Exercises[[#This Row],[ExerciseName]],tbl_Lookup_Exercises[ExerciseName],0)),""Unknown"")"
E-20260420-1255,S-20260420-01,Rowing,2,,,460.0,2.0,km,,,,,,Cooldown,5,2026-04-20T17:05:11.485Z,"=IFERROR(INDEX(tbl_Lookup_Exercises[Category],MATCH(tbl_Exercises[[#This Row],[ExerciseName]],tbl_Lookup_Exercises[ExerciseName],0)),""Unknown"")"
E-20260422-1256,S-20260422-01,Rowing,1,,,300.0,1.34,km,,,,,,1.338,5,2026-04-22T20:44:27.310Z,"=IFERROR(INDEX(tbl_Lookup_Exercises[Category],MATCH(tbl_Exercises[[#This Row],[ExerciseName]],tbl_Lookup_Exercises[ExerciseName],0)),""Unknown"")"
E-20260422-1257,S-20260422-01,Dumbbell Romanian Deadlift,1,150.0,8.0,,,,3.0,1.0,1.0,2,,Tempo 3-1-1; RIR 2,5,2026-04-22T20:53:36.947Z,"=IFERROR(INDEX(tbl_Lookup_Exercises[Category],MATCH(tbl_Exercises[[#This Row],[ExerciseName]],tbl_Lookup_Exercises[ExerciseName],0)),""Unknown"")"
E-20260422-1258,S-20260422-01,Dumbbell Romanian Deadlift,2,150.0,8.0,,,,3.0,1.0,1.0,2,,Tempo 3-1-1; RIR 2,5,2026-04-22T20:56:32.463Z,"=IFERROR(INDEX(tbl_Lookup_Exercises[Category],MATCH(tbl_Exercises[[#This Row],[ExerciseName]],tbl_Lookup_Exercises[ExerciseName],0)),""Unknown"")"
E-20260422-1259,S-20260422-01,Dumbbell Romanian Deadlift,3,150.0,8.0,,,,3.0,1.0,1.0,2,,Tempo 3-1-1; RIR 2,5,2026-04-22T20:59:23.969Z,"=IFERROR(INDEX(tbl_Lookup_Exercises[Category],MATCH(tbl_Exercises[[#This Row],[ExerciseName]],tbl_Lookup_Exercises[ExerciseName],0)),""Unknown"")"
E-20260422-1260,S-20260422-01,Dumbbell Romanian Deadlift,4,150.0,9.0,,,,3.0,1.0,1.0,1,,Tempo 3-1-1; RIR 1; did an extra rep to check full ceiling. I could have done 10-11 👍,5,2026-04-22T21:02:50.074Z,"=IFERROR(INDEX(tbl_Lookup_Exercises[Category],MATCH(tbl_Exercises[[#This Row],[ExerciseName]],tbl_Lookup_Exercises[ExerciseName],0)),""Unknown"")"
E-20260422-1261,S-20260422-01,Bulgarian Split Squat,1,50.0,8.0,,,,,,,2-1,,2-1-2; RIR 2-1; please note this is 50# total (25 per hand).,5,2026-04-22T21:06:16.265Z,"=IFERROR(INDEX(tbl_Lookup_Exercises[Category],MATCH(tbl_Exercises[[#This Row],[ExerciseName]],tbl_Lookup_Exercises[ExerciseName],0)),""Unknown"")"
E-20260422-1262,S-20260422-01,Bulgarian Split Squat,2,50.0,8.0,,,,,,,2-1,,2-1-2; RIR 2-1; left glute feeling taxed / tighter. Seeing that posterior chain creep in now that I’m plateau on RDLs. I’m sure we’ll see this get better and then I’ll have a jump in both Bulgarian and Romanian DB lifts ,5,2026-04-22T21:09:58.903Z,"=IFERROR(INDEX(tbl_Lookup_Exercises[Category],MATCH(tbl_Exercises[[#This Row],[ExerciseName]],tbl_Lookup_Exercises[ExerciseName],0)),""Unknown"")"
E-20260422-1263,S-20260422-01,Bulgarian Split Squat,3,50.0,8.0,,,,2.0,1.0,2.0,2-1,,Tempo 2-1-2; a little faster but the tempo was the same; RIR 2-1; this set felt better / less deficient ,5,2026-04-22T21:11:57.785Z,"=IFERROR(INDEX(tbl_Lookup_Exercises[Category],MATCH(tbl_Exercises[[#This Row],[ExerciseName]],tbl_Lookup_Exercises[ExerciseName],0)),""Unknown"")"
E-20260422-1264,S-20260422-01,Chest Supported DB Row (Spider),1,75.0,8.0,,,,2.0,1.0,2.0,2,,Tempo 2-1-2; RIR 2,5,2026-04-22T21:15:40.407Z,"=IFERROR(INDEX(tbl_Lookup_Exercises[Category],MATCH(tbl_Exercises[[#This Row],[ExerciseName]],tbl_Lookup_Exercises[ExerciseName],0)),""Unknown"")"
E-20260422-1265,S-20260422-01,Chest Supported DB Row (Spider),2,75.0,8.0,,,,2.0,1.0,2.0,2-1,,Tempo 2-1-2; RIR 2-1,5,2026-04-22T21:18:13.229Z,"=IFERROR(INDEX(tbl_Lookup_Exercises[Category],MATCH(tbl_Exercises[[#This Row],[ExerciseName]],tbl_Lookup_Exercises[ExerciseName],0)),""Unknown"")"
E-20260422-1266,S-20260422-01,Chest Supported DB Row (Spider),3,75.0,8.0,,,,2.0,1.0,2.0,2-1,,Tempo 2-1-2; RIR 2-1,5,2026-04-22T21:19:59.485Z,"=IFERROR(INDEX(tbl_Lookup_Exercises[Category],MATCH(tbl_Exercises[[#This Row],[ExerciseName]],tbl_Lookup_Exercises[ExerciseName],0)),""Unknown"")"
E-20260422-1267,S-20260422-01,Chest Supported DB Row (Spider),4,75.0,8.0,,,,2.0,1.0,2.0,2-1,,Tempo 2-1-2; RIR 2-1,5,2026-04-22T21:22:42.332Z,"=IFERROR(INDEX(tbl_Lookup_Exercises[Category],MATCH(tbl_Exercises[[#This Row],[ExerciseName]],tbl_Lookup_Exercises[ExerciseName],0)),""Unknown"")"
E-20260422-1268,S-20260422-01,Single-Arm Neutral Grip Cable Pulldown,1,140.0,12.0,,,,2.0,1.0,2.0,2-1,,70plate at PF; tempo 2-1-2; RIR 2-1; started with right arm. Slight anterior capsule awareness but feels more biceps tendon. Shortened rom and that helped immediate ,5,2026-04-22T21:26:53.906Z,"=IFERROR(INDEX(tbl_Lookup_Exercises[Category],MATCH(tbl_Exercises[[#This Row],[ExerciseName]],tbl_Lookup_Exercises[ExerciseName],0)),""Unknown"")"
E-20260422-1269,S-20260422-01,Single-Arm Neutral Grip Cable Pulldown,2,145.0,10.0,,,,2.0,1.0,2.0,2-1,,70plate plus 2.5 at PF; tempo 2-1-2; RIR 2-1; started with right arm. Slight anterior capsule awareness but feels more biceps tendon. Shortened rom and that helped immediate ,5,2026-04-22T21:28:42.244Z,"=IFERROR(INDEX(tbl_Lookup_Exercises[Category],MATCH(tbl_Exercises[[#This Row],[ExerciseName]],tbl_Lookup_Exercises[ExerciseName],0)),""Unknown"")"
E-20260422-1270,S-20260422-01,Single-Arm Neutral Grip Cable Pulldown,3,145.0,11.0,,,,2.0,1.0,2.0,2-1,,"I think I was leaning forward and that was causing some awareness. As soon as I leaned back, slightly, there was no tightness; 70plate plus 2.5 at PF; tempo 2-1-2; RIR 2-1; started with right arm. Slight anterior capsule awareness but feels more biceps tendon. Shortened rom and that helped immediate ",5,2026-04-22T21:32:37.571Z,"=IFERROR(INDEX(tbl_Lookup_Exercises[Category],MATCH(tbl_Exercises[[#This Row],[ExerciseName]],tbl_Lookup_Exercises[ExerciseName],0)),""Unknown"")"
E-20260422-1271,S-20260422-01,Suitcase Carries,1,75.0,,60.0,,,,,,,,"2.3 mph, 0 incline, 10s pause q 15s; woo-hoo! 🙌 ",5,2026-04-22T21:38:02.207Z,"=IFERROR(INDEX(tbl_Lookup_Exercises[Category],MATCH(tbl_Exercises[[#This Row],[ExerciseName]],tbl_Lookup_Exercises[ExerciseName],0)),""Unknown"")"
E-20260422-1272,S-20260422-01,Suitcase Carries,2,75.0,,49.8,,,,,,,,"2.3 mph, 0 incline, 10s pause q 15s; woo-hoo! 🙌 ",5,2026-04-22T21:41:21.284Z,"=IFERROR(INDEX(tbl_Lookup_Exercises[Category],MATCH(tbl_Exercises[[#This Row],[ExerciseName]],tbl_Lookup_Exercises[ExerciseName],0)),""Unknown"")"
E-20260422-1273,S-20260422-01,Suitcase Carries,3,75.0,,45.0,,,,,,,,2.3mph; 0 incline,5,2026-04-22T21:44:50.369Z,"=IFERROR(INDEX(tbl_Lookup_Exercises[Category],MATCH(tbl_Exercises[[#This Row],[ExerciseName]],tbl_Lookup_Exercises[ExerciseName],0)),""Unknown"")"
E-20260422-1274,S-20260422-01,Side Plank,1,0.0,,45.0,,,,,,,,Body weight (45s =0.75 mins),5,2026-04-22T21:47:52.824Z,"=IFERROR(INDEX(tbl_Lookup_Exercises[Category],MATCH(tbl_Exercises[[#This Row],[ExerciseName]],tbl_Lookup_Exercises[ExerciseName],0)),""Unknown"")"
E-20260422-1275,S-20260422-01,Side Plank,2,0.0,,49.8,,,,,,,,Body weight (50s),5,2026-04-22T21:50:37.061Z,"=IFERROR(INDEX(tbl_Lookup_Exercises[Category],MATCH(tbl_Exercises[[#This Row],[ExerciseName]],tbl_Lookup_Exercises[ExerciseName],0)),""Unknown"")"
E-20260422-1276,S-20260422-01,Side Plank,3,0.0,,49.8,,,,,,,,Body weight (50s); right capsule feeling a little bit towards the end of that set. ,5,2026-04-22T21:53:58.641Z,"=IFERROR(INDEX(tbl_Lookup_Exercises[Category],MATCH(tbl_Exercises[[#This Row],[ExerciseName]],tbl_Lookup_Exercises[ExerciseName],0)),""Unknown"")"
E-20260422-1277,S-20260422-01,Rowing,2,,,240.0,1.09,km,,,,,,Cooldown ,5,2026-04-22T22:03:26.963Z,"=IFERROR(INDEX(tbl_Lookup_Exercises[Category],MATCH(tbl_Exercises[[#This Row],[ExerciseName]],tbl_Lookup_Exercises[ExerciseName],0)),""Unknown"")"
E-20260423-1278,S-20260423-01,Rowing,1,,,300.0,1.35,km,,,,,,Warmup,5,2026-04-23T18:18:15.684Z,"=IFERROR(INDEX(tbl_Lookup_Exercises[Category],MATCH(tbl_Exercises[[#This Row],[ExerciseName]],tbl_Lookup_Exercises[ExerciseName],0)),""Unknown"")"
E-20260423-1279,S-20260423-01,Band External Rotations,1,0.0,15.0,,,,,,,,,Red,5,2026-04-23T18:28:02.040Z,"=IFERROR(INDEX(tbl_Lookup_Exercises[Category],MATCH(tbl_Exercises[[#This Row],[ExerciseName]],tbl_Lookup_Exercises[ExerciseName],0)),""Unknown"")"
E-20260423-1280,S-20260423-01,Scap Push Ups,1,0.0,12.0,,,,,,,,,,5,2026-04-23T18:28:10.135Z,"=IFERROR(INDEX(tbl_Lookup_Exercises[Category],MATCH(tbl_Exercises[[#This Row],[ExerciseName]],tbl_Lookup_Exercises[ExerciseName],0)),""Unknown"")"
E-20260423-1281,S-20260423-01,DB Neutral Press (slight Rotate To Underhand ),1,60.0,8.0,,,,3.0,1.0,1.0,2,,Tempo 3-1-1; RIR 2,5,2026-04-23T18:29:33.121Z,"=IFERROR(INDEX(tbl_Lookup_Exercises[Category],MATCH(tbl_Exercises[[#This Row],[ExerciseName]],tbl_Lookup_Exercises[ExerciseName],0)),""Unknown"")"
E-20260423-1282,S-20260423-01,DB Neutral Press (slight Rotate To Underhand ),2,60.0,8.0,,,,3.0,1.0,1.0,2,,Tempo 3-1-1; RIR 2,5,2026-04-23T18:32:25.339Z,"=IFERROR(INDEX(tbl_Lookup_Exercises[Category],MATCH(tbl_Exercises[[#This Row],[ExerciseName]],tbl_Lookup_Exercises[ExerciseName],0)),""Unknown"")"
E-20260423-1283,S-20260423-01,DB Neutral Press (slight Rotate To Underhand ),3,60.0,8.0,,,,3.0,1.0,1.0,1,,Tempo 3-1-1; RIR 1; good fight on 8th,5,2026-04-23T18:35:52.018Z,"=IFERROR(INDEX(tbl_Lookup_Exercises[Category],MATCH(tbl_Exercises[[#This Row],[ExerciseName]],tbl_Lookup_Exercises[ExerciseName],0)),""Unknown"")"
E-20260423-1284,S-20260423-01,DB Neutral Press (slight Rotate To Underhand ),4,60.0,5.5,,,,3.0,1.0,1.0,1,,Tempo 3-1-1; RIR 1; good fight on 8th,5,2026-04-23T18:39:06.109Z,"=IFERROR(INDEX(tbl_Lookup_Exercises[Category],MATCH(tbl_Exercises[[#This Row],[ExerciseName]],tbl_Lookup_Exercises[ExerciseName],0)),""Unknown"")"
E-20260423-1285,S-20260423-01,Low-Incline DB Press (15–30°),1,60.0,10.0,,,,2.0,1.0,2.0,2,,Bench at 2; Tempo 2-1-2; RIR 2; note I’m using 30# db per hand,5,2026-04-23T18:41:29.855Z,"=IFERROR(INDEX(tbl_Lookup_Exercises[Category],MATCH(tbl_Exercises[[#This Row],[ExerciseName]],tbl_Lookup_Exercises[ExerciseName],0)),""Unknown"")"
E-20260423-1286,S-20260423-01,Low-Incline DB Press (15–30°),2,60.0,10.0,,,,2.0,1.0,2.0,2,,Bench at 2; Tempo 2-1-2; RIR 2; note I’m using 30# db per hand,5,2026-04-23T18:43:52.988Z,"=IFERROR(INDEX(tbl_Lookup_Exercises[Category],MATCH(tbl_Exercises[[#This Row],[ExerciseName]],tbl_Lookup_Exercises[ExerciseName],0)),""Unknown"")"
E-20260423-1287,S-20260423-01,Low-Incline DB Press (15–30°),3,70.0,10.0,,,,2.0,1.0,2.0,2,,Bench at 2; Tempo 2-1-2; RIR 2; note I’m using 35# db per hand,5,2026-04-23T18:46:31.276Z,"=IFERROR(INDEX(tbl_Lookup_Exercises[Category],MATCH(tbl_Exercises[[#This Row],[ExerciseName]],tbl_Lookup_Exercises[ExerciseName],0)),""Unknown"")"
E-20260423-1288,S-20260423-01,Single-Arm DB Balance Press,1,40.0,8.0,,,,3.0,1.0,2.0,2,,Tempo 3-1-2; RIR 2; anterior capsule awareness. Feels more like biceps tendon still,5,2026-04-23T18:50:01.409Z,"=IFERROR(INDEX(tbl_Lookup_Exercises[Category],MATCH(tbl_Exercises[[#This Row],[ExerciseName]],tbl_Lookup_Exercises[ExerciseName],0)),""Unknown"")"
E-20260423-1289,S-20260423-01,Single-Arm DB Balance Press,2,40.0,8.0,,,,3.0,1.0,2.0,2,,Tempo 3-1-2; RIR 2; ant cap felt better stopped ROM at pec,5,2026-04-23T18:53:16.283Z,"=IFERROR(INDEX(tbl_Lookup_Exercises[Category],MATCH(tbl_Exercises[[#This Row],[ExerciseName]],tbl_Lookup_Exercises[ExerciseName],0)),""Unknown"")"
E-20260423-1290,S-20260423-01,Single-Arm DB Balance Press,3,40.0,8.0,,,,3.0,1.0,2.0,2,,Tempo 3-1-2; RIR 2; ant cap felt better stopped ROM at pec,5,2026-04-23T18:56:27.546Z,"=IFERROR(INDEX(tbl_Lookup_Exercises[Category],MATCH(tbl_Exercises[[#This Row],[ExerciseName]],tbl_Lookup_Exercises[ExerciseName],0)),""Unknown"")"
E-20260423-1291,S-20260423-01,Rope Push-Downs,1,50.0,10.0,,,,2.0,1.0,2.0,2-1,,Tempo 2-1-2; RIR 2-1,5,2026-04-23T18:58:33.599Z,"=IFERROR(INDEX(tbl_Lookup_Exercises[Category],MATCH(tbl_Exercises[[#This Row],[ExerciseName]],tbl_Lookup_Exercises[ExerciseName],0)),""Unknown"")"
E-20260423-1292,S-20260423-01,Rope Push-Downs,2,50.0,9.0,,,,2.0,1.0,2.0,2-1,,Tempo 2-1-2; RIR 2-1,5,2026-04-23T19:00:30.878Z,"=IFERROR(INDEX(tbl_Lookup_Exercises[Category],MATCH(tbl_Exercises[[#This Row],[ExerciseName]],tbl_Lookup_Exercises[ExerciseName],0)),""Unknown"")"
E-20260423-1293,S-20260423-01,Rope Push-Downs,3,50.0,7.0,,,,2.0,1.0,2.0,1-0,,Tempo 2-1-2; RIR 1-0; struggle but clean 7th,5,2026-04-23T19:02:35.153Z,"=IFERROR(INDEX(tbl_Lookup_Exercises[Category],MATCH(tbl_Exercises[[#This Row],[ExerciseName]],tbl_Lookup_Exercises[ExerciseName],0)),""Unknown"")"
E-20260423-1294,S-20260423-01,Rope Push-Downs,4,50.0,7.0,,,,2.0,1.0,2.0,1-0,,Tempo 2-1-2; RIR 1-0; struggle but hit 7 and slow eccentric ,5,2026-04-23T19:05:13.545Z,"=IFERROR(INDEX(tbl_Lookup_Exercises[Category],MATCH(tbl_Exercises[[#This Row],[ExerciseName]],tbl_Lookup_Exercises[ExerciseName],0)),""Unknown"")"
E-20260423-1295,S-20260423-01,Single-Arm Overhead Cable Extension,1,12.5,10.0,,,,3.0,1.0,3.0,,,Tempo: 3-1-3 Rest: 20 sec between arms,5,2026-04-23T19:07:57.512Z,"=IFERROR(INDEX(tbl_Lookup_Exercises[Category],MATCH(tbl_Exercises[[#This Row],[ExerciseName]],tbl_Lookup_Exercises[ExerciseName],0)),""Unknown"")"
E-20260423-1296,S-20260423-01,Single-Arm Overhead Cable Extension,2,12.5,9.0,,,,3.0,1.0,3.0,,,Tempo: 3-1-3 Rest: 20 sec between arms,5,2026-04-23T19:10:41.679Z,"=IFERROR(INDEX(tbl_Lookup_Exercises[Category],MATCH(tbl_Exercises[[#This Row],[ExerciseName]],tbl_Lookup_Exercises[ExerciseName],0)),""Unknown"")"
E-20260423-1297,S-20260423-01,Single-Arm Overhead Cable Extension,3,12.5,8.0,,,,3.0,1.0,3.0,,,Did 10 with assist; Tempo: 3-1-3 Rest: 20 sec between arms,5,2026-04-23T19:14:07.549Z,"=IFERROR(INDEX(tbl_Lookup_Exercises[Category],MATCH(tbl_Exercises[[#This Row],[ExerciseName]],tbl_Lookup_Exercises[ExerciseName],0)),""Unknown"")"
E-20260423-1298,S-20260423-01,Dumbbell Lateral Raise,1,10.0,15.0,,,,,,,2,,Temp 2-2-2; RIR 2; improved arm slot following scap plane ,5,2026-04-23T19:17:18.359Z,"=IFERROR(INDEX(tbl_Lookup_Exercises[Category],MATCH(tbl_Exercises[[#This Row],[ExerciseName]],tbl_Lookup_Exercises[ExerciseName],0)),""Unknown"")"
E-20260423-1299,S-20260423-01,Dumbbell Lateral Raise,2,10.0,15.0,,,,,,,2,,Temp 2-2-2; RIR 2; improved arm slot following scap plane ,5,2026-04-23T19:19:22.416Z,"=IFERROR(INDEX(tbl_Lookup_Exercises[Category],MATCH(tbl_Exercises[[#This Row],[ExerciseName]],tbl_Lookup_Exercises[ExerciseName],0)),""Unknown"")"
E-20260423-1300,S-20260423-01,Dumbbell Lateral Raise,3,10.0,15.0,,,,,,,2,,New plane equals left trap trying to sneak in after fatiguing; Temp 2-2-2; RIR 2; improved arm slot following scap plane ,5,2026-04-23T19:21:58.365Z,"=IFERROR(INDEX(tbl_Lookup_Exercises[Category],MATCH(tbl_Exercises[[#This Row],[ExerciseName]],tbl_Lookup_Exercises[ExerciseName],0)),""Unknown"")"
E-20260423-1301,S-20260423-01,Push-up,1,0.0,8.0,,,,,,,,2026-04-23T19:22:06.645Z,,5,2026-04-23T19:23:45.843Z,"=IFERROR(INDEX(tbl_Lookup_Exercises[Category],MATCH(tbl_Exercises[[#This Row],[ExerciseName]],tbl_Lookup_Exercises[ExerciseName],0)),""Unknown"")"
E-20260423-1302,S-20260423-01,Push-up On Knees,1,0.0,5.0,,,,,,,,2026-04-23T19:22:06.645Z,,5,2026-04-23T19:23:48.889Z,"=IFERROR(INDEX(tbl_Lookup_Exercises[Category],MATCH(tbl_Exercises[[#This Row],[ExerciseName]],tbl_Lookup_Exercises[ExerciseName],0)),""Unknown"")"
E-20260423-1303,S-20260423-01,Rowing,2,,,300.0,1.31,km,,,,,,Cool down,5,2026-04-23T19:31:28.903Z,"=IFERROR(INDEX(tbl_Lookup_Exercises[Category],MATCH(tbl_Exercises[[#This Row],[ExerciseName]],tbl_Lookup_Exercises[ExerciseName],0)),""Unknown"")"
E-20260424-1304,S-20260424-01,Rowing,1,,,300.0,1.35,km,,,,,,Warmup,5,2026-04-24T18:53:50.611Z,"=IFERROR(INDEX(tbl_Lookup_Exercises[Category],MATCH(tbl_Exercises[[#This Row],[ExerciseName]],tbl_Lookup_Exercises[ExerciseName],0)),""Unknown"")"
E-20260424-1305,S-20260424-01,Suitcase Carries,1,75.0,,75.0,,,,,,,,"2.3mph; 15 sec walk, 10 sec hold, did 3 walking and 3 hold per arm per set. ",5,2026-04-24T19:04:22.836Z,"=IFERROR(INDEX(tbl_Lookup_Exercises[Category],MATCH(tbl_Exercises[[#This Row],[ExerciseName]],tbl_Lookup_Exercises[ExerciseName],0)),""Unknown"")"
E-20260424-1306,S-20260424-01,Suitcase Carries,2,75.0,,75.0,,,,,,,,"This is an awkward setup standing on the treadmill railing for 10 q 15 walking; 2.3mph; 15 sec walk, 10 sec hold, did 3 walking and 3 hold per arm per set. ",5,2026-04-24T19:07:52.357Z,"=IFERROR(INDEX(tbl_Lookup_Exercises[Category],MATCH(tbl_Exercises[[#This Row],[ExerciseName]],tbl_Lookup_Exercises[ExerciseName],0)),""Unknown"")"
E-20260424-1307,S-20260424-01,Suitcase Carries,3,75.0,,51.6,,,,,,,,"This is an awkward setup standing on the treadmill railing for 10 q 15 walking; 2.3mph; 15 sec walk, 10 sec hold, did 3 walking and 3 hold per arm per set. ",5,2026-04-24T19:10:46.301Z,"=IFERROR(INDEX(tbl_Lookup_Exercises[Category],MATCH(tbl_Exercises[[#This Row],[ExerciseName]],tbl_Lookup_Exercises[ExerciseName],0)),""Unknown"")"
E-20260424-1308,S-20260424-01,Chest Supported DB Row (Spider),1,75.0,8.0,,,,2.0,1.0,2.0,2,,Tempo 2-1-2; RIR 2,5,2026-04-24T19:13:40.293Z,"=IFERROR(INDEX(tbl_Lookup_Exercises[Category],MATCH(tbl_Exercises[[#This Row],[ExerciseName]],tbl_Lookup_Exercises[ExerciseName],0)),""Unknown"")"
E-20260424-1309,S-20260424-01,Chest Supported DB Row (Spider),2,75.0,8.0,,,,2.0,1.0,2.0,2-1,,Tempo 2-1-2; RIR 2-1,5,2026-04-24T19:15:29.227Z,"=IFERROR(INDEX(tbl_Lookup_Exercises[Category],MATCH(tbl_Exercises[[#This Row],[ExerciseName]],tbl_Lookup_Exercises[ExerciseName],0)),""Unknown"")"
E-20260424-1310,S-20260424-01,Chest Supported DB Row (Spider),3,75.0,7.0,,,,2.0,1.0,2.0,1,,Tempo 2-1-2; RIR 1,5,2026-04-24T19:17:24.291Z,"=IFERROR(INDEX(tbl_Lookup_Exercises[Category],MATCH(tbl_Exercises[[#This Row],[ExerciseName]],tbl_Lookup_Exercises[ExerciseName],0)),""Unknown"")"
E-20260424-1311,S-20260424-01,Chest Supported DB Row (Spider),4,75.0,7.0,,,,2.0,1.0,2.0,1,,Tempo 2-1-2; RIR 1,5,2026-04-24T19:19:05.830Z,"=IFERROR(INDEX(tbl_Lookup_Exercises[Category],MATCH(tbl_Exercises[[#This Row],[ExerciseName]],tbl_Lookup_Exercises[ExerciseName],0)),""Unknown"")"
E-20260424-1312,S-20260424-01,Single-Arm Neutral Grip Cable Pulldown,1,145.0,11.0,,,,2.0,1.0,2.0,2,,Tempo 2-1-2; RIR 2; slight lean back removed any ant cap tightness 👍,5,2026-04-24T19:23:22.694Z,"=IFERROR(INDEX(tbl_Lookup_Exercises[Category],MATCH(tbl_Exercises[[#This Row],[ExerciseName]],tbl_Lookup_Exercises[ExerciseName],0)),""Unknown"")"
E-20260424-1313,S-20260424-01,Single-Arm Neutral Grip Cable Pulldown,2,150.0,11.0,,,,2.0,1.0,2.0,2-1,,Tempo 2-1-2; RIR 2-1; slight lean back removed any ant cap tightness 👍,5,2026-04-24T19:26:14.050Z,"=IFERROR(INDEX(tbl_Lookup_Exercises[Category],MATCH(tbl_Exercises[[#This Row],[ExerciseName]],tbl_Lookup_Exercises[ExerciseName],0)),""Unknown"")"
E-20260424-1314,S-20260424-01,Single-Arm Neutral Grip Cable Pulldown,3,170.0,10.0,,,,2.0,1.0,2.0,1,,85 plate on high pulley; Tempo 2-1-2; RIR 1; slight lean back removed any ant cap tightness 👍,5,2026-04-24T19:29:59.100Z,"=IFERROR(INDEX(tbl_Lookup_Exercises[Category],MATCH(tbl_Exercises[[#This Row],[ExerciseName]],tbl_Lookup_Exercises[ExerciseName],0)),""Unknown"")"
E-20260424-1315,S-20260424-01,Face Pull,1,30.0,20.0,,,,1.0,2.0,1.0,2+,,Tempo 1-2-1; RIR 2+; ,5,2026-04-24T19:32:38.333Z,"=IFERROR(INDEX(tbl_Lookup_Exercises[Category],MATCH(tbl_Exercises[[#This Row],[ExerciseName]],tbl_Lookup_Exercises[ExerciseName],0)),""Unknown"")"
E-20260424-1316,S-20260424-01,Face Pull,2,35.0,20.0,,,,1.0,2.0,1.0,2+,,Tempo 1-2-1; RIR 2+; ,5,2026-04-24T19:35:05.283Z,"=IFERROR(INDEX(tbl_Lookup_Exercises[Category],MATCH(tbl_Exercises[[#This Row],[ExerciseName]],tbl_Lookup_Exercises[ExerciseName],0)),""Unknown"")"
E-20260424-1317,S-20260424-01,Face Pull,3,35.0,20.0,,,,1.0,2.0,1.0,2+,,Tempo 1-2-1; RIR 2+; ,5,2026-04-24T19:37:35.199Z,"=IFERROR(INDEX(tbl_Lookup_Exercises[Category],MATCH(tbl_Exercises[[#This Row],[ExerciseName]],tbl_Lookup_Exercises[ExerciseName],0)),""Unknown"")"
E-20260424-1318,S-20260424-01,Incline Dumbbell Curl (Supinated),1,30.0,10.0,,,,2.0,1.0,2.0,2-1,,Tempo 2-1-2; RIR 2-1,5,2026-04-24T19:40:46.909Z,"=IFERROR(INDEX(tbl_Lookup_Exercises[Category],MATCH(tbl_Exercises[[#This Row],[ExerciseName]],tbl_Lookup_Exercises[ExerciseName],0)),""Unknown"")"
E-20260424-1319,S-20260424-01,Incline Dumbbell Curl (Supinated),2,30.0,8.0,,,,2.0,1.0,2.0,1,,Tempo 2-1-2; RIR 1,5,2026-04-24T19:42:41.386Z,"=IFERROR(INDEX(tbl_Lookup_Exercises[Category],MATCH(tbl_Exercises[[#This Row],[ExerciseName]],tbl_Lookup_Exercises[ExerciseName],0)),""Unknown"")"
E-20260424-1320,S-20260424-01,Incline Dumbbell Curl (Supinated),3,30.0,7.0,,,,2.0,1.0,2.0,1-0,,Tempo 2-1-2; RIR 1-0; ,5,2026-04-24T19:45:37.790Z,"=IFERROR(INDEX(tbl_Lookup_Exercises[Category],MATCH(tbl_Exercises[[#This Row],[ExerciseName]],tbl_Lookup_Exercises[ExerciseName],0)),""Unknown"")"
E-20260424-1321,S-20260424-01,Suitcase Holds,1,75.0,,60.0,,,,,,,,,5,2026-04-24T19:49:03.929Z,"=IFERROR(INDEX(tbl_Lookup_Exercises[Category],MATCH(tbl_Exercises[[#This Row],[ExerciseName]],tbl_Lookup_Exercises[ExerciseName],0)),""Unknown"")"
E-20260424-1322,S-20260424-01,Suitcase Holds,2,75.0,,49.8,,,,,,,,50/60=0.833 ,5,2026-04-24T19:51:54.327Z,"=IFERROR(INDEX(tbl_Lookup_Exercises[Category],MATCH(tbl_Exercises[[#This Row],[ExerciseName]],tbl_Lookup_Exercises[ExerciseName],0)),""Unknown"")"
E-20260424-1323,S-20260424-01,Suitcase Holds,3,75.0,,55.2,,,,,,,,55/60=0.917 ,5,2026-04-24T19:55:08.516Z,"=IFERROR(INDEX(tbl_Lookup_Exercises[Category],MATCH(tbl_Exercises[[#This Row],[ExerciseName]],tbl_Lookup_Exercises[ExerciseName],0)),""Unknown"")"
E-20260424-1324,S-20260424-01,Rowing,2,,,240.0,1.04,km,,,,,,,5,2026-04-24T20:01:44.875Z,"=IFERROR(INDEX(tbl_Lookup_Exercises[Category],MATCH(tbl_Exercises[[#This Row],[ExerciseName]],tbl_Lookup_Exercises[ExerciseName],0)),""Unknown"")"
E-20260425-1325,S-20260425-01,Rowing,1,,,300.0,1.34,km,,,,,,Warmup ,5,2026-04-25T15:28:54.824Z,"=IFERROR(INDEX(tbl_Lookup_Exercises[Category],MATCH(tbl_Exercises[[#This Row],[ExerciseName]],tbl_Lookup_Exercises[ExerciseName],0)),""Unknown"")"
E-20260425-1326,S-20260425-01,DB Spider Curl (Hammer),1,45.0,15.0,,,,2.0,1.0,2.0,1,,Tempo 2-1-2; RIR 1; alternate 11-15,5,2026-04-25T15:37:57.112Z,"=IFERROR(INDEX(tbl_Lookup_Exercises[Category],MATCH(tbl_Exercises[[#This Row],[ExerciseName]],tbl_Lookup_Exercises[ExerciseName],0)),""Unknown"")"
E-20260425-1327,S-20260425-01,DB Spider Curl (Hammer),2,45.0,12.0,,,,2.0,1.0,2.0,1,,Tempo 2-1-2; RIR 1; alternate 8-12,5,2026-04-25T15:40:15.598Z,"=IFERROR(INDEX(tbl_Lookup_Exercises[Category],MATCH(tbl_Exercises[[#This Row],[ExerciseName]],tbl_Lookup_Exercises[ExerciseName],0)),""Unknown"")"
E-20260425-1328,S-20260425-01,DB Spider Curl (Hammer),3,45.0,15.0,,,,2.0,1.0,2.0,1,,Tempo 2-1-2; RIR 1; alternate 8-12,5,2026-04-25T15:42:42.585Z,"=IFERROR(INDEX(tbl_Lookup_Exercises[Category],MATCH(tbl_Exercises[[#This Row],[ExerciseName]],tbl_Lookup_Exercises[ExerciseName],0)),""Unknown"")"
E-20260425-1329,S-20260425-01,Rope Push-Downs,1,50.0,12.0,,,,2.0,1.0,2.0,2,,Tempo 2-1-2; RIR 2,5,2026-04-25T15:45:33.228Z,"=IFERROR(INDEX(tbl_Lookup_Exercises[Category],MATCH(tbl_Exercises[[#This Row],[ExerciseName]],tbl_Lookup_Exercises[ExerciseName],0)),""Unknown"")"
E-20260425-1330,S-20260425-01,Rope Push-Downs,2,50.0,12.0,,,,2.0,1.0,2.0,2,,Tempo 2-1-2; RIR 2; tempo might have been closer to 2-1-4 as I’ve noticed I am very slowly controlling the eccentric when performing rope push downs. ,5,2026-04-25T15:48:16.632Z,"=IFERROR(INDEX(tbl_Lookup_Exercises[Category],MATCH(tbl_Exercises[[#This Row],[ExerciseName]],tbl_Lookup_Exercises[ExerciseName],0)),""Unknown"")"
E-20260425-1331,S-20260425-01,Rope Push-Downs,3,50.0,10.0,,,,2.0,1.0,3.0,1,,Tempo 2-1-3; RIR 1; full squeeze for a sec or two on 10,5,2026-04-25T15:50:45.799Z,"=IFERROR(INDEX(tbl_Lookup_Exercises[Category],MATCH(tbl_Exercises[[#This Row],[ExerciseName]],tbl_Lookup_Exercises[ExerciseName],0)),""Unknown"")"
E-20260425-1332,S-20260425-01,Rope Push-Downs,4,50.0,8.0,,,,2.0,1.0,3.0,1,,Tempo 2-1-3; RIR 1; full squeeze for a sec or two on 10,5,2026-04-25T15:53:07.471Z,"=IFERROR(INDEX(tbl_Lookup_Exercises[Category],MATCH(tbl_Exercises[[#This Row],[ExerciseName]],tbl_Lookup_Exercises[ExerciseName],0)),""Unknown"")"
E-20260425-1333,S-20260425-01,Single-Arm Cable Triceps Extension (Cross-Body),1,12.5,9.0,,,,3.0,1.0,3.0,2,,Tempo 3-1-3; RIR 2; did not allow myself to tap an assist,5,2026-04-25T15:55:25.420Z,"=IFERROR(INDEX(tbl_Lookup_Exercises[Category],MATCH(tbl_Exercises[[#This Row],[ExerciseName]],tbl_Lookup_Exercises[ExerciseName],0)),""Unknown"")"
E-20260425-1334,S-20260425-01,Single-Arm Cable Triceps Extension (Cross-Body),2,12.5,10.0,,,,3.0,1.0,3.0,2,,Tempo 3-1-3; RIR 2; did not allow myself to tap an assist,5,2026-04-25T15:58:01.574Z,"=IFERROR(INDEX(tbl_Lookup_Exercises[Category],MATCH(tbl_Exercises[[#This Row],[ExerciseName]],tbl_Lookup_Exercises[ExerciseName],0)),""Unknown"")"
E-20260425-1335,S-20260425-01,Single-Arm Cable Triceps Extension (Cross-Body),3,12.5,10.0,,,,3.0,1.0,3.0,2,,Tempo 3-1-3; RIR 2; did not allow myself to tap an assist,5,2026-04-25T16:01:01.990Z,"=IFERROR(INDEX(tbl_Lookup_Exercises[Category],MATCH(tbl_Exercises[[#This Row],[ExerciseName]],tbl_Lookup_Exercises[ExerciseName],0)),""Unknown"")"
E-20260425-1336,S-20260425-01,Incline Dumbbell Curl (Supinated),1,30.0,10.0,,,,2.0,1.0,2.0,2,,Tempo 2-1-2; RIR 2,5,2026-04-25T16:04:21.721Z,"=IFERROR(INDEX(tbl_Lookup_Exercises[Category],MATCH(tbl_Exercises[[#This Row],[ExerciseName]],tbl_Lookup_Exercises[ExerciseName],0)),""Unknown"")"
E-20260425-1337,S-20260425-01,Incline Dumbbell Curl (Supinated),2,30.0,9.0,,,,2.0,1.0,2.0,2-1,,Tempo 2-1-2; RIR 2-1,5,2026-04-25T16:06:36.726Z,"=IFERROR(INDEX(tbl_Lookup_Exercises[Category],MATCH(tbl_Exercises[[#This Row],[ExerciseName]],tbl_Lookup_Exercises[ExerciseName],0)),""Unknown"")"
E-20260425-1338,S-20260425-01,Incline Dumbbell Curl (Supinated),3,30.0,7.0,,,,,,,,,"Sorry. Did fully extended partials for 8,9,10th rep on last set. Was feeling good. ",5,2026-04-25T16:10:32.788Z,"=IFERROR(INDEX(tbl_Lookup_Exercises[Category],MATCH(tbl_Exercises[[#This Row],[ExerciseName]],tbl_Lookup_Exercises[ExerciseName],0)),""Unknown"")"
E-20260425-1339,S-20260425-01,Dumbbell Lateral Raise,1,10.0,15.0,,,,,,,,,Tried with bent elbow w focus on pulling humerus up with delta; is this okay? ,5,2026-04-25T16:12:33.647Z,"=IFERROR(INDEX(tbl_Lookup_Exercises[Category],MATCH(tbl_Exercises[[#This Row],[ExerciseName]],tbl_Lookup_Exercises[ExerciseName],0)),""Unknown"")"
E-20260425-1340,S-20260425-01,Dumbbell Lateral Raise,2,10.0,15.0,,,,,,,,,Arms more fully extended but did a slight pronation at top which felt good on my right side 👍,5,2026-04-25T16:14:46.155Z,"=IFERROR(INDEX(tbl_Lookup_Exercises[Category],MATCH(tbl_Exercises[[#This Row],[ExerciseName]],tbl_Lookup_Exercises[ExerciseName],0)),""Unknown"")"
E-20260425-1341,S-20260425-01,Dumbbell Lateral Raise,3,10.0,15.0,,,,,,,,,Arms more fully extended but did a slight pronation at top which felt good on my right side 👍,5,2026-04-25T16:16:38.545Z,"=IFERROR(INDEX(tbl_Lookup_Exercises[Category],MATCH(tbl_Exercises[[#This Row],[ExerciseName]],tbl_Lookup_Exercises[ExerciseName],0)),""Unknown"")"
E-20260425-1342,S-20260425-01,Farmer’s Hold,1,150.0,,60.0,,,,,,,,,5,2026-04-25T16:21:35.773Z,"=IFERROR(INDEX(tbl_Lookup_Exercises[Category],MATCH(tbl_Exercises[[#This Row],[ExerciseName]],tbl_Lookup_Exercises[ExerciseName],0)),""Unknown"")"
E-20260425-1343,S-20260425-01,Farmer’s Hold,2,150.0,,52.2,,,,,,,,,5,2026-04-25T16:23:40.055Z,"=IFERROR(INDEX(tbl_Lookup_Exercises[Category],MATCH(tbl_Exercises[[#This Row],[ExerciseName]],tbl_Lookup_Exercises[ExerciseName],0)),""Unknown"")"
E-20260425-1344,S-20260425-01,Farmer’s Hold,3,150.0,,54.0,,,,,,,,,5,2026-04-25T16:23:50.861Z,"=IFERROR(INDEX(tbl_Lookup_Exercises[Category],MATCH(tbl_Exercises[[#This Row],[ExerciseName]],tbl_Lookup_Exercises[ExerciseName],0)),""Unknown"")"
E-20260425-1345,S-20260425-01,Rowing,2,,,300.0,1.32,km,,,,,,Cool down,5,2026-04-25T16:32:29.786Z,"=IFERROR(INDEX(tbl_Lookup_Exercises[Category],MATCH(tbl_Exercises[[#This Row],[ExerciseName]],tbl_Lookup_Exercises[ExerciseName],0)),""Unknown"")"
E-20260427-1346,S-20260427-01,Rowing,1,,,300.0,1.34,km,,,,,,Warmup,5,2026-04-27T14:57:30.318Z,"=IFERROR(INDEX(tbl_Lookup_Exercises[Category],MATCH(tbl_Exercises[[#This Row],[ExerciseName]],tbl_Lookup_Exercises[ExerciseName],0)),""Unknown"")"
E-20260427-1347,S-20260427-01,Dumbbell Romanian Deadlift,1,150.0,8.0,,,,3.0,1.0,1.0,2,,Tempo 3-1-1; RIR 2,5,2026-04-27T15:04:31.546Z,"=IFERROR(INDEX(tbl_Lookup_Exercises[Category],MATCH(tbl_Exercises[[#This Row],[ExerciseName]],tbl_Lookup_Exercises[ExerciseName],0)),""Unknown"")"
E-20260427-1348,S-20260427-01,Dumbbell Romanian Deadlift,2,150.0,8.0,,,,3.0,1.0,1.0,2,,Tempo 3-1-1; RIR 2,5,2026-04-27T15:06:21.544Z,"=IFERROR(INDEX(tbl_Lookup_Exercises[Category],MATCH(tbl_Exercises[[#This Row],[ExerciseName]],tbl_Lookup_Exercises[ExerciseName],0)),""Unknown"")"
E-20260427-1349,S-20260427-01,Dumbbell Romanian Deadlift,3,150.0,8.0,,,,3.0,1.0,1.0,2,,Tempo 3-1-1; RIR 2,5,2026-04-27T15:08:25.563Z,"=IFERROR(INDEX(tbl_Lookup_Exercises[Category],MATCH(tbl_Exercises[[#This Row],[ExerciseName]],tbl_Lookup_Exercises[ExerciseName],0)),""Unknown"")"
E-20260427-1350,S-20260427-01,Dumbbell Romanian Deadlift,4,150.0,9.0,,,,3.0,1.0,1.0,2-1,,Tempo 3-1-1; RIR 2-1; ,5,2026-04-27T15:10:43.080Z,"=IFERROR(INDEX(tbl_Lookup_Exercises[Category],MATCH(tbl_Exercises[[#This Row],[ExerciseName]],tbl_Lookup_Exercises[ExerciseName],0)),""Unknown"")"
E-20260427-1351,S-20260427-01,Bulgarian Split Squat,1,50.0,8.0,,,,2.0,1.0,2.0,2,,Tempo 2-1-2; RIR 2; no posterior chain tightness today,5,2026-04-27T15:14:00.539Z,"=IFERROR(INDEX(tbl_Lookup_Exercises[Category],MATCH(tbl_Exercises[[#This Row],[ExerciseName]],tbl_Lookup_Exercises[ExerciseName],0)),""Unknown"")"
E-20260427-1352,S-20260427-01,Bulgarian Split Squat,2,50.0,8.0,,,,2.0,1.0,2.0,2,,Tempo 2-1-2; RIR 2; no posterior chain tightness today,5,2026-04-27T15:16:20.030Z,"=IFERROR(INDEX(tbl_Lookup_Exercises[Category],MATCH(tbl_Exercises[[#This Row],[ExerciseName]],tbl_Lookup_Exercises[ExerciseName],0)),""Unknown"")"
E-20260427-1353,S-20260427-01,Bulgarian Split Squat,3,50.0,8.0,,,,2.0,1.0,2.0,2,,Tempo 2-1-2; RIR 2; no posterior chain tightness today,5,2026-04-27T15:20:03.149Z,"=IFERROR(INDEX(tbl_Lookup_Exercises[Category],MATCH(tbl_Exercises[[#This Row],[ExerciseName]],tbl_Lookup_Exercises[ExerciseName],0)),""Unknown"")"
E-20260427-1354,S-20260427-01,Chest Supported DB Row (Spider),1,75.0,8.0,,,,2.0,1.0,2.0,2,,Tempo 2-1-2; RIR 2,5,2026-04-27T15:21:54.330Z,"=IFERROR(INDEX(tbl_Lookup_Exercises[Category],MATCH(tbl_Exercises[[#This Row],[ExerciseName]],tbl_Lookup_Exercises[ExerciseName],0)),""Unknown"")"
E-20260427-1355,S-20260427-01,Chest Supported DB Row (Spider),2,75.0,8.0,,,,2.0,1.0,2.0,2,,Tempo 2-1-2; RIR 2,5,2026-04-27T15:23:51.487Z,"=IFERROR(INDEX(tbl_Lookup_Exercises[Category],MATCH(tbl_Exercises[[#This Row],[ExerciseName]],tbl_Lookup_Exercises[ExerciseName],0)),""Unknown"")"
E-20260427-1356,S-20260427-01,Chest Supported DB Row (Spider),3,75.0,8.0,,,,2.0,1.0,2.0,2-1,,Tempo 2-1-2; RIR 2-1,5,2026-04-27T15:25:45.376Z,"=IFERROR(INDEX(tbl_Lookup_Exercises[Category],MATCH(tbl_Exercises[[#This Row],[ExerciseName]],tbl_Lookup_Exercises[ExerciseName],0)),""Unknown"")"
E-20260427-1357,S-20260427-01,Chest Supported DB Row (Spider),4,75.0,8.0,,,,2.0,1.0,2.0,2-1,,Tempo 2-1-2; RIR 2-1; good squeeze on 8,5,2026-04-27T15:27:44.214Z,"=IFERROR(INDEX(tbl_Lookup_Exercises[Category],MATCH(tbl_Exercises[[#This Row],[ExerciseName]],tbl_Lookup_Exercises[ExerciseName],0)),""Unknown"")"
E-20260427-1358,S-20260427-01,Single-Arm Neutral Grip Cable Pulldown,1,150.0,12.0,,,,2.0,1.0,2.0,2,,Tempo 2-1-2; RIR 2; slight lean back for best arm path for ant. shoulder,5,2026-04-27T15:32:29.106Z,"=IFERROR(INDEX(tbl_Lookup_Exercises[Category],MATCH(tbl_Exercises[[#This Row],[ExerciseName]],tbl_Lookup_Exercises[ExerciseName],0)),""Unknown"")"
E-20260427-1359,S-20260427-01,Single-Arm Neutral Grip Cable Pulldown,2,150.0,11.0,,,,2.0,1.0,2.0,1,,Tempo 2-1-2; RIR 1; slight lean back for best arm path for ant. shoulder,5,2026-04-27T15:35:08.061Z,"=IFERROR(INDEX(tbl_Lookup_Exercises[Category],MATCH(tbl_Exercises[[#This Row],[ExerciseName]],tbl_Lookup_Exercises[ExerciseName],0)),""Unknown"")"
E-20260427-1360,S-20260427-01,Single-Arm Neutral Grip Cable Pulldown,3,150.0,10.0,,,,2.0,1.0,2.0,1,,Tempo 2-1-2; RIR 1; slight lean back for best arm path for ant. shoulder,5,2026-04-27T15:38:21.326Z,"=IFERROR(INDEX(tbl_Lookup_Exercises[Category],MATCH(tbl_Exercises[[#This Row],[ExerciseName]],tbl_Lookup_Exercises[ExerciseName],0)),""Unknown"")"
E-20260427-1361,S-20260427-01,Suitcase Carries,1,75.0,,49.8,,,,,,,,2.3mph; 0 incline; 15 sec walk 10 sec standstill for as long as possible,5,2026-04-27T15:43:34.684Z,"=IFERROR(INDEX(tbl_Lookup_Exercises[Category],MATCH(tbl_Exercises[[#This Row],[ExerciseName]],tbl_Lookup_Exercises[ExerciseName],0)),""Unknown"")"
E-20260427-1362,S-20260427-01,Suitcase Carries,2,75.0,,49.8,,,,,,,,2.3mph; 0 incline; 15 sec walk 10 sec standstill for as long as possible,5,2026-04-27T15:46:09.265Z,"=IFERROR(INDEX(tbl_Lookup_Exercises[Category],MATCH(tbl_Exercises[[#This Row],[ExerciseName]],tbl_Lookup_Exercises[ExerciseName],0)),""Unknown"")"
E-20260427-1363,S-20260427-01,Suitcase Carries,3,75.0,,49.8,,,,,,,,2.3mph; 0 incline; 15 sec walk 10 sec standstill for as long as possible,5,2026-04-27T15:49:23.144Z,"=IFERROR(INDEX(tbl_Lookup_Exercises[Category],MATCH(tbl_Exercises[[#This Row],[ExerciseName]],tbl_Lookup_Exercises[ExerciseName],0)),""Unknown"")"
E-20260427-1364,S-20260427-01,Rowing,2,,,225.0,1.0,km,,,,,,Cool down,5,2026-04-27T15:55:59.399Z,"=IFERROR(INDEX(tbl_Lookup_Exercises[Category],MATCH(tbl_Exercises[[#This Row],[ExerciseName]],tbl_Lookup_Exercises[ExerciseName],0)),""Unknown"")"
E-20260428-1365,S-20260428-01,Scap Push Ups,1,0.0,12.0,,,,,,,,,,5,2026-04-28T20:49:33.822Z,"=IFERROR(INDEX(tbl_Lookup_Exercises[Category],MATCH(tbl_Exercises[[#This Row],[ExerciseName]],tbl_Lookup_Exercises[ExerciseName],0)),""Unknown"")"
E-20260428-1366,S-20260428-01,Cable External Rotation,1,20.0,10.0,,,,,,,,,,5,2026-04-28T20:49:41.985Z,"=IFERROR(INDEX(tbl_Lookup_Exercises[Category],MATCH(tbl_Exercises[[#This Row],[ExerciseName]],tbl_Lookup_Exercises[ExerciseName],0)),""Unknown"")"
E-20260428-1367,S-20260428-01,Serratus Wall Slides (banded),1,0.0,12.0,,,,,,,,,,5,2026-04-28T20:49:46.625Z,"=IFERROR(INDEX(tbl_Lookup_Exercises[Category],MATCH(tbl_Exercises[[#This Row],[ExerciseName]],tbl_Lookup_Exercises[ExerciseName],0)),""Unknown"")"
E-20260428-1368,S-20260428-01,DB Neutral Press (slight Rotate To Underhand ),1,60.0,8.0,,,,3.0,1.0,1.0,2-1,,"Tempo 3-1-1; RIR 2-1; Thicker, wider dbs at LI Marriott",5,2026-04-28T20:51:51.742Z,"=IFERROR(INDEX(tbl_Lookup_Exercises[Category],MATCH(tbl_Exercises[[#This Row],[ExerciseName]],tbl_Lookup_Exercises[ExerciseName],0)),""Unknown"")"
E-20260428-1369,S-20260428-01,DB Neutral Press (slight Rotate To Underhand ),2,60.0,7.0,,,,3.0,1.0,1.0,2-1,,"Tempo 3-1-1; RIR 2-1; Thicker, wider dbs at LI Marriott",5,2026-04-28T20:54:02.311Z,"=IFERROR(INDEX(tbl_Lookup_Exercises[Category],MATCH(tbl_Exercises[[#This Row],[ExerciseName]],tbl_Lookup_Exercises[ExerciseName],0)),""Unknown"")"
E-20260428-1370,S-20260428-01,DB Neutral Press (slight Rotate To Underhand ),3,60.0,6.0,,,,3.0,1.0,1.0,1,,"Tempo 3-1-1; RIR 1; Thicker, wider dbs at LI Marriott",5,2026-04-28T20:56:42.371Z,"=IFERROR(INDEX(tbl_Lookup_Exercises[Category],MATCH(tbl_Exercises[[#This Row],[ExerciseName]],tbl_Lookup_Exercises[ExerciseName],0)),""Unknown"")"
E-20260428-1371,S-20260428-01,DB Neutral Press (slight Rotate To Underhand ),4,60.0,7.0,,,,3.0,1.0,1.0,1,,"Tempo 3-1-1; RIR 1; Thicker, wider dbs at LI Marriott",5,2026-04-28T20:59:56.454Z,"=IFERROR(INDEX(tbl_Lookup_Exercises[Category],MATCH(tbl_Exercises[[#This Row],[ExerciseName]],tbl_Lookup_Exercises[ExerciseName],0)),""Unknown"")"
E-20260428-1372,S-20260428-01,Low-Incline DB Press (15–30°),1,60.0,12.0,,,,2.0,1.0,2.0,2,,Bench at ~30 degrees; tempo 2-1-2; RIR 2,5,2026-04-28T21:02:12.635Z,"=IFERROR(INDEX(tbl_Lookup_Exercises[Category],MATCH(tbl_Exercises[[#This Row],[ExerciseName]],tbl_Lookup_Exercises[ExerciseName],0)),""Unknown"")"
E-20260428-1373,S-20260428-01,Low-Incline DB Press (15–30°),2,60.0,10.0,,,,2.0,1.0,2.0,2,,Bench at ~30 degrees; tempo 2-1-2; RIR 2,5,2026-04-28T21:04:47.838Z,"=IFERROR(INDEX(tbl_Lookup_Exercises[Category],MATCH(tbl_Exercises[[#This Row],[ExerciseName]],tbl_Lookup_Exercises[ExerciseName],0)),""Unknown"")"
E-20260428-1374,S-20260428-01,Low-Incline DB Press (15–30°),3,60.0,12.0,,,,2.0,1.0,2.0,2,,No 35’s available; Bench at ~30 degrees; tempo 2-1-2; RIR 2,5,2026-04-28T21:07:27.233Z,"=IFERROR(INDEX(tbl_Lookup_Exercises[Category],MATCH(tbl_Exercises[[#This Row],[ExerciseName]],tbl_Lookup_Exercises[ExerciseName],0)),""Unknown"")"
E-20260428-1375,S-20260428-01,Single-Arm DB Balance Press,1,30.0,8.0,,,,3.0,1.0,2.0,2+,,Tempo 3-1-2; RIR 2+; 35s and 40s taken; used 30 with these longer dbs for set 1,5,2026-04-28T21:10:23.879Z,"=IFERROR(INDEX(tbl_Lookup_Exercises[Category],MATCH(tbl_Exercises[[#This Row],[ExerciseName]],tbl_Lookup_Exercises[ExerciseName],0)),""Unknown"")"
E-20260428-1376,S-20260428-01,Single-Arm DB Balance Press,2,40.0,8.0,,,,3.0,1.0,2.0,2,,Tempo 3-1-2; RIR 2,5,2026-04-28T21:13:42.541Z,"=IFERROR(INDEX(tbl_Lookup_Exercises[Category],MATCH(tbl_Exercises[[#This Row],[ExerciseName]],tbl_Lookup_Exercises[ExerciseName],0)),""Unknown"")"
E-20260428-1377,S-20260428-01,Single-Arm DB Balance Press,3,45.0,5.0,,,,3.0,1.0,2.0,2-1,,Tempo 3-1-2; RIR 2-1; the width/height of the 45s is tough!,5,2026-04-28T21:16:30.707Z,"=IFERROR(INDEX(tbl_Lookup_Exercises[Category],MATCH(tbl_Exercises[[#This Row],[ExerciseName]],tbl_Lookup_Exercises[ExerciseName],0)),""Unknown"")"
E-20260428-1378,S-20260428-01,Rope Push-Downs,1,50.0,12.0,,,,2.0,1.0,2.0,2,,Tempo 2-1-2; RIR 2,5,2026-04-28T21:20:49.958Z,"=IFERROR(INDEX(tbl_Lookup_Exercises[Category],MATCH(tbl_Exercises[[#This Row],[ExerciseName]],tbl_Lookup_Exercises[ExerciseName],0)),""Unknown"")"
E-20260428-1379,S-20260428-01,Rope Push-Downs,2,50.0,10.0,,,,2.0,1.0,2.0,2,,Tempo 2-1-2; RIR 2,5,2026-04-28T21:22:37.679Z,"=IFERROR(INDEX(tbl_Lookup_Exercises[Category],MATCH(tbl_Exercises[[#This Row],[ExerciseName]],tbl_Lookup_Exercises[ExerciseName],0)),""Unknown"")"
E-20260428-1380,S-20260428-01,Rope Push-Downs,3,50.0,9.0,,,,2.0,1.0,2.0,2-1,,Tempo 2-1-2; RIR 2-1,5,2026-04-28T21:24:46.240Z,"=IFERROR(INDEX(tbl_Lookup_Exercises[Category],MATCH(tbl_Exercises[[#This Row],[ExerciseName]],tbl_Lookup_Exercises[ExerciseName],0)),""Unknown"")"
E-20260428-1381,S-20260428-01,Rope Push-Downs,4,50.0,8.0,,,,2.0,1.0,2.0,2-1,,Tempo 2-1-2; RIR 2-1,5,2026-04-28T21:27:06.092Z,"=IFERROR(INDEX(tbl_Lookup_Exercises[Category],MATCH(tbl_Exercises[[#This Row],[ExerciseName]],tbl_Lookup_Exercises[ExerciseName],0)),""Unknown"")"
E-20260428-1382,S-20260428-01,Single-Arm Overhead Cable Extension,1,12.5,10.0,,,,3.0,1.0,3.0,2,,LI Marriott 25 plate; tempo 3-1-3; RIR 2,5,2026-04-28T21:30:15.304Z,"=IFERROR(INDEX(tbl_Lookup_Exercises[Category],MATCH(tbl_Exercises[[#This Row],[ExerciseName]],tbl_Lookup_Exercises[ExerciseName],0)),""Unknown"")"
E-20260428-1383,S-20260428-01,Single-Arm Overhead Cable Extension,2,15.0,10.0,,,,3.0,1.0,3.0,2,,LI Marriott 30 plate; tempo 3-1-3; RIR 2,5,2026-04-28T21:33:04.133Z,"=IFERROR(INDEX(tbl_Lookup_Exercises[Category],MATCH(tbl_Exercises[[#This Row],[ExerciseName]],tbl_Lookup_Exercises[ExerciseName],0)),""Unknown"")"
E-20260428-1384,S-20260428-01,Single-Arm Overhead Cable Extension,3,15.0,10.0,,,,3.0,1.0,3.0,2,,LI Marriott 30 plate; tempo 3-1-3; RIR 2,5,2026-04-28T21:36:26.605Z,"=IFERROR(INDEX(tbl_Lookup_Exercises[Category],MATCH(tbl_Exercises[[#This Row],[ExerciseName]],tbl_Lookup_Exercises[ExerciseName],0)),""Unknown"")"
E-20260428-1385,S-20260428-01,Dumbbell Lateral Raise,1,10.0,15.0,,,,2.0,2.0,2.0,2,,Tempo 2-2-2; RIR 2,5,2026-04-28T21:38:32.812Z,"=IFERROR(INDEX(tbl_Lookup_Exercises[Category],MATCH(tbl_Exercises[[#This Row],[ExerciseName]],tbl_Lookup_Exercises[ExerciseName],0)),""Unknown"")"
E-20260428-1386,S-20260428-01,Dumbbell Lateral Raise,2,10.0,15.0,,,,2.0,2.0,2.0,2,,Tempo 2-2-2; RIR 2,5,2026-04-28T21:40:57.942Z,"=IFERROR(INDEX(tbl_Lookup_Exercises[Category],MATCH(tbl_Exercises[[#This Row],[ExerciseName]],tbl_Lookup_Exercises[ExerciseName],0)),""Unknown"")"
E-20260428-1387,S-20260428-01,Dumbbell Lateral Raise,3,20.0,7.0,,,,2.0,2.0,2.0,2,2026-04-28T21:41:06.992Z,Dropset; Tempo 2-2-2; RIR 2,5,2026-04-28T21:43:34.286Z,"=IFERROR(INDEX(tbl_Lookup_Exercises[Category],MATCH(tbl_Exercises[[#This Row],[ExerciseName]],tbl_Lookup_Exercises[ExerciseName],0)),""Unknown"")"
E-20260428-1388,S-20260428-01,Dumbbell Lateral Raise,4,10.0,8.0,,,,2.0,2.0,2.0,2,2026-04-28T21:41:06.992Z,Dropset; Tempo 2-2-2; RIR 2,5,2026-04-28T21:43:37.666Z,"=IFERROR(INDEX(tbl_Lookup_Exercises[Category],MATCH(tbl_Exercises[[#This Row],[ExerciseName]],tbl_Lookup_Exercises[ExerciseName],0)),""Unknown"")"
E-20260428-1389,S-20260428-01,Push-up,1,0.0,8.0,,,,,,,,2026-04-28T21:45:17.747Z,,5,2026-04-28T21:45:18.346Z,"=IFERROR(INDEX(tbl_Lookup_Exercises[Category],MATCH(tbl_Exercises[[#This Row],[ExerciseName]],tbl_Lookup_Exercises[ExerciseName],0)),""Unknown"")"
E-20260428-1390,S-20260428-01,Push-up On Knees,1,0.0,8.0,,,,,,,,2026-04-28T21:45:17.747Z,,5,2026-04-28T21:46:00.032Z,"=IFERROR(INDEX(tbl_Lookup_Exercises[Category],MATCH(tbl_Exercises[[#This Row],[ExerciseName]],tbl_Lookup_Exercises[ExerciseName],0)),""Unknown"")"
E-20260428-1391,S-20260428-01,Cycling,1,,,300.0,2.25,km,,,,,,1.4miles=2.253 kilometers ,5,2026-04-28T21:52:10.018Z,"=IFERROR(INDEX(tbl_Lookup_Exercises[Category],MATCH(tbl_Exercises[[#This Row],[ExerciseName]],tbl_Lookup_Exercises[ExerciseName],0)),""Unknown"")"
E-20260428-1392,S-20260428-01,Cycling,2,,,300.0,2.25,km,,,,,,1.4miles=2.253 kilometers ,5,2026-04-28T21:52:12.462Z,"=IFERROR(INDEX(tbl_Lookup_Exercises[Category],MATCH(tbl_Exercises[[#This Row],[ExerciseName]],tbl_Lookup_Exercises[ExerciseName],0)),""Unknown"")"
E-20260429-1393,S-20260429-01,Treadmill Walking,1,,,300.0,0.53,km,,,,,,"Warmup; 4mph, 1% incline; .33 miles= LI Marriott treadmill",5,2026-04-29T21:04:24.147Z,"=IFERROR(INDEX(tbl_Lookup_Exercises[Category],MATCH(tbl_Exercises[[#This Row],[ExerciseName]],tbl_Lookup_Exercises[ExerciseName],0)),""Unknown"")"
E-20260429-1394,S-20260429-01,Suitcase Carries,1,75.0,,60.0,,,,,,,,Marriott dbs; 2.3 mph; 0 incline; 60s straight per arm (2min tot for set),5,2026-04-29T21:09:20.852Z,"=IFERROR(INDEX(tbl_Lookup_Exercises[Category],MATCH(tbl_Exercises[[#This Row],[ExerciseName]],tbl_Lookup_Exercises[ExerciseName],0)),""Unknown"")"
E-20260429-1395,S-20260429-01,Suitcase Carries,2,75.0,,60.0,,,,,,,,Marriott dbs; 2.3 mph; 0 incline; 60s straight per arm (2min tot for set),5,2026-04-29T21:12:05.534Z,"=IFERROR(INDEX(tbl_Lookup_Exercises[Category],MATCH(tbl_Exercises[[#This Row],[ExerciseName]],tbl_Lookup_Exercises[ExerciseName],0)),""Unknown"")"
E-20260429-1396,S-20260429-01,Suitcase Carries,3,75.0,,64.80000000000001,,,,,,,,"Marriott dbs; 2.3 mph; 0 incline; 15 seconds walk, 10 seconds stand still, repeat) did 3 walking and 2 standstill per arm. ",5,2026-04-29T21:16:47.281Z,"=IFERROR(INDEX(tbl_Lookup_Exercises[Category],MATCH(tbl_Exercises[[#This Row],[ExerciseName]],tbl_Lookup_Exercises[ExerciseName],0)),""Unknown"")"
E-20260429-1397,S-20260429-01,Chest Supported DB Row (Spider),1,75.0,8.0,,,,2.0,1.0,2.0,2,,Marriott DBs; tempo 2-1-2; RIR 2; bench at 3rd hole,5,2026-04-29T21:19:39.541Z,"=IFERROR(INDEX(tbl_Lookup_Exercises[Category],MATCH(tbl_Exercises[[#This Row],[ExerciseName]],tbl_Lookup_Exercises[ExerciseName],0)),""Unknown"")"
E-20260429-1398,S-20260429-01,Chest Supported DB Row (Spider),2,75.0,8.0,,,,2.0,1.0,2.0,2-1,,Marriott DBs; tempo 2-1-2; RIR 2-1; squeeze getting tough; bench at 3rd hole,5,2026-04-29T21:21:49.056Z,"=IFERROR(INDEX(tbl_Lookup_Exercises[Category],MATCH(tbl_Exercises[[#This Row],[ExerciseName]],tbl_Lookup_Exercises[ExerciseName],0)),""Unknown"")"
E-20260429-1399,S-20260429-01,Chest Supported DB Row (Spider),3,75.0,6.5,,,,2.0,1.0,2.0,2-1,,Marriott DBs; tempo 2-1-2; RIR 2-1; squeeze getting tough; bench at 3rd hole,5,2026-04-29T21:23:43.794Z,"=IFERROR(INDEX(tbl_Lookup_Exercises[Category],MATCH(tbl_Exercises[[#This Row],[ExerciseName]],tbl_Lookup_Exercises[ExerciseName],0)),""Unknown"")"
E-20260429-1400,S-20260429-01,Chest Supported DB Row (Spider),4,75.0,6.5,,,,2.0,1.0,2.0,2-1,,Marriott DBs; tempo 2-1-2; RIR 2-1; squeeze getting tough; bench at 3rd hole,5,2026-04-29T21:25:27.544Z,"=IFERROR(INDEX(tbl_Lookup_Exercises[Category],MATCH(tbl_Exercises[[#This Row],[ExerciseName]],tbl_Lookup_Exercises[ExerciseName],0)),""Unknown"")"
E-20260429-1401,S-20260429-01,Single-Arm Neutral Grip Cable Pulldown,1,140.0,12.0,,,,2.0,1.0,2.0,2,,Marriott: 140 plate; tempo 2-1-2; RIR 2,5,2026-04-29T21:28:18.664Z,"=IFERROR(INDEX(tbl_Lookup_Exercises[Category],MATCH(tbl_Exercises[[#This Row],[ExerciseName]],tbl_Lookup_Exercises[ExerciseName],0)),""Unknown"")"
E-20260429-1402,S-20260429-01,Single-Arm Neutral Grip Cable Pulldown,2,150.0,12.0,,,,2.0,1.0,2.0,2,,Marriott: 150 plate; tempo 2-1-2; RIR 2,5,2026-04-29T21:30:35.962Z,"=IFERROR(INDEX(tbl_Lookup_Exercises[Category],MATCH(tbl_Exercises[[#This Row],[ExerciseName]],tbl_Lookup_Exercises[ExerciseName],0)),""Unknown"")"
E-20260429-1403,S-20260429-01,Single-Arm Neutral Grip Cable Pulldown,3,160.0,12.0,,,,2.0,1.0,2.0,2,,Marriott: 160 plate; tempo 2-1-2; RIR 2,5,2026-04-29T21:32:56.583Z,"=IFERROR(INDEX(tbl_Lookup_Exercises[Category],MATCH(tbl_Exercises[[#This Row],[ExerciseName]],tbl_Lookup_Exercises[ExerciseName],0)),""Unknown"")"
E-20260429-1404,S-20260429-01,Face Pull,1,30.0,20.0,,,,1.0,2.0,1.0,2,,60 plate at Marriott; tempo 1-2-1: RIR 2,5,2026-04-29T21:35:13.935Z,"=IFERROR(INDEX(tbl_Lookup_Exercises[Category],MATCH(tbl_Exercises[[#This Row],[ExerciseName]],tbl_Lookup_Exercises[ExerciseName],0)),""Unknown"")"
E-20260429-1405,S-20260429-01,Face Pull,2,35.0,20.0,,,,1.0,2.0,1.0,2,,70 plate at Marriott; tempo 1-2-1: RIR 2,5,2026-04-29T21:37:41.012Z,"=IFERROR(INDEX(tbl_Lookup_Exercises[Category],MATCH(tbl_Exercises[[#This Row],[ExerciseName]],tbl_Lookup_Exercises[ExerciseName],0)),""Unknown"")"
E-20260429-1406,S-20260429-01,Face Pull,3,40.0,20.0,,,,1.0,2.0,1.0,2,,80 plate at Marriott; tempo 1-2-1: RIR 2,5,2026-04-29T21:40:09.693Z,"=IFERROR(INDEX(tbl_Lookup_Exercises[Category],MATCH(tbl_Exercises[[#This Row],[ExerciseName]],tbl_Lookup_Exercises[ExerciseName],0)),""Unknown"")"
E-20260429-1407,S-20260429-01,Incline Dumbbell Curl (Supinated),1,30.0,10.0,,,,2.0,1.0,2.0,2,,Marriott DBs (bit wider and thicker grip); tempo 2-1-2; RIR 2,5,2026-04-29T21:43:11.145Z,"=IFERROR(INDEX(tbl_Lookup_Exercises[Category],MATCH(tbl_Exercises[[#This Row],[ExerciseName]],tbl_Lookup_Exercises[ExerciseName],0)),""Unknown"")"
E-20260429-1408,S-20260429-01,Incline Dumbbell Curl (Supinated),2,30.0,9.5,,,,2.0,1.0,2.0,1,,Marriott DBs (bit wider and thicker grip); tempo 2-1-2; RIR 1,5,2026-04-29T21:45:12.153Z,"=IFERROR(INDEX(tbl_Lookup_Exercises[Category],MATCH(tbl_Exercises[[#This Row],[ExerciseName]],tbl_Lookup_Exercises[ExerciseName],0)),""Unknown"")"
E-20260429-1409,S-20260429-01,Incline Dumbbell Curl (Supinated),3,30.0,7.0,,,,2.0,1.0,2.0,1,,Marriott DBs (bit wider and thicker grip); tempo 2-1-2; RIR 1,5,2026-04-29T21:47:13.459Z,"=IFERROR(INDEX(tbl_Lookup_Exercises[Category],MATCH(tbl_Exercises[[#This Row],[ExerciseName]],tbl_Lookup_Exercises[ExerciseName],0)),""Unknown"")"
E-20260429-1410,S-20260429-01,Suitcase Holds,1,75.0,,45.0,,,,,,,,Plenty of room in the tank but your instructions were for 30-45s so stuck to Rx,5,2026-04-29T21:50:46.061Z,"=IFERROR(INDEX(tbl_Lookup_Exercises[Category],MATCH(tbl_Exercises[[#This Row],[ExerciseName]],tbl_Lookup_Exercises[ExerciseName],0)),""Unknown"")"
E-20260429-1411,S-20260429-01,Suitcase Holds,2,75.0,,45.0,,,,,,,,Plenty of room in the tank but your instructions were for 30-45s so stuck to Rx,5,2026-04-29T21:55:22.173Z,"=IFERROR(INDEX(tbl_Lookup_Exercises[Category],MATCH(tbl_Exercises[[#This Row],[ExerciseName]],tbl_Lookup_Exercises[ExerciseName],0)),""Unknown"")"
E-20260429-1412,S-20260429-01,Suitcase Holds,3,75.0,,45.0,,,,,,,,Plenty of room in the tank but your instructions were for 30-45s so stuck to Rx,5,2026-04-29T21:55:24.150Z,"=IFERROR(INDEX(tbl_Lookup_Exercises[Category],MATCH(tbl_Exercises[[#This Row],[ExerciseName]],tbl_Lookup_Exercises[ExerciseName],0)),""Unknown"")"
E-20260501-1413,S-20260501-01,Rowing,1,,,300.0,1.3,km,,,,,,,5,2026-05-01T17:52:04.702Z,"=IFERROR(INDEX(tbl_Lookup_Exercises[Category],MATCH(tbl_Exercises[[#This Row],[ExerciseName]],tbl_Lookup_Exercises[ExerciseName],0)),""Unknown"")"
E-20260501-1414,S-20260501-01,DB Spider Curl (Hammer),1,45.0,15.0,,,,2.0,1.0,2.0,2-1,,Tempo 2-1-2; RIR 2-1; alternated 11-15th reps. ,5,2026-05-01T17:57:59.521Z,"=IFERROR(INDEX(tbl_Lookup_Exercises[Category],MATCH(tbl_Exercises[[#This Row],[ExerciseName]],tbl_Lookup_Exercises[ExerciseName],0)),""Unknown"")"
E-20260501-1415,S-20260501-01,DB Spider Curl (Hammer),2,45.0,15.0,,,,2.0,1.0,2.0,2-1,,Tempo 2-1-2; RIR 2-1; alternated 11-15th reps. ,5,2026-05-01T18:00:19.407Z,"=IFERROR(INDEX(tbl_Lookup_Exercises[Category],MATCH(tbl_Exercises[[#This Row],[ExerciseName]],tbl_Lookup_Exercises[ExerciseName],0)),""Unknown"")"
E-20260501-1416,S-20260501-01,DB Spider Curl (Hammer),3,45.0,15.0,,,,2.0,1.0,2.0,2-1,,Tempo 2-1-2; RIR 2-1; alternated 11-15th reps. ,5,2026-05-01T18:03:06.810Z,"=IFERROR(INDEX(tbl_Lookup_Exercises[Category],MATCH(tbl_Exercises[[#This Row],[ExerciseName]],tbl_Lookup_Exercises[ExerciseName],0)),""Unknown"")"
E-20260501-1417,S-20260501-01,Rope Push-Downs,1,50.0,12.0,,,,2.0,1.0,2.0,2,,Standing high pulley at a different PF with back padding; tempo 2-1-2; RIR 2,5,2026-05-01T18:05:55.311Z,"=IFERROR(INDEX(tbl_Lookup_Exercises[Category],MATCH(tbl_Exercises[[#This Row],[ExerciseName]],tbl_Lookup_Exercises[ExerciseName],0)),""Unknown"")"
E-20260501-1418,S-20260501-01,Rope Push-Downs,2,50.0,11.0,,,,2.0,1.0,3.0,2,,Standing high pulley at a different PF with back padding; tempo 2-1-3 RIR 2,5,2026-05-01T18:07:42.559Z,"=IFERROR(INDEX(tbl_Lookup_Exercises[Category],MATCH(tbl_Exercises[[#This Row],[ExerciseName]],tbl_Lookup_Exercises[ExerciseName],0)),""Unknown"")"
E-20260501-1419,S-20260501-01,Rope Push-Downs,3,50.0,9.0,,,,2.0,1.0,3.0,1,,Tempo 2-1-3; RIR 1,5,2026-05-01T18:09:46.791Z,"=IFERROR(INDEX(tbl_Lookup_Exercises[Category],MATCH(tbl_Exercises[[#This Row],[ExerciseName]],tbl_Lookup_Exercises[ExerciseName],0)),""Unknown"")"
E-20260501-1420,S-20260501-01,Rope Push-Downs,4,50.0,8.0,,,,2.0,1.0,3.0,1,,Tempo 2-1-3; RIR 1,5,2026-05-01T18:11:55.304Z,"=IFERROR(INDEX(tbl_Lookup_Exercises[Category],MATCH(tbl_Exercises[[#This Row],[ExerciseName]],tbl_Lookup_Exercises[ExerciseName],0)),""Unknown"")"
E-20260501-1421,S-20260501-01,Single Arm Cable Extensions,1,15.0,10.0,,,,,,,2-1,,Temp 3-1-3; RIR 2-1; no option for 12.5. Only 15 or 10 ,5,2026-05-01T18:15:19.178Z,"=IFERROR(INDEX(tbl_Lookup_Exercises[Category],MATCH(tbl_Exercises[[#This Row],[ExerciseName]],tbl_Lookup_Exercises[ExerciseName],0)),""Unknown"")"
E-20260501-1422,S-20260501-01,Single Arm Cable Extensions,2,15.0,12.0,,,,,,,2-1,,Temp 3-1-3; RIR 2-1; no option for 12.5. Only 15 or 10 ,5,2026-05-01T18:17:59.339Z,"=IFERROR(INDEX(tbl_Lookup_Exercises[Category],MATCH(tbl_Exercises[[#This Row],[ExerciseName]],tbl_Lookup_Exercises[ExerciseName],0)),""Unknown"")"
E-20260501-1423,S-20260501-01,Single Arm Cable Extensions,3,15.0,11.0,,,,,,,1,,Temp 3-1-3; RIR 1; no option for 12.5. Only 15 or 10 ,5,2026-05-01T18:21:07.779Z,"=IFERROR(INDEX(tbl_Lookup_Exercises[Category],MATCH(tbl_Exercises[[#This Row],[ExerciseName]],tbl_Lookup_Exercises[ExerciseName],0)),""Unknown"")"
E-20260501-1424,S-20260501-01,Incline Dumbbell Curl (Supinated),1,30.0,10.0,,,,2.0,1.0,2.0,2+,,Tempo 2-1-2; RIR 2+,5,2026-05-01T18:23:33.659Z,"=IFERROR(INDEX(tbl_Lookup_Exercises[Category],MATCH(tbl_Exercises[[#This Row],[ExerciseName]],tbl_Lookup_Exercises[ExerciseName],0)),""Unknown"")"
E-20260501-1425,S-20260501-01,Incline Dumbbell Curl (Supinated),2,30.0,10.0,,,,2.0,1.0,2.0,2,,Tempo 2-1-2; RIR 2,5,2026-05-01T18:25:25.554Z,"=IFERROR(INDEX(tbl_Lookup_Exercises[Category],MATCH(tbl_Exercises[[#This Row],[ExerciseName]],tbl_Lookup_Exercises[ExerciseName],0)),""Unknown"")"
E-20260501-1426,S-20260501-01,Incline Dumbbell Curl (Supinated),3,30.0,7.0,,,,2.0,1.0,2.0,1-0,,Tempo 2-1-2; RIR 1-0,5,2026-05-01T18:27:48.654Z,"=IFERROR(INDEX(tbl_Lookup_Exercises[Category],MATCH(tbl_Exercises[[#This Row],[ExerciseName]],tbl_Lookup_Exercises[ExerciseName],0)),""Unknown"")"
E-20260501-1427,S-20260501-01,Dumbbell Lateral Raise,1,10.0,15.0,,,,2.0,2.0,2.0,2+,,Tempo 2-2-2; RIR 2+,5,2026-05-01T18:29:48.027Z,"=IFERROR(INDEX(tbl_Lookup_Exercises[Category],MATCH(tbl_Exercises[[#This Row],[ExerciseName]],tbl_Lookup_Exercises[ExerciseName],0)),""Unknown"")"
E-20260501-1428,S-20260501-01,Dumbbell Lateral Raise,2,20.0,15.0,,,,2.0,1.0,2.0,1,,Tempo 2-1-2; RIR 1 (10# per arm feels. Bit too much but there are no 7.5lb dbs),5,2026-05-01T18:32:44.595Z,"=IFERROR(INDEX(tbl_Lookup_Exercises[Category],MATCH(tbl_Exercises[[#This Row],[ExerciseName]],tbl_Lookup_Exercises[ExerciseName],0)),""Unknown"")"
E-20260501-1429,S-20260501-01,Dumbbell Lateral Raise,3,20.0,12.0,,,,2.0,1.0,2.0,1,,Tempo 2-1-2; RIR 1 (10# per arm feels. Bit too much but there are no 7.5lb dbs),5,2026-05-01T18:34:46.930Z,"=IFERROR(INDEX(tbl_Lookup_Exercises[Category],MATCH(tbl_Exercises[[#This Row],[ExerciseName]],tbl_Lookup_Exercises[ExerciseName],0)),""Unknown"")"
E-20260501-1430,S-20260501-01,Farmer’s Hold,1,150.0,,60.0,,,,,,,,Room in the tank,5,2026-05-01T18:37:08.480Z,"=IFERROR(INDEX(tbl_Lookup_Exercises[Category],MATCH(tbl_Exercises[[#This Row],[ExerciseName]],tbl_Lookup_Exercises[ExerciseName],0)),""Unknown"")"
E-20260501-1431,S-20260501-01,Farmer’s Hold,2,150.0,,60.0,,,,,,,,No room in the tank,5,2026-05-01T18:39:04.280Z,"=IFERROR(INDEX(tbl_Lookup_Exercises[Category],MATCH(tbl_Exercises[[#This Row],[ExerciseName]],tbl_Lookup_Exercises[ExerciseName],0)),""Unknown"")"
E-20260501-1432,S-20260501-01,Farmer’s Hold,3,150.0,,52.2,,,,,,,,52/60=0.867,5,2026-05-01T18:42:24.300Z,"=IFERROR(INDEX(tbl_Lookup_Exercises[Category],MATCH(tbl_Exercises[[#This Row],[ExerciseName]],tbl_Lookup_Exercises[ExerciseName],0)),""Unknown"")"
E-20260501-1433,S-20260501-01,Rowing,2,,,300.0,1.27,km,,,,,,Cool down,5,2026-05-01T18:48:39.274Z,"=IFERROR(INDEX(tbl_Lookup_Exercises[Category],MATCH(tbl_Exercises[[#This Row],[ExerciseName]],tbl_Lookup_Exercises[ExerciseName],0)),""Unknown"")"
E-20260503-1434,S-20260503-01,Rowing,1,,,300.0,1.35,km,,,,,,Warmup,5,2026-05-03T18:24:54.014Z,"=IFERROR(INDEX(tbl_Lookup_Exercises[Category],MATCH(tbl_Exercises[[#This Row],[ExerciseName]],tbl_Lookup_Exercises[ExerciseName],0)),""Unknown"")"
E-20260503-1435,S-20260503-01,Dumbbell Romanian Deadlift,1,160.0,8.0,,,,3.0,1.0,1.0,2,,Tempo 3-1-1; RIR 2; Iron Grip 80# dbs at new gym (The Marsh),5,2026-05-03T18:35:08.357Z,"=IFERROR(INDEX(tbl_Lookup_Exercises[Category],MATCH(tbl_Exercises[[#This Row],[ExerciseName]],tbl_Lookup_Exercises[ExerciseName],0)),""Unknown"")"
E-20260503-1436,S-20260503-01,Dumbbell Romanian Deadlift,2,160.0,8.0,,,,3.0,1.0,1.0,2,,Tempo 3-1-1; RIR 2; Iron Grip 80# dbs at new gym (The Marsh),5,2026-05-03T18:36:56.339Z,"=IFERROR(INDEX(tbl_Lookup_Exercises[Category],MATCH(tbl_Exercises[[#This Row],[ExerciseName]],tbl_Lookup_Exercises[ExerciseName],0)),""Unknown"")"
E-20260503-1437,S-20260503-01,Dumbbell Romanian Deadlift,3,160.0,8.0,,,,3.0,1.0,1.0,2,,Tempo 3-1-1; RIR 2; Iron Grip 80# dbs at new gym (The Marsh),5,2026-05-03T18:39:02.249Z,"=IFERROR(INDEX(tbl_Lookup_Exercises[Category],MATCH(tbl_Exercises[[#This Row],[ExerciseName]],tbl_Lookup_Exercises[ExerciseName],0)),""Unknown"")"
E-20260503-1438,S-20260503-01,Dumbbell Romanian Deadlift,4,160.0,8.0,,,,3.0,1.0,1.0,1,,Tempo 3-1-1; RIR 1; Iron Grip 80# dbs at new gym (The Marsh),5,2026-05-03T18:42:16.424Z,"=IFERROR(INDEX(tbl_Lookup_Exercises[Category],MATCH(tbl_Exercises[[#This Row],[ExerciseName]],tbl_Lookup_Exercises[ExerciseName],0)),""Unknown"")"
E-20260503-1439,S-20260503-01,Bulgarian Split Squat,1,50.0,8.0,,,,2.0,1.0,2.0,2,,Tempo 2-1-2; RIR 2,5,2026-05-03T18:45:08.970Z,"=IFERROR(INDEX(tbl_Lookup_Exercises[Category],MATCH(tbl_Exercises[[#This Row],[ExerciseName]],tbl_Lookup_Exercises[ExerciseName],0)),""Unknown"")"
E-20260503-1440,S-20260503-01,Bulgarian Split Squat,2,50.0,8.0,,,,2.0,1.0,2.0,2,,Tempo 2-1-2; RIR 2,5,2026-05-03T18:47:37.375Z,"=IFERROR(INDEX(tbl_Lookup_Exercises[Category],MATCH(tbl_Exercises[[#This Row],[ExerciseName]],tbl_Lookup_Exercises[ExerciseName],0)),""Unknown"")"
E-20260503-1441,S-20260503-01,Bulgarian Split Squat,3,50.0,8.0,,,,2.0,1.0,2.0,2,,Tempo 2-1-2; RIR 2,5,2026-05-03T18:50:42.530Z,"=IFERROR(INDEX(tbl_Lookup_Exercises[Category],MATCH(tbl_Exercises[[#This Row],[ExerciseName]],tbl_Lookup_Exercises[ExerciseName],0)),""Unknown"")"
E-20260503-1442,S-20260503-01,Chest Supported DB Row (Spider),1,75.0,8.0,,,,2.0,1.0,2.0,2,,Tempo 2-1-2; RIR 2; different adjustment style compared to PF but bench says it’s at 30 degree (feels slightly higher than typical),5,2026-05-03T18:53:24.585Z,"=IFERROR(INDEX(tbl_Lookup_Exercises[Category],MATCH(tbl_Exercises[[#This Row],[ExerciseName]],tbl_Lookup_Exercises[ExerciseName],0)),""Unknown"")"
E-20260503-1443,S-20260503-01,Chest Supported DB Row (Spider),2,75.0,8.0,,,,2.0,1.0,2.0,2,,Tempo 2-1-2; RIR 2; different adjustment style compared to PF but bench says it’s at 30 degree (feels slightly higher than typical),5,2026-05-03T18:55:09.749Z,"=IFERROR(INDEX(tbl_Lookup_Exercises[Category],MATCH(tbl_Exercises[[#This Row],[ExerciseName]],tbl_Lookup_Exercises[ExerciseName],0)),""Unknown"")"
E-20260503-1444,S-20260503-01,Chest Supported DB Row (Spider),3,75.0,8.0,,,,2.0,1.0,2.0,1,,Tempo 2-1-2; RIR 1; different adjustment style compared to PF but bench says it’s at 30 degree (feels slightly higher than typical),5,2026-05-03T18:57:04.872Z,"=IFERROR(INDEX(tbl_Lookup_Exercises[Category],MATCH(tbl_Exercises[[#This Row],[ExerciseName]],tbl_Lookup_Exercises[ExerciseName],0)),""Unknown"")"
E-20260503-1445,S-20260503-01,Chest Supported DB Row (Spider),4,75.0,7.0,,,,2.0,1.0,2.0,1,,Tempo 2-1-2; RIR  1;Squeeze getting tough! But holding well,5,2026-05-03T18:59:11.020Z,"=IFERROR(INDEX(tbl_Lookup_Exercises[Category],MATCH(tbl_Exercises[[#This Row],[ExerciseName]],tbl_Lookup_Exercises[ExerciseName],0)),""Unknown"")"
E-20260503-1446,S-20260503-01,Single-Arm Neutral Grip Cable Pulldown,1,140.0,12.0,,,,2.0,1.0,2.0,2,,TechnoGym Kinesis machine; plate @ 14; tempo 2-1-2; RIR 2,5,2026-05-03T19:05:00.570Z,"=IFERROR(INDEX(tbl_Lookup_Exercises[Category],MATCH(tbl_Exercises[[#This Row],[ExerciseName]],tbl_Lookup_Exercises[ExerciseName],0)),""Unknown"")"
E-20260503-1447,S-20260503-01,Single-Arm Neutral Grip Cable Pulldown,2,150.0,12.0,,,,2.0,1.0,2.0,2,,TechnoGym Kinesis machine; plate @ 15; tempo 2-1-2; RIR 2,5,2026-05-03T19:07:19.407Z,"=IFERROR(INDEX(tbl_Lookup_Exercises[Category],MATCH(tbl_Exercises[[#This Row],[ExerciseName]],tbl_Lookup_Exercises[ExerciseName],0)),""Unknown"")"
E-20260503-1448,S-20260503-01,Single-Arm Neutral Grip Cable Pulldown,3,160.0,12.0,,,,2.0,1.0,2.0,2,,TechnoGym Kinesis machine; plate @ 16 (all the plates in this stack); tempo 2-1-2; RIR 2,5,2026-05-03T19:09:58.530Z,"=IFERROR(INDEX(tbl_Lookup_Exercises[Category],MATCH(tbl_Exercises[[#This Row],[ExerciseName]],tbl_Lookup_Exercises[ExerciseName],0)),""Unknown"")"
E-20260503-1449,S-20260503-01,Suitcase Carries,1,75.0,,52.2,,,,,,,,52/60=0.867,5,2026-05-03T19:15:18.519Z,"=IFERROR(INDEX(tbl_Lookup_Exercises[Category],MATCH(tbl_Exercises[[#This Row],[ExerciseName]],tbl_Lookup_Exercises[ExerciseName],0)),""Unknown"")"
E-20260503-1450,S-20260503-01,Suitcase Carries,2,75.0,,48.0,,,,,,,,48/60=0.8,5,2026-05-03T19:18:08.727Z,"=IFERROR(INDEX(tbl_Lookup_Exercises[Category],MATCH(tbl_Exercises[[#This Row],[ExerciseName]],tbl_Lookup_Exercises[ExerciseName],0)),""Unknown"")"
E-20260503-1451,S-20260503-01,Suitcase Carries,3,75.0,,45.0,,,,,,,,,5,2026-05-03T19:21:00.536Z,"=IFERROR(INDEX(tbl_Lookup_Exercises[Category],MATCH(tbl_Exercises[[#This Row],[ExerciseName]],tbl_Lookup_Exercises[ExerciseName],0)),""Unknown"")"
E-20260503-1452,S-20260503-01,Side Plank,1,0.0,,45.0,,,,,,,,,5,2026-05-03T19:23:54.847Z,"=IFERROR(INDEX(tbl_Lookup_Exercises[Category],MATCH(tbl_Exercises[[#This Row],[ExerciseName]],tbl_Lookup_Exercises[ExerciseName],0)),""Unknown"")"
E-20260503-1453,S-20260503-01,Side Plank,2,0.0,,45.0,,,,,,,,,5,2026-05-03T19:26:20.171Z,"=IFERROR(INDEX(tbl_Lookup_Exercises[Category],MATCH(tbl_Exercises[[#This Row],[ExerciseName]],tbl_Lookup_Exercises[ExerciseName],0)),""Unknown"")"
E-20260503-1454,S-20260503-01,Side Plank,3,0.0,,45.0,,,,,,,,,5,2026-05-03T19:30:16.347Z,"=IFERROR(INDEX(tbl_Lookup_Exercises[Category],MATCH(tbl_Exercises[[#This Row],[ExerciseName]],tbl_Lookup_Exercises[ExerciseName],0)),""Unknown"")"
E-20260503-1455,S-20260503-01,Rowing,2,,,300.0,1.35,km,,,,,,Cool down,5,2026-05-03T19:30:29.803Z,"=IFERROR(INDEX(tbl_Lookup_Exercises[Category],MATCH(tbl_Exercises[[#This Row],[ExerciseName]],tbl_Lookup_Exercises[ExerciseName],0)),""Unknown"")"
E-20260505-1456,S-20260505-01,Rowing,1,,,300.0,1.3,km,,,,,,LF Rower; warmup,5,2026-05-05T20:26:32.103Z,"=IFERROR(INDEX(tbl_Lookup_Exercises[Category],MATCH(tbl_Exercises[[#This Row],[ExerciseName]],tbl_Lookup_Exercises[ExerciseName],0)),""Unknown"")"
E-20260505-1457,S-20260505-01,DB Neutral Press (slight Rotate To Underhand ),1,120.0,8.0,,,,3.0,1.0,1.0,2,,Tempo 3-1-1; RIR 2,5,2026-05-05T20:31:01.544Z,"=IFERROR(INDEX(tbl_Lookup_Exercises[Category],MATCH(tbl_Exercises[[#This Row],[ExerciseName]],tbl_Lookup_Exercises[ExerciseName],0)),""Unknown"")"
E-20260505-1458,S-20260505-01,DB Neutral Press (slight Rotate To Underhand ),2,120.0,8.0,,,,3.0,1.0,1.0,2,,Tempo 3-1-1; RIR 2,5,2026-05-05T20:33:33.881Z,"=IFERROR(INDEX(tbl_Lookup_Exercises[Category],MATCH(tbl_Exercises[[#This Row],[ExerciseName]],tbl_Lookup_Exercises[ExerciseName],0)),""Unknown"")"
E-20260505-1459,S-20260505-01,DB Neutral Press (slight Rotate To Underhand ),3,120.0,7.0,,,,3.0,1.0,1.0,1,,"Tempo 3-1-1; RIR 1; no pain or issue, just a note that it sometimes feels a bit like my posterior capsule just gives out or there is no muscle engaged on the right posterior cap during db press",5,2026-05-05T20:37:02.805Z,"=IFERROR(INDEX(tbl_Lookup_Exercises[Category],MATCH(tbl_Exercises[[#This Row],[ExerciseName]],tbl_Lookup_Exercises[ExerciseName],0)),""Unknown"")"
E-20260505-1460,S-20260505-01,DB Neutral Press (slight Rotate To Underhand ),4,120.0,7.0,,,,3.0,1.0,1.0,1,,"Tempo 3-1-1; RIR 1; no pain or issue, just a note that it sometimes feels a bit like my posterior capsule just gives out or there is no muscle engaged on the right posterior cap during db press",5,2026-05-05T20:39:48.819Z,"=IFERROR(INDEX(tbl_Lookup_Exercises[Category],MATCH(tbl_Exercises[[#This Row],[ExerciseName]],tbl_Lookup_Exercises[ExerciseName],0)),""Unknown"")"
E-20260505-1461,S-20260505-01,Low-Incline DB Press (15–30°),1,60.0,12.0,,,,2.0,1.0,2.0,2,,Tempo 2-1-2; RIR 2; slow and controlled 👍; bench at 2,5,2026-05-05T20:42:56.574Z,"=IFERROR(INDEX(tbl_Lookup_Exercises[Category],MATCH(tbl_Exercises[[#This Row],[ExerciseName]],tbl_Lookup_Exercises[ExerciseName],0)),""Unknown"")"
E-20260505-1462,S-20260505-01,Low-Incline DB Press (15–30°),2,70.0,12.0,,,,2.0,1.0,2.0,2,,Tempo 2-1-2; RIR 2; slow and controlled 👍; bench at 2,5,2026-05-05T20:45:01.862Z,"=IFERROR(INDEX(tbl_Lookup_Exercises[Category],MATCH(tbl_Exercises[[#This Row],[ExerciseName]],tbl_Lookup_Exercises[ExerciseName],0)),""Unknown"")"
E-20260505-1463,S-20260505-01,Low-Incline DB Press (15–30°),3,80.0,10.0,,,,2.0,1.0,2.0,1,,Tempo 2-1-2; RIR 1; slow and controlled 👍; bench at 2,5,2026-05-05T20:48:25.883Z,"=IFERROR(INDEX(tbl_Lookup_Exercises[Category],MATCH(tbl_Exercises[[#This Row],[ExerciseName]],tbl_Lookup_Exercises[ExerciseName],0)),""Unknown"")"
E-20260505-1464,S-20260505-01,Single-Arm DB Balance Press,1,40.0,8.0,,,,3.0,1.0,2.0,2,,Tempo 3-1-2; RIR 2,5,2026-05-05T20:51:13.757Z,"=IFERROR(INDEX(tbl_Lookup_Exercises[Category],MATCH(tbl_Exercises[[#This Row],[ExerciseName]],tbl_Lookup_Exercises[ExerciseName],0)),""Unknown"")"
E-20260505-1465,S-20260505-01,Single-Arm DB Balance Press,2,40.0,8.0,,,,3.0,1.0,2.0,2,,Tempo 3-1-2; RIR 2,5,2026-05-05T20:54:08.146Z,"=IFERROR(INDEX(tbl_Lookup_Exercises[Category],MATCH(tbl_Exercises[[#This Row],[ExerciseName]],tbl_Lookup_Exercises[ExerciseName],0)),""Unknown"")"
E-20260505-1466,S-20260505-01,Single-Arm DB Balance Press,3,40.0,8.0,,,,3.0,1.0,2.0,2-1,,Tempo 3-1-2; RIR 2-1,5,2026-05-05T20:57:35.780Z,"=IFERROR(INDEX(tbl_Lookup_Exercises[Category],MATCH(tbl_Exercises[[#This Row],[ExerciseName]],tbl_Lookup_Exercises[ExerciseName],0)),""Unknown"")"
E-20260505-1467,S-20260505-01,Rope Push-Downs,1,50.0,12.0,,,,2.0,1.0,2.0,1,,Tempo 2-1-2; RIR 1,5,2026-05-05T20:59:15.065Z,"=IFERROR(INDEX(tbl_Lookup_Exercises[Category],MATCH(tbl_Exercises[[#This Row],[ExerciseName]],tbl_Lookup_Exercises[ExerciseName],0)),""Unknown"")"
E-20260505-1468,S-20260505-01,Rope Push-Downs,2,50.0,10.0,,,,2.0,1.0,2.0,1,,Tempo 2-1-2; RIR 1,5,2026-05-05T21:01:33.932Z,"=IFERROR(INDEX(tbl_Lookup_Exercises[Category],MATCH(tbl_Exercises[[#This Row],[ExerciseName]],tbl_Lookup_Exercises[ExerciseName],0)),""Unknown"")"
E-20260505-1469,S-20260505-01,Rope Push-Downs,3,50.0,9.0,,,,2.0,1.0,2.0,1,,Tempo 2-1-2; RIR 1; tough,5,2026-05-05T21:03:40.214Z,"=IFERROR(INDEX(tbl_Lookup_Exercises[Category],MATCH(tbl_Exercises[[#This Row],[ExerciseName]],tbl_Lookup_Exercises[ExerciseName],0)),""Unknown"")"
E-20260505-1470,S-20260505-01,Rope Push-Downs,4,50.0,8.0,,,,2.0,1.0,2.0,1,,Tempo 2-1-2; RIR 1; tough,5,2026-05-05T21:05:51.334Z,"=IFERROR(INDEX(tbl_Lookup_Exercises[Category],MATCH(tbl_Exercises[[#This Row],[ExerciseName]],tbl_Lookup_Exercises[ExerciseName],0)),""Unknown"")"
E-20260505-1471,S-20260505-01,Single-Arm Overhead Cable Extension,1,12.5,11.0,,,,3.0,1.0,3.0,2-1,,Tempo 3-1-3; RIR 2-1; Had to use seated row with dual cable.,5,2026-05-05T21:09:42.370Z,"=IFERROR(INDEX(tbl_Lookup_Exercises[Category],MATCH(tbl_Exercises[[#This Row],[ExerciseName]],tbl_Lookup_Exercises[ExerciseName],0)),""Unknown"")"
E-20260505-1472,S-20260505-01,Single-Arm Overhead Cable Extension,2,15.0,10.0,,,,3.0,1.0,3.0,2-1,,Tempo 3-1-3; RIR 2-1; Had to use seated row with dual cable.,5,2026-05-05T21:12:19.921Z,"=IFERROR(INDEX(tbl_Lookup_Exercises[Category],MATCH(tbl_Exercises[[#This Row],[ExerciseName]],tbl_Lookup_Exercises[ExerciseName],0)),""Unknown"")"
E-20260505-1473,S-20260505-01,Single-Arm Overhead Cable Extension,3,15.0,11.0,,,,3.0,1.0,3.0,2-1,,"Tapped on 10, 11; Tempo 3-1-3; RIR 2-1; Had to use seated row with dual cable.",5,2026-05-05T21:15:58.592Z,"=IFERROR(INDEX(tbl_Lookup_Exercises[Category],MATCH(tbl_Exercises[[#This Row],[ExerciseName]],tbl_Lookup_Exercises[ExerciseName],0)),""Unknown"")"
E-20260505-1474,S-20260505-01,Dumbbell Lateral Raise,1,20.0,10.0,,,,2.0,2.0,2.0,2-1,,Tempo 2-2-2; RIR 2-1,5,2026-05-05T21:17:46.035Z,"=IFERROR(INDEX(tbl_Lookup_Exercises[Category],MATCH(tbl_Exercises[[#This Row],[ExerciseName]],tbl_Lookup_Exercises[ExerciseName],0)),""Unknown"")"
E-20260505-1475,S-20260505-01,Dumbbell Lateral Raise,2,20.0,11.0,,,,2.0,2.0,2.0,2-1,,Tempo 2-2-2; RIR 2-1,5,2026-05-05T21:19:51.235Z,"=IFERROR(INDEX(tbl_Lookup_Exercises[Category],MATCH(tbl_Exercises[[#This Row],[ExerciseName]],tbl_Lookup_Exercises[ExerciseName],0)),""Unknown"")"
E-20260505-1476,S-20260505-01,Dumbbell Lateral Raise,3,20.0,12.0,,,,2.0,2.0,2.0,2-1,,Tempo 2-2-2; RIR 2-1,5,2026-05-05T21:22:20.706Z,"=IFERROR(INDEX(tbl_Lookup_Exercises[Category],MATCH(tbl_Exercises[[#This Row],[ExerciseName]],tbl_Lookup_Exercises[ExerciseName],0)),""Unknown"")"
E-20260505-1477,S-20260505-01,Push-up,1,0.0,9.0,,,,,,,,2026-05-05T21:24:32.616Z,,5,2026-05-05T21:24:34.992Z,"=IFERROR(INDEX(tbl_Lookup_Exercises[Category],MATCH(tbl_Exercises[[#This Row],[ExerciseName]],tbl_Lookup_Exercises[ExerciseName],0)),""Unknown"")"
E-20260505-1478,S-20260505-01,Push-up On Knees,1,0.0,7.0,,,,,,,,2026-05-05T21:24:32.616Z,,5,2026-05-05T21:24:38.088Z,"=IFERROR(INDEX(tbl_Lookup_Exercises[Category],MATCH(tbl_Exercises[[#This Row],[ExerciseName]],tbl_Lookup_Exercises[ExerciseName],0)),""Unknown"")"
E-20260505-1479,S-20260505-01,Rowing,2,,,300.0,1.25,km,,,,,,Cool down LF Rower,5,2026-05-05T21:31:33.530Z,"=IFERROR(INDEX(tbl_Lookup_Exercises[Category],MATCH(tbl_Exercises[[#This Row],[ExerciseName]],tbl_Lookup_Exercises[ExerciseName],0)),""Unknown"")"
E-20260506-1480,S-20260506-01,Rowing,1,,,300.0,1.34,km,,,,,,Warmup 1.337,5,2026-05-06T20:59:15.324Z,"=IFERROR(INDEX(tbl_Lookup_Exercises[Category],MATCH(tbl_Exercises[[#This Row],[ExerciseName]],tbl_Lookup_Exercises[ExerciseName],0)),""Unknown"")"
E-20260506-1481,S-20260506-01,Suitcase Carries,1,75.0,,60.0,,,,,,,,"2.3 mph, 0 incline; room in the tank 👍",5,2026-05-06T21:09:58.589Z,"=IFERROR(INDEX(tbl_Lookup_Exercises[Category],MATCH(tbl_Exercises[[#This Row],[ExerciseName]],tbl_Lookup_Exercises[ExerciseName],0)),""Unknown"")"
E-20260506-1482,S-20260506-01,Suitcase Carries,2,75.0,,60.0,,,,,,,,"2.3 mph, 0 incline; room in the tank 👍",5,2026-05-06T21:12:41.239Z,"=IFERROR(INDEX(tbl_Lookup_Exercises[Category],MATCH(tbl_Exercises[[#This Row],[ExerciseName]],tbl_Lookup_Exercises[ExerciseName],0)),""Unknown"")"
E-20260506-1483,S-20260506-01,Suitcase Carries,3,75.0,,60.0,,,,,,,,"2.3 mph, 0 incline; room in the tank 👍",5,2026-05-06T21:16:47.911Z,"=IFERROR(INDEX(tbl_Lookup_Exercises[Category],MATCH(tbl_Exercises[[#This Row],[ExerciseName]],tbl_Lookup_Exercises[ExerciseName],0)),""Unknown"")"
E-20260506-1484,S-20260506-01,Chest Supported DB Row (Spider),1,75.0,8.0,,,,2.0,1.0,2.0,2+,,Tempo 2-1-2; RIR 2+,5,2026-05-06T21:20:01.028Z,"=IFERROR(INDEX(tbl_Lookup_Exercises[Category],MATCH(tbl_Exercises[[#This Row],[ExerciseName]],tbl_Lookup_Exercises[ExerciseName],0)),""Unknown"")"
E-20260506-1485,S-20260506-01,Chest Supported DB Row (Spider),2,75.0,8.0,,,,2.0,1.0,2.0,2+,,Tempo 2-1-2; RIR 2+,5,2026-05-06T21:21:23.581Z,"=IFERROR(INDEX(tbl_Lookup_Exercises[Category],MATCH(tbl_Exercises[[#This Row],[ExerciseName]],tbl_Lookup_Exercises[ExerciseName],0)),""Unknown"")"
E-20260506-1486,S-20260506-01,Chest Supported DB Row (Spider),3,75.0,8.0,,,,2.0,1.0,2.0,2,,Tempo 2-1-2; RIR 2,5,2026-05-06T21:23:08.122Z,"=IFERROR(INDEX(tbl_Lookup_Exercises[Category],MATCH(tbl_Exercises[[#This Row],[ExerciseName]],tbl_Lookup_Exercises[ExerciseName],0)),""Unknown"")"
E-20260506-1487,S-20260506-01,Chest Supported DB Row (Spider),4,75.0,7.0,,,,2.0,1.0,2.0,1,,Tempo 2-1-2; RIR 1; did 8 but squeeze was poor,5,2026-05-06T21:24:56.022Z,"=IFERROR(INDEX(tbl_Lookup_Exercises[Category],MATCH(tbl_Exercises[[#This Row],[ExerciseName]],tbl_Lookup_Exercises[ExerciseName],0)),""Unknown"")"
E-20260506-1488,S-20260506-01,Single-Arm Neutral Grip Cable Pulldown,1,140.0,12.0,,,,2.0,1.0,2.0,2,,Tempo 2-1-2; RIR 2,5,2026-05-06T21:28:50.316Z,"=IFERROR(INDEX(tbl_Lookup_Exercises[Category],MATCH(tbl_Exercises[[#This Row],[ExerciseName]],tbl_Lookup_Exercises[ExerciseName],0)),""Unknown"")"
E-20260506-1489,S-20260506-01,Single-Arm Neutral Grip Cable Pulldown,2,160.0,12.0,,,,2.0,1.0,2.0,2,,Tempo 2-1-2; RIR 2; no 150 option today,5,2026-05-06T21:31:26.556Z,"=IFERROR(INDEX(tbl_Lookup_Exercises[Category],MATCH(tbl_Exercises[[#This Row],[ExerciseName]],tbl_Lookup_Exercises[ExerciseName],0)),""Unknown"")"
E-20260506-1490,S-20260506-01,Single-Arm Neutral Grip Cable Pulldown,3,160.0,12.0,,,,2.0,1.0,2.0,1,,Tempo 2-1-2; RIR 1; no 150 option today,5,2026-05-06T21:37:06.655Z,"=IFERROR(INDEX(tbl_Lookup_Exercises[Category],MATCH(tbl_Exercises[[#This Row],[ExerciseName]],tbl_Lookup_Exercises[ExerciseName],0)),""Unknown"")"
E-20260506-1491,S-20260506-01,Face Pull,1,35.0,20.0,,,,1.0,2.0,1.0,2+,,Tempo 1-2-1; RIR 2+,5,2026-05-06T21:37:24.476Z,"=IFERROR(INDEX(tbl_Lookup_Exercises[Category],MATCH(tbl_Exercises[[#This Row],[ExerciseName]],tbl_Lookup_Exercises[ExerciseName],0)),""Unknown"")"
E-20260506-1492,S-20260506-01,Face Pull,2,35.0,20.0,,,,1.0,2.0,1.0,2+,,Tempo 1-2-1; RIR 2+,5,2026-05-06T21:40:11.339Z,"=IFERROR(INDEX(tbl_Lookup_Exercises[Category],MATCH(tbl_Exercises[[#This Row],[ExerciseName]],tbl_Lookup_Exercises[ExerciseName],0)),""Unknown"")"
E-20260506-1493,S-20260506-01,Face Pull,3,40.0,20.0,,,,1.0,2.0,1.0,2,,80 plate at Marriott; tempo 1-2-1: RIR 2,5,2026-05-06T21:42:40.081Z,"=IFERROR(INDEX(tbl_Lookup_Exercises[Category],MATCH(tbl_Exercises[[#This Row],[ExerciseName]],tbl_Lookup_Exercises[ExerciseName],0)),""Unknown"")"
E-20260506-1494,S-20260506-01,Incline Dumbbell Curl (Supinated),1,30.0,11.0,,,,2.0,1.0,2.0,2-1,,Tempo 2-1-2; RIR 2-1,5,2026-05-06T21:47:44.041Z,"=IFERROR(INDEX(tbl_Lookup_Exercises[Category],MATCH(tbl_Exercises[[#This Row],[ExerciseName]],tbl_Lookup_Exercises[ExerciseName],0)),""Unknown"")"
E-20260506-1495,S-20260506-01,Incline Dumbbell Curl (Supinated),2,30.0,7.0,,,,2.0,1.0,2.0,2-1,,Tempo 2-1-2; RIR 2-1,5,2026-05-06T21:48:54.667Z,"=IFERROR(INDEX(tbl_Lookup_Exercises[Category],MATCH(tbl_Exercises[[#This Row],[ExerciseName]],tbl_Lookup_Exercises[ExerciseName],0)),""Unknown"")"
E-20260506-1496,S-20260506-01,Incline Dumbbell Curl (Supinated),3,30.0,7.0,,,,2.0,1.0,2.0,2-1,,"Tempo 2-1-2; RIR 2-1; partial in extended 8,9,10",5,2026-05-06T21:51:41.820Z,"=IFERROR(INDEX(tbl_Lookup_Exercises[Category],MATCH(tbl_Exercises[[#This Row],[ExerciseName]],tbl_Lookup_Exercises[ExerciseName],0)),""Unknown"")"
E-20260506-1497,S-20260506-01,Suitcase Holds,1,75.0,,60.0,,,,,,,,,5,2026-05-06T21:56:18.135Z,"=IFERROR(INDEX(tbl_Lookup_Exercises[Category],MATCH(tbl_Exercises[[#This Row],[ExerciseName]],tbl_Lookup_Exercises[ExerciseName],0)),""Unknown"")"
E-20260506-1498,S-20260506-01,Suitcase Holds,2,75.0,,52.8,,,,,,,,53/60=0.883,5,2026-05-06T21:59:24.031Z,"=IFERROR(INDEX(tbl_Lookup_Exercises[Category],MATCH(tbl_Exercises[[#This Row],[ExerciseName]],tbl_Lookup_Exercises[ExerciseName],0)),""Unknown"")"
E-20260506-1499,S-20260506-01,Suitcase Holds,3,75.0,,51.0,,,,,,,,,5,2026-05-06T22:02:30.808Z,"=IFERROR(INDEX(tbl_Lookup_Exercises[Category],MATCH(tbl_Exercises[[#This Row],[ExerciseName]],tbl_Lookup_Exercises[ExerciseName],0)),""Unknown"")"
E-20260506-1500,S-20260506-01,Rowing,2,,,300.0,1.29,km,,,,,,Cool down ,5,2026-05-06T22:09:45.383Z,"=IFERROR(INDEX(tbl_Lookup_Exercises[Category],MATCH(tbl_Exercises[[#This Row],[ExerciseName]],tbl_Lookup_Exercises[ExerciseName],0)),""Unknown"")"
E-20260508-1501,S-20260508-01,Rowing,1,,,300.0,1.34,km,,,,,,Warm up,5,2026-05-08T15:37:41.465Z,"=IFERROR(INDEX(tbl_Lookup_Exercises[Category],MATCH(tbl_Exercises[[#This Row],[ExerciseName]],tbl_Lookup_Exercises[ExerciseName],0)),""Unknown"")"
E-20260508-1502,S-20260508-01,DB Spider Curl (Hammer),1,45.0,15.0,,,,2.0,1.0,2.0,2-1,,Tempo 2-1-2; RIR 2-1; alternated 11-15th reps. ,5,2026-05-08T15:44:44.843Z,"=IFERROR(INDEX(tbl_Lookup_Exercises[Category],MATCH(tbl_Exercises[[#This Row],[ExerciseName]],tbl_Lookup_Exercises[ExerciseName],0)),""Unknown"")"
E-20260508-1503,S-20260508-01,DB Spider Curl (Hammer),2,45.0,15.0,,,,2.0,1.0,2.0,2-1,,Tempo 2-1-2; RIR 2-1; alternated 11-15th reps. ,5,2026-05-08T15:47:24.270Z,"=IFERROR(INDEX(tbl_Lookup_Exercises[Category],MATCH(tbl_Exercises[[#This Row],[ExerciseName]],tbl_Lookup_Exercises[ExerciseName],0)),""Unknown"")"
E-20260508-1504,S-20260508-01,DB Spider Curl (Hammer),3,45.0,15.0,,,,2.0,1.0,2.0,2-1,,Tempo 2-1-2; RIR 2-1; alternated 11-15th reps. ,5,2026-05-08T15:50:05.643Z,"=IFERROR(INDEX(tbl_Lookup_Exercises[Category],MATCH(tbl_Exercises[[#This Row],[ExerciseName]],tbl_Lookup_Exercises[ExerciseName],0)),""Unknown"")"
E-20260508-1505,S-20260508-01,Rope Push-Downs,1,50.0,12.0,,,,2.0,1.0,2.0,2+,,Tempo 2-1-2; RIR 2+,5,2026-05-08T15:53:34.379Z,"=IFERROR(INDEX(tbl_Lookup_Exercises[Category],MATCH(tbl_Exercises[[#This Row],[ExerciseName]],tbl_Lookup_Exercises[ExerciseName],0)),""Unknown"")"
E-20260508-1506,S-20260508-01,Rope Push-Downs,2,50.0,12.0,,,,2.0,1.0,2.0,2-1,,Tempo 2-1-2; RIR 2-1,5,2026-05-08T15:55:41.958Z,"=IFERROR(INDEX(tbl_Lookup_Exercises[Category],MATCH(tbl_Exercises[[#This Row],[ExerciseName]],tbl_Lookup_Exercises[ExerciseName],0)),""Unknown"")"
E-20260508-1507,S-20260508-01,Rope Push-Downs,3,50.0,9.0,,,,2.0,1.0,2.0,1,,Tempo 2-1-2; RIR 1,5,2026-05-08T15:57:54.663Z,"=IFERROR(INDEX(tbl_Lookup_Exercises[Category],MATCH(tbl_Exercises[[#This Row],[ExerciseName]],tbl_Lookup_Exercises[ExerciseName],0)),""Unknown"")"
E-20260508-1508,S-20260508-01,Rope Push-Downs,4,50.0,9.0,,,,2.0,1.0,2.0,1,,Tempo 2-1-2; RIR 1,5,2026-05-08T16:00:21.639Z,"=IFERROR(INDEX(tbl_Lookup_Exercises[Category],MATCH(tbl_Exercises[[#This Row],[ExerciseName]],tbl_Lookup_Exercises[ExerciseName],0)),""Unknown"")"
E-20260508-1509,S-20260508-01,Single Arm Cable Extensions,1,12.5,12.0,,,,3.0,1.0,3.0,2-1,,Tempo 3-1-3; RIR 2-1,5,2026-05-08T16:07:24.615Z,"=IFERROR(INDEX(tbl_Lookup_Exercises[Category],MATCH(tbl_Exercises[[#This Row],[ExerciseName]],tbl_Lookup_Exercises[ExerciseName],0)),""Unknown"")"
E-20260508-1510,S-20260508-01,Single Arm Cable Extensions,2,12.5,12.0,,,,3.0,1.0,3.0,1,,Tempo 3-1-3; RIR 1,5,2026-05-08T16:07:29.339Z,"=IFERROR(INDEX(tbl_Lookup_Exercises[Category],MATCH(tbl_Exercises[[#This Row],[ExerciseName]],tbl_Lookup_Exercises[ExerciseName],0)),""Unknown"")"
E-20260508-1511,S-20260508-01,Single Arm Cable Extensions,3,12.5,12.0,,,,3.0,1.0,3.0,1,,Tempo 3-1-3; RIR 1,5,2026-05-08T16:10:43.392Z,"=IFERROR(INDEX(tbl_Lookup_Exercises[Category],MATCH(tbl_Exercises[[#This Row],[ExerciseName]],tbl_Lookup_Exercises[ExerciseName],0)),""Unknown"")"
E-20260508-1512,S-20260508-01,Incline Dumbbell Curl (Supinated),1,30.0,12.0,,,,2.0,1.0,2.0,2,,Tempo 2-1-2; RIR 2; accidentally did 12 reps. It wasn’t an ego move. I misread the reps (I looked at the previous exercise goal). ,5,2026-05-08T16:14:13.152Z,"=IFERROR(INDEX(tbl_Lookup_Exercises[Category],MATCH(tbl_Exercises[[#This Row],[ExerciseName]],tbl_Lookup_Exercises[ExerciseName],0)),""Unknown"")"
E-20260508-1513,S-20260508-01,Incline Dumbbell Curl (Supinated),2,30.0,10.0,,,,2.0,1.0,2.0,2-1,,Tempo 2-1-2; RIR 2-1,5,2026-05-08T16:16:50.031Z,"=IFERROR(INDEX(tbl_Lookup_Exercises[Category],MATCH(tbl_Exercises[[#This Row],[ExerciseName]],tbl_Lookup_Exercises[ExerciseName],0)),""Unknown"")"
E-20260508-1514,S-20260508-01,Incline Dumbbell Curl (Supinated),3,30.0,9.0,,,,2.0,1.0,2.0,1,,Tempo 2-1-2; RIR 1,5,2026-05-08T16:19:58.639Z,"=IFERROR(INDEX(tbl_Lookup_Exercises[Category],MATCH(tbl_Exercises[[#This Row],[ExerciseName]],tbl_Lookup_Exercises[ExerciseName],0)),""Unknown"")"
E-20260508-1515,S-20260508-01,Dumbbell Lateral Raise,1,20.0,12.0,,,,2.0,2.0,2.0,2,,10 per hand; Tempo 2-2-2; RIR 2; slight right anterior capsule awareness/tightness,5,2026-05-08T16:22:51.158Z,"=IFERROR(INDEX(tbl_Lookup_Exercises[Category],MATCH(tbl_Exercises[[#This Row],[ExerciseName]],tbl_Lookup_Exercises[ExerciseName],0)),""Unknown"")"
E-20260508-1516,S-20260508-01,Dumbbell Lateral Raise,2,20.0,13.0,,,,2.0,2.0,2.0,2,,"10 per hand; Tempo 2-2-2; RIR 2; slight right anterior capsule awareness/tightness, but I seem to mitigate by moving my arm slot more forward ",5,2026-05-08T16:25:35.304Z,"=IFERROR(INDEX(tbl_Lookup_Exercises[Category],MATCH(tbl_Exercises[[#This Row],[ExerciseName]],tbl_Lookup_Exercises[ExerciseName],0)),""Unknown"")"
E-20260508-1517,S-20260508-01,Dumbbell Lateral Raise,3,20.0,13.0,,,,,,,,,10 per hand,5,2026-05-08T16:28:16.065Z,"=IFERROR(INDEX(tbl_Lookup_Exercises[Category],MATCH(tbl_Exercises[[#This Row],[ExerciseName]],tbl_Lookup_Exercises[ExerciseName],0)),""Unknown"")"
E-20260508-1518,S-20260508-01,Farmer’s Hold,1,150.0,,75.0,,,,,,,,75/60=1.25; lots of room in the tank today,5,2026-05-08T16:37:43.534Z,"=IFERROR(INDEX(tbl_Lookup_Exercises[Category],MATCH(tbl_Exercises[[#This Row],[ExerciseName]],tbl_Lookup_Exercises[ExerciseName],0)),""Unknown"")"
E-20260508-1519,S-20260508-01,Farmer’s Hold,2,150.0,,64.2,,,,,,,,64/60=1.0667,5,2026-05-08T16:39:38.036Z,"=IFERROR(INDEX(tbl_Lookup_Exercises[Category],MATCH(tbl_Exercises[[#This Row],[ExerciseName]],tbl_Lookup_Exercises[ExerciseName],0)),""Unknown"")"
E-20260508-1520,S-20260508-01,Farmer’s Hold,3,150.0,,60.0,,,,,,,,,5,2026-05-08T16:50:34.755Z,"=IFERROR(INDEX(tbl_Lookup_Exercises[Category],MATCH(tbl_Exercises[[#This Row],[ExerciseName]],tbl_Lookup_Exercises[ExerciseName],0)),""Unknown"")"
E-20260508-1521,S-20260508-01,Rowing,2,,,300.0,1.31,km,,,,,,Cool down,5,2026-05-08T16:50:49.718Z,"=IFERROR(INDEX(tbl_Lookup_Exercises[Category],MATCH(tbl_Exercises[[#This Row],[ExerciseName]],tbl_Lookup_Exercises[ExerciseName],0)),""Unknown"")"
E-20260509-1522,S-20260509-01,Treadmill Walking,1,,,360.0,0.47,km,,,,,,"Warmup, 5% incline, 3mph",6,2026-05-09T14:35:17.118Z,"=IFERROR(INDEX(tbl_Lookup_Exercises[Category],MATCH(tbl_Exercises[[#This Row],[ExerciseName]],tbl_Lookup_Exercises[ExerciseName],0)),""Unknown"")"
E-20260509-1523,S-20260509-01,Serratus Wall Slides (banded),1,0.0,8.0,,,,,,,,,,6,2026-05-09T14:37:18.794Z,"=IFERROR(INDEX(tbl_Lookup_Exercises[Category],MATCH(tbl_Exercises[[#This Row],[ExerciseName]],tbl_Lookup_Exercises[ExerciseName],0)),""Unknown"")"
E-20260509-1524,S-20260509-01,Band Pull Aparts,1,0.0,20.0,,,,,,,,,,6,2026-05-09T14:37:23.276Z,"=IFERROR(INDEX(tbl_Lookup_Exercises[Category],MATCH(tbl_Exercises[[#This Row],[ExerciseName]],tbl_Lookup_Exercises[ExerciseName],0)),""Unknown"")"
E-20260509-1525,S-20260509-01,Dead Hang,1,0.0,,60.0,,,,,,,,20 sec,6,2026-05-09T14:38:33.554Z,"=IFERROR(INDEX(tbl_Lookup_Exercises[Category],MATCH(tbl_Exercises[[#This Row],[ExerciseName]],tbl_Lookup_Exercises[ExerciseName],0)),""Unknown"")"
E-20260509-1526,S-20260509-01,Serratus Wall Slides (banded),2,0.0,8.0,,,,,,,,,,6,2026-05-09T14:40:06.776Z,"=IFERROR(INDEX(tbl_Lookup_Exercises[Category],MATCH(tbl_Exercises[[#This Row],[ExerciseName]],tbl_Lookup_Exercises[ExerciseName],0)),""Unknown"")"
E-20260509-1527,S-20260509-01,Band Pull Aparts,2,0.0,15.0,,,,,,,,,,6,2026-05-09T14:40:09.325Z,"=IFERROR(INDEX(tbl_Lookup_Exercises[Category],MATCH(tbl_Exercises[[#This Row],[ExerciseName]],tbl_Lookup_Exercises[ExerciseName],0)),""Unknown"")"
E-20260509-1528,S-20260509-01,Dead Hang,2,0.0,,60.0,,,,,,,,20 sec,6,2026-05-09T14:40:53.509Z,"=IFERROR(INDEX(tbl_Lookup_Exercises[Category],MATCH(tbl_Exercises[[#This Row],[ExerciseName]],tbl_Lookup_Exercises[ExerciseName],0)),""Unknown"")"
E-20260509-1529,S-20260509-01,Farmer's Walk,1,150.0,,60.0,,,,,,,,"60 sec. 0.5% incline, 2.3mph",6,2026-05-09T14:44:30.876Z,"=IFERROR(INDEX(tbl_Lookup_Exercises[Category],MATCH(tbl_Exercises[[#This Row],[ExerciseName]],tbl_Lookup_Exercises[ExerciseName],0)),""Unknown"")"
E-20260509-1530,S-20260509-01,Farmer's Walk,2,150.0,,60.0,,,,,,,,"60 sec. 0.5% incline, 2.3mph",6,2026-05-09T14:46:55.872Z,"=IFERROR(INDEX(tbl_Lookup_Exercises[Category],MATCH(tbl_Exercises[[#This Row],[ExerciseName]],tbl_Lookup_Exercises[ExerciseName],0)),""Unknown"")"
E-20260509-1531,S-20260509-01,Farmer's Walk,3,150.0,,49.8,,,,,,,,"50 sec. 0.5% incline, 2.3mph",6,2026-05-09T14:50:14.944Z,"=IFERROR(INDEX(tbl_Lookup_Exercises[Category],MATCH(tbl_Exercises[[#This Row],[ExerciseName]],tbl_Lookup_Exercises[ExerciseName],0)),""Unknown"")"
E-20260509-1532,S-20260509-01,Farmer's Walk,4,150.0,,46.2,,,,,,,,"0.5% incline, 2.3mph",6,2026-05-09T14:52:40.782Z,"=IFERROR(INDEX(tbl_Lookup_Exercises[Category],MATCH(tbl_Exercises[[#This Row],[ExerciseName]],tbl_Lookup_Exercises[ExerciseName],0)),""Unknown"")"
E-20260509-1533,S-20260509-01,Farmer's Walk,5,150.0,,45.0,,,,,,,," 0.5% incline, 2.3mph",6,2026-05-09T14:55:19.623Z,"=IFERROR(INDEX(tbl_Lookup_Exercises[Category],MATCH(tbl_Exercises[[#This Row],[ExerciseName]],tbl_Lookup_Exercises[ExerciseName],0)),""Unknown"")"
E-20260509-1534,S-20260509-01,Machine Row,1,90.0,12.0,,,,,,,,,Moderate warmup,6,2026-05-09T14:58:55.630Z,"=IFERROR(INDEX(tbl_Lookup_Exercises[Category],MATCH(tbl_Exercises[[#This Row],[ExerciseName]],tbl_Lookup_Exercises[ExerciseName],0)),""Unknown"")"
E-20260509-1535,S-20260509-01,Machine Row,2,150.0,8.0,,,,,,,,,Heavier warmup,6,2026-05-09T15:00:29.704Z,"=IFERROR(INDEX(tbl_Lookup_Exercises[Category],MATCH(tbl_Exercises[[#This Row],[ExerciseName]],tbl_Lookup_Exercises[ExerciseName],0)),""Unknown"")"
E-20260509-1536,S-20260509-01,Machine Row,3,180.0,8.0,,,,2.0,1.0,2.0,2,,Working set; tempo 2-1-2; RIR 2; squeeze on each contraction,6,2026-05-09T15:03:08.319Z,"=IFERROR(INDEX(tbl_Lookup_Exercises[Category],MATCH(tbl_Exercises[[#This Row],[ExerciseName]],tbl_Lookup_Exercises[ExerciseName],0)),""Unknown"")"
E-20260509-1537,S-20260509-01,Machine Row,4,185.0,8.0,,,,2.0,1.0,2.0,2,,Working set; tempo 2-1-2; RIR 2; squeeze on each contraction,6,2026-05-09T15:04:53.702Z,"=IFERROR(INDEX(tbl_Lookup_Exercises[Category],MATCH(tbl_Exercises[[#This Row],[ExerciseName]],tbl_Lookup_Exercises[ExerciseName],0)),""Unknown"")"
E-20260509-1538,S-20260509-01,Machine Row,5,190.0,6.0,,,,2.0,1.0,2.0,1,,Working set; tempo 2-1-2; RIR 1; squeeze on each contraction,6,2026-05-09T15:06:49.036Z,"=IFERROR(INDEX(tbl_Lookup_Exercises[Category],MATCH(tbl_Exercises[[#This Row],[ExerciseName]],tbl_Lookup_Exercises[ExerciseName],0)),""Unknown"")"
E-20260509-1539,S-20260509-01,Machine Row,6,190.0,6.0,,,,2.0,1.0,2.0,1,,Working set; tempo 2-1-2; RIR 1; squeeze on each contraction,6,2026-05-09T15:09:20.615Z,"=IFERROR(INDEX(tbl_Lookup_Exercises[Category],MATCH(tbl_Exercises[[#This Row],[ExerciseName]],tbl_Lookup_Exercises[ExerciseName],0)),""Unknown"")"
E-20260509-1540,S-20260509-01,Body Row,1,0.0,10.0,,,,1.0,2.0,1.0,2-1,,"Tempo 1-2-1; RIR 2-1; Feet elevated on bench; 8,9,10 the squeeze wasn’t as strong",6,2026-05-09T15:11:51.845Z,"=IFERROR(INDEX(tbl_Lookup_Exercises[Category],MATCH(tbl_Exercises[[#This Row],[ExerciseName]],tbl_Lookup_Exercises[ExerciseName],0)),""Unknown"")"
E-20260509-1541,S-20260509-01,Body Row,2,0.0,7.0,,,,1.0,2.0,1.0,2-1,,Tempo 1-2-1; RIR 2-1; feet elevated,6,2026-05-09T15:14:04.948Z,"=IFERROR(INDEX(tbl_Lookup_Exercises[Category],MATCH(tbl_Exercises[[#This Row],[ExerciseName]],tbl_Lookup_Exercises[ExerciseName],0)),""Unknown"")"
E-20260509-1542,S-20260509-01,Body Row,3,0.0,8.0,,,,1.0,2.0,1.0,2-1,,Tempo 1-2-1; RIR 2-1; feet on floor,6,2026-05-09T15:17:01.437Z,"=IFERROR(INDEX(tbl_Lookup_Exercises[Category],MATCH(tbl_Exercises[[#This Row],[ExerciseName]],tbl_Lookup_Exercises[ExerciseName],0)),""Unknown"")"
E-20260509-1543,S-20260509-01,Anchored Single Arm Dumbbell Curl,1,40.0,4.0,,,,2.0,1.0,2.0,1,,Test set: Decline bench for anchor; tempo 2-1-2; RIR 1,6,2026-05-09T15:22:37.429Z,"=IFERROR(INDEX(tbl_Lookup_Exercises[Category],MATCH(tbl_Exercises[[#This Row],[ExerciseName]],tbl_Lookup_Exercises[ExerciseName],0)),""Unknown"")"
E-20260509-1544,S-20260509-01,Anchored Single Arm Dumbbell Curl,2,35.0,8.0,,,,2.0,1.0,2.0,1,,Working set: Calf raise machine for anchor; tempo 2-1-2; RIR 1,6,2026-05-09T15:23:50.954Z,"=IFERROR(INDEX(tbl_Lookup_Exercises[Category],MATCH(tbl_Exercises[[#This Row],[ExerciseName]],tbl_Lookup_Exercises[ExerciseName],0)),""Unknown"")"
E-20260509-1545,S-20260509-01,Anchored Single Arm Dumbbell Curl,3,35.0,9.0,,,,2.0,1.0,2.0,1,,"Working set: Left weaker on 8,9; Calf raise machine for anchor; tempo 2-1-2; RIR 1",6,2026-05-09T15:25:36.648Z,"=IFERROR(INDEX(tbl_Lookup_Exercises[Category],MATCH(tbl_Exercises[[#This Row],[ExerciseName]],tbl_Lookup_Exercises[ExerciseName],0)),""Unknown"")"
E-20260509-1546,S-20260509-01,Anchored Single Arm Dumbbell Curl,4,35.0,7.0,,,,2.0,1.0,2.0,1,,"Working set: Left weaker on 8,9; Calf raise machine for anchor; tempo 2-1-2; RIR 1",6,2026-05-09T15:28:34.772Z,"=IFERROR(INDEX(tbl_Lookup_Exercises[Category],MATCH(tbl_Exercises[[#This Row],[ExerciseName]],tbl_Lookup_Exercises[ExerciseName],0)),""Unknown"")"
E-20260509-1547,S-20260509-01,Rowing,1,,,450.0,2.0,km,,,,,,Cool down,6,2026-05-09T15:38:03.142Z,"=IFERROR(INDEX(tbl_Lookup_Exercises[Category],MATCH(tbl_Exercises[[#This Row],[ExerciseName]],tbl_Lookup_Exercises[ExerciseName],0)),""Unknown"")"
E-20260510-1548,S-20260510-01,Treadmill Walking,1,,,300.0,0.39,km,,,,,,"Warmup; 3mph, 5% incline",6,2026-05-10T14:47:09.570Z,"=IFERROR(INDEX(tbl_Lookup_Exercises[Category],MATCH(tbl_Exercises[[#This Row],[ExerciseName]],tbl_Lookup_Exercises[ExerciseName],0)),""Unknown"")"
E-20260510-1549,S-20260510-01,Serratus Wall Slides (banded),1,0.0,8.0,,,,,,,,,Red band ,6,2026-05-10T14:53:54.775Z,"=IFERROR(INDEX(tbl_Lookup_Exercises[Category],MATCH(tbl_Exercises[[#This Row],[ExerciseName]],tbl_Lookup_Exercises[ExerciseName],0)),""Unknown"")"
E-20260510-1550,S-20260510-01,Band Pull Aparts,1,0.0,15.0,,,,,,,,,Red ,6,2026-05-10T14:54:02.519Z,"=IFERROR(INDEX(tbl_Lookup_Exercises[Category],MATCH(tbl_Exercises[[#This Row],[ExerciseName]],tbl_Lookup_Exercises[ExerciseName],0)),""Unknown"")"
E-20260510-1551,S-20260510-01,Band External Rotations,1,0.0,8.0,,,,,,,,,Red,6,2026-05-10T14:54:08.375Z,"=IFERROR(INDEX(tbl_Lookup_Exercises[Category],MATCH(tbl_Exercises[[#This Row],[ExerciseName]],tbl_Lookup_Exercises[ExerciseName],0)),""Unknown"")"
E-20260510-1552,S-20260510-01,Serratus Wall Slides (banded),2,0.0,8.0,,,,,,,,,Red band ,6,2026-05-10T14:54:10.518Z,"=IFERROR(INDEX(tbl_Lookup_Exercises[Category],MATCH(tbl_Exercises[[#This Row],[ExerciseName]],tbl_Lookup_Exercises[ExerciseName],0)),""Unknown"")"
E-20260510-1553,S-20260510-01,Band Pull Aparts,2,0.0,15.0,,,,,,,,,Red ,6,2026-05-10T14:54:11.822Z,"=IFERROR(INDEX(tbl_Lookup_Exercises[Category],MATCH(tbl_Exercises[[#This Row],[ExerciseName]],tbl_Lookup_Exercises[ExerciseName],0)),""Unknown"")"
E-20260510-1554,S-20260510-01,Band External Rotations,2,0.0,8.0,,,,,,,,,Red,6,2026-05-10T14:54:13.043Z,"=IFERROR(INDEX(tbl_Lookup_Exercises[Category],MATCH(tbl_Exercises[[#This Row],[ExerciseName]],tbl_Lookup_Exercises[ExerciseName],0)),""Unknown"")"
E-20260510-1555,S-20260510-01,Neutral Grip Dumbbell Floor Press,1,80.0,12.0,,,,,,,,,Warmup moderate,6,2026-05-10T14:57:04.653Z,"=IFERROR(INDEX(tbl_Lookup_Exercises[Category],MATCH(tbl_Exercises[[#This Row],[ExerciseName]],tbl_Lookup_Exercises[ExerciseName],0)),""Unknown"")"
E-20260510-1556,S-20260510-01,Neutral Grip Dumbbell Floor Press,2,100.0,8.0,,,,,,,,,Warmup heavier,6,2026-05-10T14:59:16.861Z,"=IFERROR(INDEX(tbl_Lookup_Exercises[Category],MATCH(tbl_Exercises[[#This Row],[ExerciseName]],tbl_Lookup_Exercises[ExerciseName],0)),""Unknown"")"
E-20260510-1557,S-20260510-01,Neutral Grip Dumbbell Floor Press,3,120.0,8.0,,,,2.0,1.0,,2,,Working set 1: tempo 2-1-*-1; RIR 2,6,2026-05-10T15:01:24.775Z,"=IFERROR(INDEX(tbl_Lookup_Exercises[Category],MATCH(tbl_Exercises[[#This Row],[ExerciseName]],tbl_Lookup_Exercises[ExerciseName],0)),""Unknown"")"
E-20260510-1558,S-20260510-01,Neutral Grip Dumbbell Floor Press,4,120.0,8.0,,,,2.0,1.0,,2-1,,Working set 1: tempo 2-1-*-1; RIR 2-1; slight weakness on right posterior capsule on push; better if/when I squeeze my scaps together ,6,2026-05-10T15:04:15.503Z,"=IFERROR(INDEX(tbl_Lookup_Exercises[Category],MATCH(tbl_Exercises[[#This Row],[ExerciseName]],tbl_Lookup_Exercises[ExerciseName],0)),""Unknown"")"
E-20260510-1559,S-20260510-01,Neutral Grip Dumbbell Floor Press,5,120.0,8.0,,,,2.0,1.0,,2-1,,Working set 1: tempo 2-1-*-1; RIR 2-1; slight weakness on right posterior capsule on push; better if/when I squeeze my scaps together ,6,2026-05-10T15:06:23.741Z,"=IFERROR(INDEX(tbl_Lookup_Exercises[Category],MATCH(tbl_Exercises[[#This Row],[ExerciseName]],tbl_Lookup_Exercises[ExerciseName],0)),""Unknown"")"
E-20260510-1560,S-20260510-01,Neutral Grip Dumbbell Floor Press,6,120.0,7.0,,,,2.0,1.0,,2-1,,Working set 1: tempo 2-1-*-1; RIR 2-1; slight weakness on right posterior capsule on push; better if/when I squeeze my scaps together ,6,2026-05-10T15:09:16.206Z,"=IFERROR(INDEX(tbl_Lookup_Exercises[Category],MATCH(tbl_Exercises[[#This Row],[ExerciseName]],tbl_Lookup_Exercises[ExerciseName],0)),""Unknown"")"
E-20260510-1561,S-20260510-01,Single Arm Cable Press (split stance),1,25.0,8.0,,,,2.0,1.0,2.0,2+,,Warmup/test weight; 25 plate; cable at 8; tempo 2-1-2; RIR 2+; right awareness until I rotate to full neutral grip and come more to midline on extension ,6,2026-05-10T15:12:35.697Z,"=IFERROR(INDEX(tbl_Lookup_Exercises[Category],MATCH(tbl_Exercises[[#This Row],[ExerciseName]],tbl_Lookup_Exercises[ExerciseName],0)),""Unknown"")"
E-20260510-1562,S-20260510-01,Single Arm Cable Press (split stance),2,30.0,8.0,,,,2.0,1.0,2.0,2,,Tempo 2-1-2; RIR 2,6,2026-05-10T15:15:11.276Z,"=IFERROR(INDEX(tbl_Lookup_Exercises[Category],MATCH(tbl_Exercises[[#This Row],[ExerciseName]],tbl_Lookup_Exercises[ExerciseName],0)),""Unknown"")"
E-20260510-1563,S-20260510-01,Single Arm Cable Press (split stance),3,35.0,8.0,,,,2.0,1.0,2.0,2-1,,Tempo 2-1-2; RIR 2-1,6,2026-05-10T15:17:11.088Z,"=IFERROR(INDEX(tbl_Lookup_Exercises[Category],MATCH(tbl_Exercises[[#This Row],[ExerciseName]],tbl_Lookup_Exercises[ExerciseName],0)),""Unknown"")"
E-20260510-1564,S-20260510-01,Single Arm Cable Press (split stance),4,35.0,8.0,,,,2.0,1.0,2.0,2-1,,Tempo 2-1-2; RIR 2-1,6,2026-05-10T15:20:09.534Z,"=IFERROR(INDEX(tbl_Lookup_Exercises[Category],MATCH(tbl_Exercises[[#This Row],[ExerciseName]],tbl_Lookup_Exercises[ExerciseName],0)),""Unknown"")"
E-20260510-1565,S-20260510-01,Cable Lateral Raise (using elbow strap setup),1,10.0,12.0,,,,2.0,2.0,2.0,2-1,,Tempo 2-2-2; RIR 2-1,6,2026-05-10T15:22:23.276Z,"=IFERROR(INDEX(tbl_Lookup_Exercises[Category],MATCH(tbl_Exercises[[#This Row],[ExerciseName]],tbl_Lookup_Exercises[ExerciseName],0)),""Unknown"")"
E-20260510-1566,S-20260510-01,Cable Lateral Raise (using elbow strap setup),2,10.0,15.0,,,,2.0,2.0,2.0,2-1,,Tempo 2-2-2; RIR 2-1,6,2026-05-10T15:26:10.249Z,"=IFERROR(INDEX(tbl_Lookup_Exercises[Category],MATCH(tbl_Exercises[[#This Row],[ExerciseName]],tbl_Lookup_Exercises[ExerciseName],0)),""Unknown"")"
E-20260510-1567,S-20260510-01,Cable Lateral Raise (using elbow strap setup),3,12.5,15.0,,,,2.0,2.0,2.0,2-1,,Tempo 2-2-2; RIR 2-1,6,2026-05-10T15:29:08.261Z,"=IFERROR(INDEX(tbl_Lookup_Exercises[Category],MATCH(tbl_Exercises[[#This Row],[ExerciseName]],tbl_Lookup_Exercises[ExerciseName],0)),""Unknown"")"
E-20260510-1568,S-20260510-01,Single Arm Cable Extensions,1,20.0,15.0,,,,3.0,1.0,3.0,2+,,Tempo 3-1-3; RIR 2+,6,2026-05-10T15:32:13.672Z,"=IFERROR(INDEX(tbl_Lookup_Exercises[Category],MATCH(tbl_Exercises[[#This Row],[ExerciseName]],tbl_Lookup_Exercises[ExerciseName],0)),""Unknown"")"
E-20260510-1569,S-20260510-01,Single Arm Cable Extensions,2,25.0,12.0,,,,3.0,1.0,3.0,2-1,,Tempo 3-1-3; RIR 2-1,6,2026-05-10T15:35:36.147Z,"=IFERROR(INDEX(tbl_Lookup_Exercises[Category],MATCH(tbl_Exercises[[#This Row],[ExerciseName]],tbl_Lookup_Exercises[ExerciseName],0)),""Unknown"")"
E-20260510-1570,S-20260510-01,Single Arm Cable Extensions,3,25.0,9.0,,,,3.0,1.0,3.0,1-0,,Tempo 3-1-3; RIR 1-0,6,2026-05-10T15:38:51.861Z,"=IFERROR(INDEX(tbl_Lookup_Exercises[Category],MATCH(tbl_Exercises[[#This Row],[ExerciseName]],tbl_Lookup_Exercises[ExerciseName],0)),""Unknown"")"
E-20260510-1571,S-20260510-01,Inverted KB Hold,1,30.0,,20.0,,,,,,,,Held for as long as it took for me to perform 20 scap extensions with inverted kb,6,2026-05-10T15:43:28.665Z,"=IFERROR(INDEX(tbl_Lookup_Exercises[Category],MATCH(tbl_Exercises[[#This Row],[ExerciseName]],tbl_Lookup_Exercises[ExerciseName],0)),""Unknown"")"
E-20260510-1572,S-20260510-01,Vertical DB Scap extension,1,50.0,20.0,,,,,,,,,Scap extension hold as long as it takes to perform 20 ext,6,2026-05-10T15:48:47.776Z,"=IFERROR(INDEX(tbl_Lookup_Exercises[Category],MATCH(tbl_Exercises[[#This Row],[ExerciseName]],tbl_Lookup_Exercises[ExerciseName],0)),""Unknown"")"
E-20260511-1573,S-20260511-01,Suitcase Carries,1,75.0,,60.0,,,,,,,,"2.3mph, 1% incline",6,2026-05-11T15:00:08.899Z,"=IFERROR(INDEX(tbl_Lookup_Exercises[Category],MATCH(tbl_Exercises[[#This Row],[ExerciseName]],tbl_Lookup_Exercises[ExerciseName],0)),""Unknown"")"
E-20260511-1574,S-20260511-01,Suitcase Carries,2,75.0,,60.0,,,,,,,,"2.3mph, 1% incline",6,2026-05-11T15:03:00.318Z,"=IFERROR(INDEX(tbl_Lookup_Exercises[Category],MATCH(tbl_Exercises[[#This Row],[ExerciseName]],tbl_Lookup_Exercises[ExerciseName],0)),""Unknown"")"
E-20260511-1575,S-20260511-01,Suitcase Carries,3,75.0,,60.0,,,,,,,,"2.3mph, 1% incline",6,2026-05-11T15:06:13.980Z,"=IFERROR(INDEX(tbl_Lookup_Exercises[Category],MATCH(tbl_Exercises[[#This Row],[ExerciseName]],tbl_Lookup_Exercises[ExerciseName],0)),""Unknown"")"
E-20260511-1576,S-20260511-01,Suitcase Carries,4,75.0,,60.0,,,,,,,,"2.3mph, 1% incline",6,2026-05-11T15:09:38.142Z,"=IFERROR(INDEX(tbl_Lookup_Exercises[Category],MATCH(tbl_Exercises[[#This Row],[ExerciseName]],tbl_Lookup_Exercises[ExerciseName],0)),""Unknown"")"
E-20260511-1577,S-20260511-01,Half-Kneeling Single Arm Cable Row,1,40.0,12.0,,,,2.0,2.0,2.0,2+,,Tempo 2-2-2; RIR 2+,6,2026-05-11T15:13:57.354Z,"=IFERROR(INDEX(tbl_Lookup_Exercises[Category],MATCH(tbl_Exercises[[#This Row],[ExerciseName]],tbl_Lookup_Exercises[ExerciseName],0)),""Unknown"")"
E-20260511-1578,S-20260511-01,Half-Kneeling Single Arm Cable Row,2,50.0,10.0,,,,2.0,,2.0,2+,,Tempo 2-1(squeeze)-2; RIR 2+,6,2026-05-11T15:17:14.562Z,"=IFERROR(INDEX(tbl_Lookup_Exercises[Category],MATCH(tbl_Exercises[[#This Row],[ExerciseName]],tbl_Lookup_Exercises[ExerciseName],0)),""Unknown"")"
E-20260511-1579,S-20260511-01,Half-Kneeling Single Arm Cable Row,3,55.0,10.0,,,,2.0,,2.0,2+,,Tempo 2-1(squeeze)-2; RIR 2+,6,2026-05-11T15:19:59.730Z,"=IFERROR(INDEX(tbl_Lookup_Exercises[Category],MATCH(tbl_Exercises[[#This Row],[ExerciseName]],tbl_Lookup_Exercises[ExerciseName],0)),""Unknown"")"
E-20260511-1580,S-20260511-01,Half-Kneeling Single Arm Cable Row,4,60.0,10.0,,,,2.0,,2.0,1,,Tempo 2-1(squeeze)-2; RIR 1,6,2026-05-11T15:23:10.161Z,"=IFERROR(INDEX(tbl_Lookup_Exercises[Category],MATCH(tbl_Exercises[[#This Row],[ExerciseName]],tbl_Lookup_Exercises[ExerciseName],0)),""Unknown"")"
E-20260511-1581,S-20260511-01,Face Pull (w External Rotation),1,10.0,15.0,,,,2.0,2.0,2.0,2+,,Tempo 2-2-2; RIR 2+,6,2026-05-11T15:24:48.286Z,"=IFERROR(INDEX(tbl_Lookup_Exercises[Category],MATCH(tbl_Exercises[[#This Row],[ExerciseName]],tbl_Lookup_Exercises[ExerciseName],0)),""Unknown"")"
E-20260511-1582,S-20260511-01,Face Pull (w External Rotation),2,15.0,12.0,,,,2.0,2.0,2.0,2,,Tempo 2-2-2; RIR 2,6,2026-05-11T15:27:42.965Z,"=IFERROR(INDEX(tbl_Lookup_Exercises[Category],MATCH(tbl_Exercises[[#This Row],[ExerciseName]],tbl_Lookup_Exercises[ExerciseName],0)),""Unknown"")"
E-20260511-1583,S-20260511-01,Face Pull (w External Rotation),3,15.0,15.0,,,,2.0,2.0,2.0,2,,Tempo 2-2-2; RIR 2; didn’t love the external rotation. Felt weird. Shortened ROMto help. There was tightness in right cap,6,2026-05-11T15:29:59.439Z,"=IFERROR(INDEX(tbl_Lookup_Exercises[Category],MATCH(tbl_Exercises[[#This Row],[ExerciseName]],tbl_Lookup_Exercises[ExerciseName],0)),""Unknown"")"
E-20260511-1584,S-20260511-01,Standing One Arm Extended Cable Curls,1,20.0,12.0,,,,2.0,1.0,3.0,2,,Tempo 2-1-3; RIR 2,6,2026-05-11T15:33:44.559Z,"=IFERROR(INDEX(tbl_Lookup_Exercises[Category],MATCH(tbl_Exercises[[#This Row],[ExerciseName]],tbl_Lookup_Exercises[ExerciseName],0)),""Unknown"")"
E-20260511-1585,S-20260511-01,Standing One Arm Extended Cable Curls,2,20.0,12.0,,,,2.0,1.0,3.0,2-1,,Tempo 2-1-3; RIR 2-1,6,2026-05-11T15:36:50.339Z,"=IFERROR(INDEX(tbl_Lookup_Exercises[Category],MATCH(tbl_Exercises[[#This Row],[ExerciseName]],tbl_Lookup_Exercises[ExerciseName],0)),""Unknown"")"
E-20260511-1586,S-20260511-01,Standing One Arm Extended Cable Curls,3,22.5,11.0,,,,2.0,1.0,3.0,1,,Tempo 2-1-3; RIR 1,6,2026-05-11T15:40:26.350Z,"=IFERROR(INDEX(tbl_Lookup_Exercises[Category],MATCH(tbl_Exercises[[#This Row],[ExerciseName]],tbl_Lookup_Exercises[ExerciseName],0)),""Unknown"")"
E-20260511-1587,S-20260511-01,Rowing,1,,,600.0,2.62,km,,,,,,Cool down,6,2026-05-11T15:55:26.042Z,"=IFERROR(INDEX(tbl_Lookup_Exercises[Category],MATCH(tbl_Exercises[[#This Row],[ExerciseName]],tbl_Lookup_Exercises[ExerciseName],0)),""Unknown"")"
E-20260513-1588,S-20260513-01,DB Spider Curl (Hammer),1,60.0,15.0,,,,,1.0,3.0,2+,,30# per hand; huge focus on tempo. Tempo was 2-1-3 with a strong squeeze. RIR 2+,6,2026-05-13T21:33:32.451Z,"=IFERROR(INDEX(tbl_Lookup_Exercises[Category],MATCH(tbl_Exercises[[#This Row],[ExerciseName]],tbl_Lookup_Exercises[ExerciseName],0)),""Unknown"")"
E-20260513-1589,S-20260513-01,DB Spider Curl (Hammer),2,60.0,15.0,,,,,1.0,3.0,2,,"30# per hand; huge focus on tempo. Tempo was 2-1-3 STRICT (2 sec up, squeeze for a count, 3 sec eccentric) with a strong squeeze. RIR 2",6,2026-05-13T21:36:39.198Z,"=IFERROR(INDEX(tbl_Lookup_Exercises[Category],MATCH(tbl_Exercises[[#This Row],[ExerciseName]],tbl_Lookup_Exercises[ExerciseName],0)),""Unknown"")"
E-20260513-1590,S-20260513-01,DB Spider Curl (Hammer),3,60.0,15.0,,,,,,,1,,Same tempo; RIR 1; great pump with this lower weight but strict tempo enforcement ,6,2026-05-13T21:39:57.549Z,"=IFERROR(INDEX(tbl_Lookup_Exercises[Category],MATCH(tbl_Exercises[[#This Row],[ExerciseName]],tbl_Lookup_Exercises[ExerciseName],0)),""Unknown"")"
E-20260513-1591,S-20260513-01,Kneeling Single Arm Rope Cable Extension,1,20.0,15.0,,,,3.0,1.0,3.0,2+,,Strict tempo 3-1-3; RIR 2+; plate reads 40 but feels like 20#,6,2026-05-13T21:45:38.681Z,"=IFERROR(INDEX(tbl_Lookup_Exercises[Category],MATCH(tbl_Exercises[[#This Row],[ExerciseName]],tbl_Lookup_Exercises[ExerciseName],0)),""Unknown"")"
E-20260513-1592,S-20260513-01,Kneeling Single Arm Rope Cable Extension,2,22.5,14.0,,,,3.0,1.0,3.0,2-1,,Strict tempo 3-1-3; RIR 2-1; plate reads 45 but feels like 22.5#,6,2026-05-13T21:49:40.346Z,"=IFERROR(INDEX(tbl_Lookup_Exercises[Category],MATCH(tbl_Exercises[[#This Row],[ExerciseName]],tbl_Lookup_Exercises[ExerciseName],0)),""Unknown"")"
E-20260513-1593,S-20260513-01,Kneeling Single Arm Rope Cable Extension,3,22.5,13.0,,,,3.0,1.0,3.0,1,,Strict tempo 3-1-3; RIR 1; plate reads 45 but feels like 22.5#,6,2026-05-13T21:53:44.445Z,"=IFERROR(INDEX(tbl_Lookup_Exercises[Category],MATCH(tbl_Exercises[[#This Row],[ExerciseName]],tbl_Lookup_Exercises[ExerciseName],0)),""Unknown"")"
E-20260513-1594,S-20260513-01,Standing Single Arm Cable Curl,1,22.5,10.0,,,,2.0,1.0,2.0,2,2026-05-13T21:58:49.631Z,Strict tempo 2-1-2; RIR 2; plate reads 45 but feels like 22.5,6,2026-05-13T21:58:54.452Z,"=IFERROR(INDEX(tbl_Lookup_Exercises[Category],MATCH(tbl_Exercises[[#This Row],[ExerciseName]],tbl_Lookup_Exercises[ExerciseName],0)),""Unknown"")"
E-20260513-1595,S-20260513-01,Single Arm Cable Extensions,1,20.0,10.0,,,,2.0,1.0,2.0,2,2026-05-13T21:58:49.631Z,Strict tempo 2-1-2; RIR 2,6,2026-05-13T21:59:10.286Z,"=IFERROR(INDEX(tbl_Lookup_Exercises[Category],MATCH(tbl_Exercises[[#This Row],[ExerciseName]],tbl_Lookup_Exercises[ExerciseName],0)),""Unknown"")"
E-20260513-1596,S-20260513-01,Standing Single Arm Cable Curl,2,25.0,10.0,,,,2.0,1.0,2.0,2-1,2026-05-13T22:03:05.298Z,Strict tempo 2-1-2; RIR 2-1; plate reads 50 but feels like 25,6,2026-05-13T22:03:26.783Z,"=IFERROR(INDEX(tbl_Lookup_Exercises[Category],MATCH(tbl_Exercises[[#This Row],[ExerciseName]],tbl_Lookup_Exercises[ExerciseName],0)),""Unknown"")"
E-20260513-1597,S-20260513-01,Single Arm Cable Extensions,2,25.0,10.0,,,,2.0,1.0,2.0,2,2026-05-13T22:03:05.298Z,Strict tempo 2-1-2; RIR 2,6,2026-05-13T22:03:32.053Z,"=IFERROR(INDEX(tbl_Lookup_Exercises[Category],MATCH(tbl_Exercises[[#This Row],[ExerciseName]],tbl_Lookup_Exercises[ExerciseName],0)),""Unknown"")"
E-20260513-1598,S-20260513-01,Standing Single Arm Cable Curl,3,27.5,10.0,,,,2.0,1.0,2.0,1,2026-05-13T22:08:45.021Z,Strict tempo 2-1-2; RIR 1; plate reads 55 but feels like 27.5,6,2026-05-13T22:08:46.377Z,"=IFERROR(INDEX(tbl_Lookup_Exercises[Category],MATCH(tbl_Exercises[[#This Row],[ExerciseName]],tbl_Lookup_Exercises[ExerciseName],0)),""Unknown"")"
E-20260513-1599,S-20260513-01,Single Arm Cable Extensions,3,27.5,11.0,,,,2.0,1.0,2.0,2-1,2026-05-13T22:08:45.021Z,Strict tempo 2-1-2; RIR 2-1,6,2026-05-13T22:09:00.038Z,"=IFERROR(INDEX(tbl_Lookup_Exercises[Category],MATCH(tbl_Exercises[[#This Row],[ExerciseName]],tbl_Lookup_Exercises[ExerciseName],0)),""Unknown"")"
E-20260513-1600,S-20260513-01,Farmer’s Hold,1,150.0,,75.0,,,,,,,,,6,2026-05-13T22:12:42.589Z,"=IFERROR(INDEX(tbl_Lookup_Exercises[Category],MATCH(tbl_Exercises[[#This Row],[ExerciseName]],tbl_Lookup_Exercises[ExerciseName],0)),""Unknown"")"
E-20260513-1601,S-20260513-01,Farmer’s Hold,2,150.0,,60.0,,,,,,,,,6,2026-05-13T22:14:28.340Z,"=IFERROR(INDEX(tbl_Lookup_Exercises[Category],MATCH(tbl_Exercises[[#This Row],[ExerciseName]],tbl_Lookup_Exercises[ExerciseName],0)),""Unknown"")"
E-20260513-1602,S-20260513-01,Farmer’s Hold,3,150.0,,46.800000000000004,,,,,,,,47/60=0.783,6,2026-05-13T22:17:11.053Z,"=IFERROR(INDEX(tbl_Lookup_Exercises[Category],MATCH(tbl_Exercises[[#This Row],[ExerciseName]],tbl_Lookup_Exercises[ExerciseName],0)),""Unknown"")"
E-20260513-1603,S-20260513-01,Treadmill Walking,1,,,45.0,0.16,km,,,,,,12% incline; 4mph; 45 sec walk then 45 sec rest x 6 sets,6,2026-05-13T22:40:36.823Z,"=IFERROR(INDEX(tbl_Lookup_Exercises[Category],MATCH(tbl_Exercises[[#This Row],[ExerciseName]],tbl_Lookup_Exercises[ExerciseName],0)),""Unknown"")"
E-20260513-1604,S-20260513-01,Treadmill Walking,2,,,45.0,0.16,km,,,,,,12% incline; 4mph; 45 sec walk then 45 sec rest x 6 sets,6,2026-05-13T22:40:38.151Z,"=IFERROR(INDEX(tbl_Lookup_Exercises[Category],MATCH(tbl_Exercises[[#This Row],[ExerciseName]],tbl_Lookup_Exercises[ExerciseName],0)),""Unknown"")"
E-20260513-1605,S-20260513-01,Treadmill Walking,3,,,45.0,0.16,km,,,,,,12% incline; 4mph; 45 sec walk then 45 sec rest x 6 sets,6,2026-05-13T22:40:38.981Z,"=IFERROR(INDEX(tbl_Lookup_Exercises[Category],MATCH(tbl_Exercises[[#This Row],[ExerciseName]],tbl_Lookup_Exercises[ExerciseName],0)),""Unknown"")"
E-20260513-1606,S-20260513-01,Treadmill Walking,4,,,45.0,0.16,km,,,,,,12% incline; 4mph; 45 sec walk then 45 sec rest x 6 sets,6,2026-05-13T22:40:39.755Z,"=IFERROR(INDEX(tbl_Lookup_Exercises[Category],MATCH(tbl_Exercises[[#This Row],[ExerciseName]],tbl_Lookup_Exercises[ExerciseName],0)),""Unknown"")"
E-20260513-1607,S-20260513-01,Treadmill Walking,5,,,45.0,0.16,km,,,,,,12% incline; 4mph; 45 sec walk then 45 sec rest x 6 sets,6,2026-05-13T22:40:40.437Z,"=IFERROR(INDEX(tbl_Lookup_Exercises[Category],MATCH(tbl_Exercises[[#This Row],[ExerciseName]],tbl_Lookup_Exercises[ExerciseName],0)),""Unknown"")"
E-20260513-1608,S-20260513-01,Treadmill Walking,6,,,45.0,0.16,km,,,,,,12% incline; 4mph; 45 sec walk then 45 sec rest x 6 sets,6,2026-05-13T22:40:41.144Z,"=IFERROR(INDEX(tbl_Lookup_Exercises[Category],MATCH(tbl_Exercises[[#This Row],[ExerciseName]],tbl_Lookup_Exercises[ExerciseName],0)),""Unknown"")"
E-20260518-1609,S-20260518-01,Treadmill Walking,1,,,360.0,0.47,km,,,,,,"Warmup, 5% incline, 3mph ",6,2026-05-18T17:16:53.076Z,"=IFERROR(INDEX(tbl_Lookup_Exercises[Category],MATCH(tbl_Exercises[[#This Row],[ExerciseName]],tbl_Lookup_Exercises[ExerciseName],0)),""Unknown"")"
E-20260518-1610,S-20260518-01,Serratus Wall Slides (banded),1,0.0,8.0,,,,,,,,,Red band,6,2026-05-18T17:23:43.862Z,"=IFERROR(INDEX(tbl_Lookup_Exercises[Category],MATCH(tbl_Exercises[[#This Row],[ExerciseName]],tbl_Lookup_Exercises[ExerciseName],0)),""Unknown"")"
E-20260518-1611,S-20260518-01,Serratus Wall Slides (banded),2,0.0,8.0,,,,,,,,,Red band,6,2026-05-18T17:23:44.600Z,"=IFERROR(INDEX(tbl_Lookup_Exercises[Category],MATCH(tbl_Exercises[[#This Row],[ExerciseName]],tbl_Lookup_Exercises[ExerciseName],0)),""Unknown"")"
E-20260518-1612,S-20260518-01,Band Pull Aparts,1,0.0,15.0,,,,,,,,,Red band,6,2026-05-18T17:24:01.948Z,"=IFERROR(INDEX(tbl_Lookup_Exercises[Category],MATCH(tbl_Exercises[[#This Row],[ExerciseName]],tbl_Lookup_Exercises[ExerciseName],0)),""Unknown"")"
E-20260518-1613,S-20260518-01,Band Pull Aparts,2,0.0,15.0,,,,,,,,,Red band,6,2026-05-18T17:24:02.451Z,"=IFERROR(INDEX(tbl_Lookup_Exercises[Category],MATCH(tbl_Exercises[[#This Row],[ExerciseName]],tbl_Lookup_Exercises[ExerciseName],0)),""Unknown"")"
E-20260518-1614,S-20260518-01,Dead Hang,1,0.0,,60.0,,,,,,,,20 sec,6,2026-05-18T17:24:08.725Z,"=IFERROR(INDEX(tbl_Lookup_Exercises[Category],MATCH(tbl_Exercises[[#This Row],[ExerciseName]],tbl_Lookup_Exercises[ExerciseName],0)),""Unknown"")"
E-20260518-1615,S-20260518-01,Dead Hang,2,0.0,,60.0,,,,,,,,20 sec,6,2026-05-18T17:24:13.060Z,"=IFERROR(INDEX(tbl_Lookup_Exercises[Category],MATCH(tbl_Exercises[[#This Row],[ExerciseName]],tbl_Lookup_Exercises[ExerciseName],0)),""Unknown"")"
E-20260518-1616,S-20260518-01,Farmer's Walk,1,150.0,,60.0,,,,,,,,"2 mph, 0 incline ",6,2026-05-18T17:26:30.650Z,"=IFERROR(INDEX(tbl_Lookup_Exercises[Category],MATCH(tbl_Exercises[[#This Row],[ExerciseName]],tbl_Lookup_Exercises[ExerciseName],0)),""Unknown"")"
E-20260518-1617,S-20260518-01,Farmer's Walk,2,150.0,,60.0,,,,,,,,"2 mph, 0 incline ",6,2026-05-18T17:28:52.352Z,"=IFERROR(INDEX(tbl_Lookup_Exercises[Category],MATCH(tbl_Exercises[[#This Row],[ExerciseName]],tbl_Lookup_Exercises[ExerciseName],0)),""Unknown"")"
E-20260518-1618,S-20260518-01,Farmer's Walk,3,150.0,,51.0,,,,,,,,"2 mph, 0 incline 51/60=0.85",6,2026-05-18T17:31:28.020Z,"=IFERROR(INDEX(tbl_Lookup_Exercises[Category],MATCH(tbl_Exercises[[#This Row],[ExerciseName]],tbl_Lookup_Exercises[ExerciseName],0)),""Unknown"")"
E-20260518-1619,S-20260518-01,Farmer's Walk,4,150.0,,46.800000000000004,,,,,,,,"2 mph, 0 incline 47/60=0.783",6,2026-05-18T17:33:54.359Z,"=IFERROR(INDEX(tbl_Lookup_Exercises[Category],MATCH(tbl_Exercises[[#This Row],[ExerciseName]],tbl_Lookup_Exercises[ExerciseName],0)),""Unknown"")"
E-20260518-1620,S-20260518-01,Farmer's Walk,5,150.0,,46.800000000000004,,,,,,,,"2 mph, 0 incline 47/60=0.783",6,2026-05-18T17:36:16.738Z,"=IFERROR(INDEX(tbl_Lookup_Exercises[Category],MATCH(tbl_Exercises[[#This Row],[ExerciseName]],tbl_Lookup_Exercises[ExerciseName],0)),""Unknown"")"
E-20260518-1621,S-20260518-01,Machine Row,1,185.0,8.0,,,,2.0,1.0,2.0,2-1,,Tempo 2-1-2; RIR 2-1; grip pretty fatigued from Farmers,6,2026-05-18T17:40:03.481Z,"=IFERROR(INDEX(tbl_Lookup_Exercises[Category],MATCH(tbl_Exercises[[#This Row],[ExerciseName]],tbl_Lookup_Exercises[ExerciseName],0)),""Unknown"")"
E-20260518-1622,S-20260518-01,Machine Row,2,190.0,8.0,,,,2.0,1.0,2.0,2-1,,Tempo 2-1-2; RIR 2-1; used paper towel to help with slippery grips on machine,6,2026-05-18T17:42:34.338Z,"=IFERROR(INDEX(tbl_Lookup_Exercises[Category],MATCH(tbl_Exercises[[#This Row],[ExerciseName]],tbl_Lookup_Exercises[ExerciseName],0)),""Unknown"")"
E-20260518-1623,S-20260518-01,Machine Row,3,195.0,6.0,,,,2.0,1.0,2.0,1,,Tempo 2-1-2; RIR 1; used paper towel to help with slippery grips on machine,6,2026-05-18T17:44:50.542Z,"=IFERROR(INDEX(tbl_Lookup_Exercises[Category],MATCH(tbl_Exercises[[#This Row],[ExerciseName]],tbl_Lookup_Exercises[ExerciseName],0)),""Unknown"")"
E-20260518-1624,S-20260518-01,Machine Row,4,195.0,6.0,,,,2.0,1.0,2.0,1,,Tempo 2-1-2; RIR 1; used paper towel to help with slippery grips on machine,6,2026-05-18T17:46:41.405Z,"=IFERROR(INDEX(tbl_Lookup_Exercises[Category],MATCH(tbl_Exercises[[#This Row],[ExerciseName]],tbl_Lookup_Exercises[ExerciseName],0)),""Unknown"")"
E-20260518-1625,S-20260518-01,Body Row,1,0.0,8.0,,,,1.0,2.0,1.0,1,,Elevated feet; tempo 1-2-1; RIR 1,6,2026-05-18T17:49:01.107Z,"=IFERROR(INDEX(tbl_Lookup_Exercises[Category],MATCH(tbl_Exercises[[#This Row],[ExerciseName]],tbl_Lookup_Exercises[ExerciseName],0)),""Unknown"")"
E-20260518-1626,S-20260518-01,Body Row,2,0.0,8.0,,,,1.0,2.0,1.0,1,,Elevated feet; tempo 1-2-1; RIR 1,6,2026-05-18T17:51:05.540Z,"=IFERROR(INDEX(tbl_Lookup_Exercises[Category],MATCH(tbl_Exercises[[#This Row],[ExerciseName]],tbl_Lookup_Exercises[ExerciseName],0)),""Unknown"")"
E-20260518-1627,S-20260518-01,Body Row,3,0.0,8.0,,,,1.0,2.0,1.0,1,,Elevated feet; tempo 1-2-1; RIR 1,6,2026-05-18T17:54:09.788Z,"=IFERROR(INDEX(tbl_Lookup_Exercises[Category],MATCH(tbl_Exercises[[#This Row],[ExerciseName]],tbl_Lookup_Exercises[ExerciseName],0)),""Unknown"")"
E-20260518-1628,S-20260518-01,Anchored Single Arm Dumbbell Curl,1,35.0,8.0,,,,2.0,1.0,2.0,1-2,,Tempo 2-1-2; RIR 1-2; started with left. Left was weaker,6,2026-05-18T17:56:24.919Z,"=IFERROR(INDEX(tbl_Lookup_Exercises[Category],MATCH(tbl_Exercises[[#This Row],[ExerciseName]],tbl_Lookup_Exercises[ExerciseName],0)),""Unknown"")"
E-20260518-1629,S-20260518-01,Anchored Single Arm Dumbbell Curl,2,35.0,8.0,,,,2.0,1.0,2.0,1-2,,Tempo 2-1-2; RIR 1-2; started with left. Left was weaker,6,2026-05-18T17:58:47.594Z,"=IFERROR(INDEX(tbl_Lookup_Exercises[Category],MATCH(tbl_Exercises[[#This Row],[ExerciseName]],tbl_Lookup_Exercises[ExerciseName],0)),""Unknown"")"
E-20260518-1630,S-20260518-01,Rowing,1,,,480.0,2.0,km,,,,,,Damper at 1. 28 spm 207 strokes. ,6,2026-05-18T18:15:47.363Z,"=IFERROR(INDEX(tbl_Lookup_Exercises[Category],MATCH(tbl_Exercises[[#This Row],[ExerciseName]],tbl_Lookup_Exercises[ExerciseName],0)),""Unknown"")"
E-20260518-1631,S-20260518-01,Anchored Single Arm Dumbbell Curl,3,35.0,7.0,,,,2.0,1.0,2.0,1,,Tempo 2-1-2; RIR 1,6,2026-05-18T19:17:40.445Z,"=IFERROR(INDEX(tbl_Lookup_Exercises[Category],MATCH(tbl_Exercises[[#This Row],[ExerciseName]],tbl_Lookup_Exercises[ExerciseName],0)),""Unknown"")"
E-20260519-1632,S-20260519-01,Treadmill Walking,1,,,360.0,0.48,km,,,,,,.3 miles =0.483 kilometers,6,2026-05-19T20:50:05.350Z,"=IFERROR(INDEX(tbl_Lookup_Exercises[Category],MATCH(tbl_Exercises[[#This Row],[ExerciseName]],tbl_Lookup_Exercises[ExerciseName],0)),""Unknown"")"
E-20260519-1633,S-20260519-01,Serratus Wall Slides (banded),1,0.0,8.0,,,,,,,,,Red band,6,2026-05-19T20:57:30.449Z,"=IFERROR(INDEX(tbl_Lookup_Exercises[Category],MATCH(tbl_Exercises[[#This Row],[ExerciseName]],tbl_Lookup_Exercises[ExerciseName],0)),""Unknown"")"
E-20260519-1634,S-20260519-01,Serratus Wall Slides (banded),2,0.0,8.0,,,,,,,,,Red band,6,2026-05-19T20:57:31.371Z,"=IFERROR(INDEX(tbl_Lookup_Exercises[Category],MATCH(tbl_Exercises[[#This Row],[ExerciseName]],tbl_Lookup_Exercises[ExerciseName],0)),""Unknown"")"
E-20260519-1635,S-20260519-01,Band Pull Aparts,1,0.0,15.0,,,,,,,,,,6,2026-05-19T20:57:34.013Z,"=IFERROR(INDEX(tbl_Lookup_Exercises[Category],MATCH(tbl_Exercises[[#This Row],[ExerciseName]],tbl_Lookup_Exercises[ExerciseName],0)),""Unknown"")"
E-20260519-1636,S-20260519-01,Band Pull Aparts,2,0.0,15.0,,,,,,,,,Red,6,2026-05-19T20:57:38.380Z,"=IFERROR(INDEX(tbl_Lookup_Exercises[Category],MATCH(tbl_Exercises[[#This Row],[ExerciseName]],tbl_Lookup_Exercises[ExerciseName],0)),""Unknown"")"
E-20260519-1637,S-20260519-01,Band External Rotations,1,0.0,8.0,,,,,,,,,Red,6,2026-05-19T20:57:43.533Z,"=IFERROR(INDEX(tbl_Lookup_Exercises[Category],MATCH(tbl_Exercises[[#This Row],[ExerciseName]],tbl_Lookup_Exercises[ExerciseName],0)),""Unknown"")"
E-20260519-1638,S-20260519-01,Band External Rotations,2,0.0,8.0,,,,,,,,,Red,6,2026-05-19T20:57:44.225Z,"=IFERROR(INDEX(tbl_Lookup_Exercises[Category],MATCH(tbl_Exercises[[#This Row],[ExerciseName]],tbl_Lookup_Exercises[ExerciseName],0)),""Unknown"")"
E-20260519-1639,S-20260519-01,Neutral Grip Dumbbell Floor Press,1,120.0,8.0,,,,2.0,1.0,,2,,Tempo 2-1-x-1; RIR 2,6,2026-05-19T21:00:44.625Z,"=IFERROR(INDEX(tbl_Lookup_Exercises[Category],MATCH(tbl_Exercises[[#This Row],[ExerciseName]],tbl_Lookup_Exercises[ExerciseName],0)),""Unknown"")"
E-20260519-1640,S-20260519-01,Neutral Grip Dumbbell Floor Press,2,130.0,8.0,,,,2.0,1.0,,2,,Tempo 2-1-x-1; RIR 2,6,2026-05-19T21:02:49.745Z,"=IFERROR(INDEX(tbl_Lookup_Exercises[Category],MATCH(tbl_Exercises[[#This Row],[ExerciseName]],tbl_Lookup_Exercises[ExerciseName],0)),""Unknown"")"
E-20260519-1641,S-20260519-01,Neutral Grip Dumbbell Floor Press,3,140.0,7.0,,,,2.0,1.0,,1,,Tempo 2-1-x-1; RIR 1,6,2026-05-19T21:06:18.668Z,"=IFERROR(INDEX(tbl_Lookup_Exercises[Category],MATCH(tbl_Exercises[[#This Row],[ExerciseName]],tbl_Lookup_Exercises[ExerciseName],0)),""Unknown"")"
E-20260519-1642,S-20260519-01,Neutral Grip Dumbbell Floor Press,4,140.0,6.0,,,,2.0,1.0,,1,,Tempo 2-1-x-1; RIR 1,6,2026-05-19T21:09:49.662Z,"=IFERROR(INDEX(tbl_Lookup_Exercises[Category],MATCH(tbl_Exercises[[#This Row],[ExerciseName]],tbl_Lookup_Exercises[ExerciseName],0)),""Unknown"")"
E-20260519-1643,S-20260519-01,Single Arm Cable Press (split stance),1,25.0,12.0,,,,2.0,1.0,,2+,,Half kneeling; tempo 2-1-x-1; RIR 2+,6,2026-05-19T21:13:57.093Z,"=IFERROR(INDEX(tbl_Lookup_Exercises[Category],MATCH(tbl_Exercises[[#This Row],[ExerciseName]],tbl_Lookup_Exercises[ExerciseName],0)),""Unknown"")"
E-20260519-1644,S-20260519-01,Single Arm Cable Press (split stance),2,30.0,12.0,,,,2.0,1.0,,2,,Half kneeling; tempo 2-1-x-1; RIR 2,6,2026-05-19T21:17:23.912Z,"=IFERROR(INDEX(tbl_Lookup_Exercises[Category],MATCH(tbl_Exercises[[#This Row],[ExerciseName]],tbl_Lookup_Exercises[ExerciseName],0)),""Unknown"")"
E-20260519-1645,S-20260519-01,Single Arm Cable Press (split stance),3,35.0,12.0,,,,2.0,1.0,,2-1,,Half kneeling; tempo 2-1-x-1; RIR 2-1,6,2026-05-19T21:20:51.400Z,"=IFERROR(INDEX(tbl_Lookup_Exercises[Category],MATCH(tbl_Exercises[[#This Row],[ExerciseName]],tbl_Lookup_Exercises[ExerciseName],0)),""Unknown"")"
E-20260519-1646,S-20260519-01,Cable Lateral Raise (using elbow strap setup),1,15.0,12.0,,,,1.0,1.0,1.0,1,,Tempo 1-1-1; RIR 1; 15 was too heavy for the tempo I want. Going to reduce weight to improve intent,6,2026-05-19T21:24:06.788Z,"=IFERROR(INDEX(tbl_Lookup_Exercises[Category],MATCH(tbl_Exercises[[#This Row],[ExerciseName]],tbl_Lookup_Exercises[ExerciseName],0)),""Unknown"")"
E-20260519-1647,S-20260519-01,Cable Lateral Raise (using elbow strap setup),2,10.0,15.0,,,,1.0,2.0,2.0,2-1,,Tempo 1-2-2; RIR 2-1,6,2026-05-19T21:28:18.251Z,"=IFERROR(INDEX(tbl_Lookup_Exercises[Category],MATCH(tbl_Exercises[[#This Row],[ExerciseName]],tbl_Lookup_Exercises[ExerciseName],0)),""Unknown"")"
E-20260519-1648,S-20260519-01,Cable Lateral Raise (using elbow strap setup),3,10.0,15.0,,,,1.0,2.0,2.0,2-1,,Tempo 1-2-2; RIR 2-1,6,2026-05-19T21:31:32.443Z,"=IFERROR(INDEX(tbl_Lookup_Exercises[Category],MATCH(tbl_Exercises[[#This Row],[ExerciseName]],tbl_Lookup_Exercises[ExerciseName],0)),""Unknown"")"
E-20260519-1649,S-20260519-01,Single Arm Cable Extensions,1,22.5,12.0,,,,3.0,1.0,3.0,2-1,,Tempo 3-1-3; RIR 2-1,6,2026-05-19T21:40:06.690Z,"=IFERROR(INDEX(tbl_Lookup_Exercises[Category],MATCH(tbl_Exercises[[#This Row],[ExerciseName]],tbl_Lookup_Exercises[ExerciseName],0)),""Unknown"")"
E-20260519-1650,S-20260519-01,Single Arm Cable Extensions,2,22.5,12.0,,,,3.0,1.0,3.0,2-1,,Tempo 3-1-3; RIR 2-1,6,2026-05-19T21:40:09.102Z,"=IFERROR(INDEX(tbl_Lookup_Exercises[Category],MATCH(tbl_Exercises[[#This Row],[ExerciseName]],tbl_Lookup_Exercises[ExerciseName],0)),""Unknown"")"
E-20260519-1651,S-20260519-01,Single Arm Cable Extensions,3,22.5,12.0,,,,3.0,1.0,3.0,2-1,,Tempo 3-1-3; RIR 2-1,6,2026-05-19T21:44:45.674Z,"=IFERROR(INDEX(tbl_Lookup_Exercises[Category],MATCH(tbl_Exercises[[#This Row],[ExerciseName]],tbl_Lookup_Exercises[ExerciseName],0)),""Unknown"")"
E-20260519-1652,S-20260519-01,Inverted KB Hold,1,20.0,,20.0,,,,,,,,,6,2026-05-19T21:48:32.426Z,"=IFERROR(INDEX(tbl_Lookup_Exercises[Category],MATCH(tbl_Exercises[[#This Row],[ExerciseName]],tbl_Lookup_Exercises[ExerciseName],0)),""Unknown"")"
E-20260519-1653,S-20260519-01,Vertical DB Scap extension,1,45.0,10.0,,,,,,,,,Vertical plate,6,2026-05-19T21:50:48.895Z,"=IFERROR(INDEX(tbl_Lookup_Exercises[Category],MATCH(tbl_Exercises[[#This Row],[ExerciseName]],tbl_Lookup_Exercises[ExerciseName],0)),""Unknown"")"
E-20260519-1654,S-20260519-01,Vertical DB Scap extension,2,50.0,13.0,,,,,,,,,Vertical db,6,2026-05-19T21:57:39.104Z,"=IFERROR(INDEX(tbl_Lookup_Exercises[Category],MATCH(tbl_Exercises[[#This Row],[ExerciseName]],tbl_Lookup_Exercises[ExerciseName],0)),""Unknown"")"
E-20260519-1655,S-20260519-01,Vertical DB Scap extension,3,25.0,10.0,,,,,,,,,Vertical db full slow press w vertical plate ,6,2026-05-19T21:58:05.725Z,"=IFERROR(INDEX(tbl_Lookup_Exercises[Category],MATCH(tbl_Exercises[[#This Row],[ExerciseName]],tbl_Lookup_Exercises[ExerciseName],0)),""Unknown"")"
E-20260520-1656,S-20260520-01,Treadmill Walking,1,,,300.0,0.55,km,,,,,,"Warmup .5mph, 0 incline .34 miles =0.547 kilometers",6,2026-05-20T15:48:19.691Z,"=IFERROR(INDEX(tbl_Lookup_Exercises[Category],MATCH(tbl_Exercises[[#This Row],[ExerciseName]],tbl_Lookup_Exercises[ExerciseName],0)),""Unknown"")"
E-20260520-1657,S-20260520-01,Suitcase Carries,1,75.0,,60.0,,,,,,,,"2 mph, 0 incline ",6,2026-05-20T15:51:21.491Z,"=IFERROR(INDEX(tbl_Lookup_Exercises[Category],MATCH(tbl_Exercises[[#This Row],[ExerciseName]],tbl_Lookup_Exercises[ExerciseName],0)),""Unknown"")"
E-20260520-1658,S-20260520-01,Suitcase Carries,2,75.0,,60.0,,,,,,,,"2 mph, 0 incline ",6,2026-05-20T15:54:20.408Z,"=IFERROR(INDEX(tbl_Lookup_Exercises[Category],MATCH(tbl_Exercises[[#This Row],[ExerciseName]],tbl_Lookup_Exercises[ExerciseName],0)),""Unknown"")"
E-20260520-1659,S-20260520-01,Suitcase Carries,3,75.0,,58.8,,,,,,,,"2 mph, 0 incline ",6,2026-05-20T15:57:40.481Z,"=IFERROR(INDEX(tbl_Lookup_Exercises[Category],MATCH(tbl_Exercises[[#This Row],[ExerciseName]],tbl_Lookup_Exercises[ExerciseName],0)),""Unknown"")"
E-20260520-1660,S-20260520-01,Suitcase Carries,4,75.0,,57.0,,,,,,,,"2 mph, 0 incline ",6,2026-05-20T16:00:48.398Z,"=IFERROR(INDEX(tbl_Lookup_Exercises[Category],MATCH(tbl_Exercises[[#This Row],[ExerciseName]],tbl_Lookup_Exercises[ExerciseName],0)),""Unknown"")"
E-20260520-1661,S-20260520-01,Half-Kneeling Single Arm Cable Row,1,50.0,12.0,,,,2.0,,2.0,2,,Tempo 2-1.5-2; RIR 2,6,2026-05-20T16:05:30.931Z,"=IFERROR(INDEX(tbl_Lookup_Exercises[Category],MATCH(tbl_Exercises[[#This Row],[ExerciseName]],tbl_Lookup_Exercises[ExerciseName],0)),""Unknown"")"
E-20260520-1662,S-20260520-01,Half-Kneeling Single Arm Cable Row,2,57.5,12.0,,,,2.0,,2.0,2-1,,Tempo 2-1.5-2; RIR 2-1,6,2026-05-20T16:08:25.917Z,"=IFERROR(INDEX(tbl_Lookup_Exercises[Category],MATCH(tbl_Exercises[[#This Row],[ExerciseName]],tbl_Lookup_Exercises[ExerciseName],0)),""Unknown"")"
E-20260520-1663,S-20260520-01,Half-Kneeling Single Arm Cable Row,3,65.0,10.0,,,,2.0,,2.0,2-1,,Tempo 2-1.5-2; RIR 2-1,6,2026-05-20T16:11:10.206Z,"=IFERROR(INDEX(tbl_Lookup_Exercises[Category],MATCH(tbl_Exercises[[#This Row],[ExerciseName]],tbl_Lookup_Exercises[ExerciseName],0)),""Unknown"")"
E-20260520-1664,S-20260520-01,Half-Kneeling Single Arm Cable Row,4,65.0,9.0,,,,2.0,,2.0,1,,Tempo 2-1.5-2; RIR 1,6,2026-05-20T16:13:55.030Z,"=IFERROR(INDEX(tbl_Lookup_Exercises[Category],MATCH(tbl_Exercises[[#This Row],[ExerciseName]],tbl_Lookup_Exercises[ExerciseName],0)),""Unknown"")"
E-20260520-1665,S-20260520-01,Face Pull (w External Rotation),1,10.0,15.0,,,,1.0,1.0,1.0,,,Warmup; tempo 1-1-1;,6,2026-05-20T16:16:19.975Z,"=IFERROR(INDEX(tbl_Lookup_Exercises[Category],MATCH(tbl_Exercises[[#This Row],[ExerciseName]],tbl_Lookup_Exercises[ExerciseName],0)),""Unknown"")"
E-20260520-1666,S-20260520-01,Face Pull (w External Rotation),2,20.0,15.0,,,,2.0,2.0,2.0,2,,Working set; tempo 2-2-2; RIR 2,6,2026-05-20T16:18:26.514Z,"=IFERROR(INDEX(tbl_Lookup_Exercises[Category],MATCH(tbl_Exercises[[#This Row],[ExerciseName]],tbl_Lookup_Exercises[ExerciseName],0)),""Unknown"")"
E-20260520-1667,S-20260520-01,Face Pull (w External Rotation),3,25.0,15.0,,,,2.0,2.0,2.0,2,,Working set; tempo 2-2-2; RIR 2,6,2026-05-20T16:20:14.654Z,"=IFERROR(INDEX(tbl_Lookup_Exercises[Category],MATCH(tbl_Exercises[[#This Row],[ExerciseName]],tbl_Lookup_Exercises[ExerciseName],0)),""Unknown"")"
E-20260520-1668,S-20260520-01,Face Pull (w External Rotation),4,30.0,15.0,,,,2.0,2.0,2.0,1,,Working set; tempo 2-2-2; RIR 1,6,2026-05-20T16:22:35.441Z,"=IFERROR(INDEX(tbl_Lookup_Exercises[Category],MATCH(tbl_Exercises[[#This Row],[ExerciseName]],tbl_Lookup_Exercises[ExerciseName],0)),""Unknown"")"
E-20260520-1669,S-20260520-01,Standing One Arm Extended Cable Curls,1,22.5,12.0,,,,2.0,1.0,3.0,2-1,,Tempo 2-1-3; RIR 2-1,6,2026-05-20T16:27:06.212Z,"=IFERROR(INDEX(tbl_Lookup_Exercises[Category],MATCH(tbl_Exercises[[#This Row],[ExerciseName]],tbl_Lookup_Exercises[ExerciseName],0)),""Unknown"")"
E-20260520-1670,S-20260520-01,Standing One Arm Extended Cable Curls,2,25.0,12.0,,,,2.0,1.0,3.0,1,,Tempo 2-1-3; RIR 1,6,2026-05-20T16:30:48.476Z,"=IFERROR(INDEX(tbl_Lookup_Exercises[Category],MATCH(tbl_Exercises[[#This Row],[ExerciseName]],tbl_Lookup_Exercises[ExerciseName],0)),""Unknown"")"
E-20260520-1671,S-20260520-01,Standing One Arm Extended Cable Curls,3,25.0,10.0,,,,2.0,1.0,3.0,1,,Tempo 2-1-3; RIR 1,6,2026-05-20T16:34:13.423Z,"=IFERROR(INDEX(tbl_Lookup_Exercises[Category],MATCH(tbl_Exercises[[#This Row],[ExerciseName]],tbl_Lookup_Exercises[ExerciseName],0)),""Unknown"")"
E-20260521-1672,S-20260521-01,DB Spider Curl (Hammer),1,60.0,15.0,,,,2.0,1.0,3.0,2+,,Tempo 2-1-3; RIR 2+,6,2026-05-21T18:29:06.910Z,"=IFERROR(INDEX(tbl_Lookup_Exercises[Category],MATCH(tbl_Exercises[[#This Row],[ExerciseName]],tbl_Lookup_Exercises[ExerciseName],0)),""Unknown"")"
E-20260521-1673,S-20260521-01,DB Spider Curl (Hammer),2,70.0,15.0,,,,2.0,1.0,3.0,2,,Tempo 2-1-3; RIR 2,6,2026-05-21T18:31:15.816Z,"=IFERROR(INDEX(tbl_Lookup_Exercises[Category],MATCH(tbl_Exercises[[#This Row],[ExerciseName]],tbl_Lookup_Exercises[ExerciseName],0)),""Unknown"")"
E-20260521-1674,S-20260521-01,DB Spider Curl (Hammer),3,70.0,15.0,,,,2.0,1.0,3.0,2,,Tempo 2-1-3; RIR 2,6,2026-05-21T18:34:48.752Z,"=IFERROR(INDEX(tbl_Lookup_Exercises[Category],MATCH(tbl_Exercises[[#This Row],[ExerciseName]],tbl_Lookup_Exercises[ExerciseName],0)),""Unknown"")"
E-20260521-1675,S-20260521-01,Kneeling Single Arm Rope Cable Extension,1,22.5,15.0,,,,3.0,1.0,3.0,2-1,,Tempo 3-1-3; RIR 2-1; right a rep or so ‘weaker’ but completed all reps,6,2026-05-21T18:39:46.153Z,"=IFERROR(INDEX(tbl_Lookup_Exercises[Category],MATCH(tbl_Exercises[[#This Row],[ExerciseName]],tbl_Lookup_Exercises[ExerciseName],0)),""Unknown"")"
E-20260521-1676,S-20260521-01,Kneeling Single Arm Rope Cable Extension,2,25.0,12.0,,,,3.0,1.0,3.0,1,,Tempo 3-1-3; RIR 1; right a rep or so ‘weaker’ but completed all reps,6,2026-05-21T18:43:22.162Z,"=IFERROR(INDEX(tbl_Lookup_Exercises[Category],MATCH(tbl_Exercises[[#This Row],[ExerciseName]],tbl_Lookup_Exercises[ExerciseName],0)),""Unknown"")"
E-20260521-1677,S-20260521-01,Kneeling Single Arm Rope Cable Extension,3,25.0,10.0,,,,3.0,1.0,3.0,1,,Tempo 3-1-3; RIR 1; right a rep or so ‘weaker’ but completed all reps,6,2026-05-21T18:46:45.884Z,"=IFERROR(INDEX(tbl_Lookup_Exercises[Category],MATCH(tbl_Exercises[[#This Row],[ExerciseName]],tbl_Lookup_Exercises[ExerciseName],0)),""Unknown"")"
E-20260521-1678,S-20260521-01,Standing Single Arm Cable Curl,1,25.0,10.0,,,,2.0,1.0,2.0,2,2026-05-21T18:51:33.015Z,Tempo 2-1-2; RIR 2,6,2026-05-21T18:51:33.780Z,"=IFERROR(INDEX(tbl_Lookup_Exercises[Category],MATCH(tbl_Exercises[[#This Row],[ExerciseName]],tbl_Lookup_Exercises[ExerciseName],0)),""Unknown"")"
E-20260521-1679,S-20260521-01,Single Arm Cable Extensions,1,25.0,10.0,,,,2.0,1.0,2.0,2,2026-05-21T18:51:33.015Z,Tempo 2-1-2; RIR 2; right a little ‘weaker’ but completed all reps. Definitely fatigued from single arm rope extension ,6,2026-05-21T18:52:14.410Z,"=IFERROR(INDEX(tbl_Lookup_Exercises[Category],MATCH(tbl_Exercises[[#This Row],[ExerciseName]],tbl_Lookup_Exercises[ExerciseName],0)),""Unknown"")"
E-20260521-1680,S-20260521-01,Standing Single Arm Cable Curl,2,27.5,10.0,,,,2.0,1.0,2.0,2-1,2026-05-21T18:57:01.164Z,Tempo 2-1-2; RIR 2-1,6,2026-05-21T18:57:02.287Z,"=IFERROR(INDEX(tbl_Lookup_Exercises[Category],MATCH(tbl_Exercises[[#This Row],[ExerciseName]],tbl_Lookup_Exercises[ExerciseName],0)),""Unknown"")"
E-20260521-1681,S-20260521-01,Single Arm Cable Extensions,2,27.5,9.0,,,,2.0,1.0,2.0,1,2026-05-21T18:57:01.164Z,Tempo 2-1-2; RIR 1; right a little ‘weaker’ but completed all reps. Definitely fatigued from single arm rope extension ,6,2026-05-21T18:57:14.953Z,"=IFERROR(INDEX(tbl_Lookup_Exercises[Category],MATCH(tbl_Exercises[[#This Row],[ExerciseName]],tbl_Lookup_Exercises[ExerciseName],0)),""Unknown"")"
E-20260521-1682,S-20260521-01,Standing Single Arm Cable Curl,3,30.0,9.0,,,,2.0,1.0,2.0,1,2026-05-21T19:01:54.470Z,Tempo 2-1-2; RIR 1,6,2026-05-21T19:01:56.190Z,"=IFERROR(INDEX(tbl_Lookup_Exercises[Category],MATCH(tbl_Exercises[[#This Row],[ExerciseName]],tbl_Lookup_Exercises[ExerciseName],0)),""Unknown"")"
E-20260521-1683,S-20260521-01,Single Arm Cable Extensions,3,30.0,8.0,,,,2.0,1.0,2.0,1,2026-05-21T19:01:54.470Z,Tempo 2-1-2; RIR 1; right a little ‘weaker’ but completed all reps. Definitely fatigued from single arm rope extension ,6,2026-05-21T19:02:02.984Z,"=IFERROR(INDEX(tbl_Lookup_Exercises[Category],MATCH(tbl_Exercises[[#This Row],[ExerciseName]],tbl_Lookup_Exercises[ExerciseName],0)),""Unknown"")"
E-20260521-1684,S-20260521-01,Farmer’s Hold,1,150.0,,75.0,,,,,,,,,6,2026-05-21T19:07:54.744Z,"=IFERROR(INDEX(tbl_Lookup_Exercises[Category],MATCH(tbl_Exercises[[#This Row],[ExerciseName]],tbl_Lookup_Exercises[ExerciseName],0)),""Unknown"")"
E-20260521-1685,S-20260521-01,Farmer’s Hold,2,150.0,,60.0,,,,,,,,,6,2026-05-21T19:07:58.993Z,"=IFERROR(INDEX(tbl_Lookup_Exercises[Category],MATCH(tbl_Exercises[[#This Row],[ExerciseName]],tbl_Lookup_Exercises[ExerciseName],0)),""Unknown"")"
E-20260521-1686,S-20260521-01,Farmer’s Hold,3,150.0,,55.2,,,,,,,,55/60=0.917,6,2026-05-21T19:10:55.795Z,"=IFERROR(INDEX(tbl_Lookup_Exercises[Category],MATCH(tbl_Exercises[[#This Row],[ExerciseName]],tbl_Lookup_Exercises[ExerciseName],0)),""Unknown"")"
E-20260521-1687,S-20260521-01,Treadmill Walking,1,,,45.0,0.15,km,,,,,,"12% incline, 4.2 mph; ",6,2026-05-21T19:15:57.708Z,"=IFERROR(INDEX(tbl_Lookup_Exercises[Category],MATCH(tbl_Exercises[[#This Row],[ExerciseName]],tbl_Lookup_Exercises[ExerciseName],0)),""Unknown"")"
E-20260521-1688,S-20260521-01,Treadmill Walking,2,,,45.0,0.15,km,,,,,,"12% incline, 4.2 mph; ",6,2026-05-21T19:15:58.868Z,"=IFERROR(INDEX(tbl_Lookup_Exercises[Category],MATCH(tbl_Exercises[[#This Row],[ExerciseName]],tbl_Lookup_Exercises[ExerciseName],0)),""Unknown"")"
E-20260521-1689,S-20260521-01,Treadmill Walking,3,,,45.0,0.15,km,,,,,,"12% incline, 4.2 mph; ",6,2026-05-21T19:16:00.055Z,"=IFERROR(INDEX(tbl_Lookup_Exercises[Category],MATCH(tbl_Exercises[[#This Row],[ExerciseName]],tbl_Lookup_Exercises[ExerciseName],0)),""Unknown"")"
E-20260521-1690,S-20260521-01,Treadmill Walking,4,,,45.0,0.15,km,,,,,,"12% incline, 4.2 mph; ",6,2026-05-21T19:17:23.220Z,"=IFERROR(INDEX(tbl_Lookup_Exercises[Category],MATCH(tbl_Exercises[[#This Row],[ExerciseName]],tbl_Lookup_Exercises[ExerciseName],0)),""Unknown"")"
E-20260521-1691,S-20260521-01,Treadmill Walking,5,,,45.0,0.15,km,,,,,,"12% incline, 4.2 mph; ",6,2026-05-21T19:18:54.088Z,"=IFERROR(INDEX(tbl_Lookup_Exercises[Category],MATCH(tbl_Exercises[[#This Row],[ExerciseName]],tbl_Lookup_Exercises[ExerciseName],0)),""Unknown"")"
E-20260521-1692,S-20260521-01,Treadmill Walking,6,,,45.0,0.15,km,,,,,,"12% incline, 4.2 mph; ",6,2026-05-21T19:20:45.455Z,"=IFERROR(INDEX(tbl_Lookup_Exercises[Category],MATCH(tbl_Exercises[[#This Row],[ExerciseName]],tbl_Lookup_Exercises[ExerciseName],0)),""Unknown"")"
E-20260523-1693,S-20260523-01,Treadmill Walking,1,,,360.0,0.5,km,,,,,,"Warmup, 5% incline, 3.2 mph ",6,2026-05-23T14:20:02.696Z,"=IFERROR(INDEX(tbl_Lookup_Exercises[Category],MATCH(tbl_Exercises[[#This Row],[ExerciseName]],tbl_Lookup_Exercises[ExerciseName],0)),""Unknown"")"
E-20260523-1694,S-20260523-01,Serratus Wall Slides (banded),1,0.0,8.0,,,,,,,,,Red,6,2026-05-23T14:21:44.631Z,"=IFERROR(INDEX(tbl_Lookup_Exercises[Category],MATCH(tbl_Exercises[[#This Row],[ExerciseName]],tbl_Lookup_Exercises[ExerciseName],0)),""Unknown"")"
E-20260523-1695,S-20260523-01,Band Pull Aparts,1,0.0,15.0,,,,,,,,,Red,6,2026-05-23T14:22:29.827Z,"=IFERROR(INDEX(tbl_Lookup_Exercises[Category],MATCH(tbl_Exercises[[#This Row],[ExerciseName]],tbl_Lookup_Exercises[ExerciseName],0)),""Unknown"")"
E-20260523-1696,S-20260523-01,Dead Hang,1,0.0,,60.0,,,,,,,,20 sec,6,2026-05-23T14:25:26.007Z,"=IFERROR(INDEX(tbl_Lookup_Exercises[Category],MATCH(tbl_Exercises[[#This Row],[ExerciseName]],tbl_Lookup_Exercises[ExerciseName],0)),""Unknown"")"
E-20260523-1697,S-20260523-01,Serratus Wall Slides (banded),2,0.0,8.0,,,,,,,,,Red,6,2026-05-23T14:25:29.804Z,"=IFERROR(INDEX(tbl_Lookup_Exercises[Category],MATCH(tbl_Exercises[[#This Row],[ExerciseName]],tbl_Lookup_Exercises[ExerciseName],0)),""Unknown"")"
E-20260523-1698,S-20260523-01,Band Pull Aparts,2,0.0,15.0,,,,,,,,,Red,6,2026-05-23T14:25:31.174Z,"=IFERROR(INDEX(tbl_Lookup_Exercises[Category],MATCH(tbl_Exercises[[#This Row],[ExerciseName]],tbl_Lookup_Exercises[ExerciseName],0)),""Unknown"")"
E-20260523-1699,S-20260523-01,Dead Hang,2,0.0,,60.0,,,,,,,,20 sec,6,2026-05-23T14:25:32.814Z,"=IFERROR(INDEX(tbl_Lookup_Exercises[Category],MATCH(tbl_Exercises[[#This Row],[ExerciseName]],tbl_Lookup_Exercises[ExerciseName],0)),""Unknown"")"
E-20260523-1700,S-20260523-01,Farmer's Walk,1,150.0,,60.0,,,,,,,,"2 mph, 0 incline ",6,2026-05-23T14:28:36.911Z,"=IFERROR(INDEX(tbl_Lookup_Exercises[Category],MATCH(tbl_Exercises[[#This Row],[ExerciseName]],tbl_Lookup_Exercises[ExerciseName],0)),""Unknown"")"
E-20260523-1701,S-20260523-01,Farmer's Walk,2,150.0,,55.2,,,,,,,,"2 mph, 0 incline; 55/60=0.917",6,2026-05-23T14:31:02.656Z,"=IFERROR(INDEX(tbl_Lookup_Exercises[Category],MATCH(tbl_Exercises[[#This Row],[ExerciseName]],tbl_Lookup_Exercises[ExerciseName],0)),""Unknown"")"
E-20260523-1702,S-20260523-01,Farmer's Walk,3,150.0,,46.800000000000004,,,,,,,,"2 mph, 0 incline; 55/60=0.917",6,2026-05-23T14:33:14.511Z,"=IFERROR(INDEX(tbl_Lookup_Exercises[Category],MATCH(tbl_Exercises[[#This Row],[ExerciseName]],tbl_Lookup_Exercises[ExerciseName],0)),""Unknown"")"
E-20260523-1703,S-20260523-01,Farmer's Walk,4,150.0,,46.800000000000004,,,,,,,,"2 mph, 0 incline; 55/60=0.917",6,2026-05-23T14:35:44.938Z,"=IFERROR(INDEX(tbl_Lookup_Exercises[Category],MATCH(tbl_Exercises[[#This Row],[ExerciseName]],tbl_Lookup_Exercises[ExerciseName],0)),""Unknown"")"
E-20260523-1704,S-20260523-01,Farmer's Walk,5,150.0,,34.8,,,,,,,,"2 mph, 0 incline; 55/60=0.917",6,2026-05-23T14:37:32.720Z,"=IFERROR(INDEX(tbl_Lookup_Exercises[Category],MATCH(tbl_Exercises[[#This Row],[ExerciseName]],tbl_Lookup_Exercises[ExerciseName],0)),""Unknown"")"
E-20260523-1705,S-20260523-01,Machine Row,1,190.0,8.0,,,,2.0,1.0,2.0,2-1,,Tempo 2-1-2; RIR 2-1,6,2026-05-23T14:41:14.443Z,"=IFERROR(INDEX(tbl_Lookup_Exercises[Category],MATCH(tbl_Exercises[[#This Row],[ExerciseName]],tbl_Lookup_Exercises[ExerciseName],0)),""Unknown"")"
E-20260523-1706,S-20260523-01,Machine Row,2,195.0,8.0,,,,2.0,1.0,2.0,2-1,,Tempo 2-1-2; RIR 2-1,6,2026-05-23T14:43:46.151Z,"=IFERROR(INDEX(tbl_Lookup_Exercises[Category],MATCH(tbl_Exercises[[#This Row],[ExerciseName]],tbl_Lookup_Exercises[ExerciseName],0)),""Unknown"")"
E-20260523-1707,S-20260523-01,Machine Row,3,200.0,7.0,,,,2.0,1.0,2.0,2-1,,Tempo 2-1-2; RIR 2-1; contraction wasn’t as strong on 7 so stopped. Felt good though. Just fatigue overall from Farmers today. ,6,2026-05-23T14:46:59.390Z,"=IFERROR(INDEX(tbl_Lookup_Exercises[Category],MATCH(tbl_Exercises[[#This Row],[ExerciseName]],tbl_Lookup_Exercises[ExerciseName],0)),""Unknown"")"
E-20260523-1708,S-20260523-01,Machine Row,4,205.0,6.0,,,,2.0,1.0,2.0,1,,Tempo 2-1-2; RIR 1,6,2026-05-23T14:50:39.123Z,"=IFERROR(INDEX(tbl_Lookup_Exercises[Category],MATCH(tbl_Exercises[[#This Row],[ExerciseName]],tbl_Lookup_Exercises[ExerciseName],0)),""Unknown"")"
E-20260523-1709,S-20260523-01,Body Row,1,0.0,8.0,,,,1.0,2.0,1.0,2-1,,Tempo 1-2-1; RIR 2-1; elevated ,6,2026-05-23T14:51:45.671Z,"=IFERROR(INDEX(tbl_Lookup_Exercises[Category],MATCH(tbl_Exercises[[#This Row],[ExerciseName]],tbl_Lookup_Exercises[ExerciseName],0)),""Unknown"")"
E-20260523-1710,S-20260523-01,Body Row,2,0.0,8.0,,,,1.0,2.0,1.0,2-1,,Tempo 1-2-1; RIR 2-1; elevated ,6,2026-05-23T14:53:33.907Z,"=IFERROR(INDEX(tbl_Lookup_Exercises[Category],MATCH(tbl_Exercises[[#This Row],[ExerciseName]],tbl_Lookup_Exercises[ExerciseName],0)),""Unknown"")"
E-20260523-1711,S-20260523-01,Body Row,3,0.0,7.0,,,,1.0,2.0,1.0,2-1,,Tempo 1-2-1; RIR 2-1; elevated ,6,2026-05-23T14:55:44.614Z,"=IFERROR(INDEX(tbl_Lookup_Exercises[Category],MATCH(tbl_Exercises[[#This Row],[ExerciseName]],tbl_Lookup_Exercises[ExerciseName],0)),""Unknown"")"
E-20260523-1712,S-20260523-01,Anchored Single Arm Dumbbell Curl,1,30.0,8.0,,,,2.0,1.0,2.0,2-1,,Warmup set: Strict tempo 2-1-2; RIR 2-1,6,2026-05-23T14:58:28.994Z,"=IFERROR(INDEX(tbl_Lookup_Exercises[Category],MATCH(tbl_Exercises[[#This Row],[ExerciseName]],tbl_Lookup_Exercises[ExerciseName],0)),""Unknown"")"
E-20260523-1713,S-20260523-01,Anchored Single Arm Dumbbell Curl,2,35.0,6.0,,,,2.0,1.0,2.0,2-1,,Strict tempo 2-1-2; RIR 2-1; left fatigued at 6,6,2026-05-23T15:01:37.396Z,"=IFERROR(INDEX(tbl_Lookup_Exercises[Category],MATCH(tbl_Exercises[[#This Row],[ExerciseName]],tbl_Lookup_Exercises[ExerciseName],0)),""Unknown"")"
E-20260523-1714,S-20260523-01,Anchored Single Arm Dumbbell Curl,3,35.0,6.0,,,,2.0,1.0,2.0,2-1,,Strict tempo 2-1-2; RIR 2-1,6,2026-05-23T15:04:24.616Z,"=IFERROR(INDEX(tbl_Lookup_Exercises[Category],MATCH(tbl_Exercises[[#This Row],[ExerciseName]],tbl_Lookup_Exercises[ExerciseName],0)),""Unknown"")"
E-20260523-1715,S-20260523-01,Anchored Single Arm Dumbbell Curl,4,35.0,6.0,,,,2.0,1.0,2.0,1,,Strict tempo 2-1-2; RIR 1,6,2026-05-23T15:07:49.819Z,"=IFERROR(INDEX(tbl_Lookup_Exercises[Category],MATCH(tbl_Exercises[[#This Row],[ExerciseName]],tbl_Lookup_Exercises[ExerciseName],0)),""Unknown"")"
E-20260523-1716,S-20260523-01,Rowing,1,,,465.0,2.0,km,,,,,,182 strokes,6,2026-05-23T15:18:25.401Z,"=IFERROR(INDEX(tbl_Lookup_Exercises[Category],MATCH(tbl_Exercises[[#This Row],[ExerciseName]],tbl_Lookup_Exercises[ExerciseName],0)),""Unknown"")"
E-20260523-1717,S-20260523-01,Dumbbell: Squeeze Curl - Neutral,1,15.0,10.0,,,,,,,,2026-05-23T15:25:42.337Z,Alternating superset supinated,6,2026-05-23T15:25:43.178Z,"=IFERROR(INDEX(tbl_Lookup_Exercises[Category],MATCH(tbl_Exercises[[#This Row],[ExerciseName]],tbl_Lookup_Exercises[ExerciseName],0)),""Unknown"")"
E-20260523-1718,S-20260523-01,Dumbbell: Squeeze Curl - Neutral,2,15.0,10.0,,,,,,,,2026-05-23T15:25:42.337Z,Alternating superset hammer,6,2026-05-23T15:25:50.371Z,"=IFERROR(INDEX(tbl_Lookup_Exercises[Category],MATCH(tbl_Exercises[[#This Row],[ExerciseName]],tbl_Lookup_Exercises[ExerciseName],0)),""Unknown"")"
E-20260523-1719,S-20260523-01,Dumbbell: Squeeze Curl - Neutral,3,15.0,10.0,,,,,,,,2026-05-23T15:25:42.337Z,Alternating superset reverse ,6,2026-05-23T15:26:03.496Z,"=IFERROR(INDEX(tbl_Lookup_Exercises[Category],MATCH(tbl_Exercises[[#This Row],[ExerciseName]],tbl_Lookup_Exercises[ExerciseName],0)),""Unknown"")"
E-20260524-1720,S-20260524-01,Treadmill Walking,1,,,360.0,0.55,km,,,,,,"Warmup 3.5mph, 5% incline",6,2026-05-24T14:24:21.373Z,"=IFERROR(INDEX(tbl_Lookup_Exercises[Category],MATCH(tbl_Exercises[[#This Row],[ExerciseName]],tbl_Lookup_Exercises[ExerciseName],0)),""Unknown"")"
E-20260524-1721,S-20260524-01,Serratus Wall Slides (banded),1,0.0,8.0,,,,,,,,,Red band 2-1-2,6,2026-05-24T14:33:14.913Z,"=IFERROR(INDEX(tbl_Lookup_Exercises[Category],MATCH(tbl_Exercises[[#This Row],[ExerciseName]],tbl_Lookup_Exercises[ExerciseName],0)),""Unknown"")"
E-20260524-1722,S-20260524-01,Band Pull Aparts,1,0.0,15.0,,,,,,,,,Red band ,6,2026-05-24T14:33:22.712Z,"=IFERROR(INDEX(tbl_Lookup_Exercises[Category],MATCH(tbl_Exercises[[#This Row],[ExerciseName]],tbl_Lookup_Exercises[ExerciseName],0)),""Unknown"")"
E-20260524-1723,S-20260524-01,Band External Rotations,1,0.0,10.0,,,,,,,,,Red band ,6,2026-05-24T14:33:49.859Z,"=IFERROR(INDEX(tbl_Lookup_Exercises[Category],MATCH(tbl_Exercises[[#This Row],[ExerciseName]],tbl_Lookup_Exercises[ExerciseName],0)),""Unknown"")"
E-20260524-1724,S-20260524-01,Serratus Wall Slides (banded),2,0.0,8.0,,,,,,,,,Red band 2-1-2,6,2026-05-24T14:33:52.609Z,"=IFERROR(INDEX(tbl_Lookup_Exercises[Category],MATCH(tbl_Exercises[[#This Row],[ExerciseName]],tbl_Lookup_Exercises[ExerciseName],0)),""Unknown"")"
E-20260524-1725,S-20260524-01,Band Pull Aparts,2,0.0,15.0,,,,,,,,,Red band ,6,2026-05-24T14:33:56.587Z,"=IFERROR(INDEX(tbl_Lookup_Exercises[Category],MATCH(tbl_Exercises[[#This Row],[ExerciseName]],tbl_Lookup_Exercises[ExerciseName],0)),""Unknown"")"
E-20260524-1726,S-20260524-01,Band External Rotations,2,0.0,10.0,,,,,,,,,Red band ,6,2026-05-24T14:34:08.022Z,"=IFERROR(INDEX(tbl_Lookup_Exercises[Category],MATCH(tbl_Exercises[[#This Row],[ExerciseName]],tbl_Lookup_Exercises[ExerciseName],0)),""Unknown"")"
E-20260524-1727,S-20260524-01,Neutral Grip Dumbbell Floor Press,1,130.0,9.0,,,,2.0,,2.0,2-1,,Tempo 2-1–x-2; explosive RIR 2-1,6,2026-05-24T14:36:58.586Z,"=IFERROR(INDEX(tbl_Lookup_Exercises[Category],MATCH(tbl_Exercises[[#This Row],[ExerciseName]],tbl_Lookup_Exercises[ExerciseName],0)),""Unknown"")"
E-20260524-1728,S-20260524-01,Neutral Grip Dumbbell Floor Press,2,140.0,7.0,,,,2.0,,2.0,2-1,,Tempo 2-1–x-2; RIR 2-1 explosive ,6,2026-05-24T14:40:25.107Z,"=IFERROR(INDEX(tbl_Lookup_Exercises[Category],MATCH(tbl_Exercises[[#This Row],[ExerciseName]],tbl_Lookup_Exercises[ExerciseName],0)),""Unknown"")"
E-20260524-1729,S-20260524-01,Neutral Grip Dumbbell Floor Press,3,140.0,6.0,,,,2.0,,2.0,,,Tempo 2-1–x-2; explosive ,6,2026-05-24T14:43:53.579Z,"=IFERROR(INDEX(tbl_Lookup_Exercises[Category],MATCH(tbl_Exercises[[#This Row],[ExerciseName]],tbl_Lookup_Exercises[ExerciseName],0)),""Unknown"")"
E-20260524-1730,S-20260524-01,Neutral Grip Dumbbell Floor Press,4,140.0,6.5,,,,2.0,,2.0,1,,Tempo 2-1–x-2; RIR 1 explosive ,6,2026-05-24T14:53:24.078Z,"=IFERROR(INDEX(tbl_Lookup_Exercises[Category],MATCH(tbl_Exercises[[#This Row],[ExerciseName]],tbl_Lookup_Exercises[ExerciseName],0)),""Unknown"")"
E-20260524-1731,S-20260524-01,Single Arm Cable Press (split stance),1,30.0,12.0,,,,2.0,1.0,,2-1,,Tempo 2-1-x-2; RIR 2-1,6,2026-05-24T14:53:49.112Z,"=IFERROR(INDEX(tbl_Lookup_Exercises[Category],MATCH(tbl_Exercises[[#This Row],[ExerciseName]],tbl_Lookup_Exercises[ExerciseName],0)),""Unknown"")"
E-20260524-1732,S-20260524-01,Single Arm Cable Press (split stance),2,35.0,12.0,,,,2.0,1.0,,2-1,,Tempo 2-1-x-2; RIR 2-1,6,2026-05-24T14:56:17.476Z,"=IFERROR(INDEX(tbl_Lookup_Exercises[Category],MATCH(tbl_Exercises[[#This Row],[ExerciseName]],tbl_Lookup_Exercises[ExerciseName],0)),""Unknown"")"
E-20260524-1733,S-20260524-01,Single Arm Cable Press (split stance),3,40.0,11.0,,,,2.0,1.0,,1,,Tempo 2-1-x-2; RIR 1,6,2026-05-24T15:01:09.854Z,"=IFERROR(INDEX(tbl_Lookup_Exercises[Category],MATCH(tbl_Exercises[[#This Row],[ExerciseName]],tbl_Lookup_Exercises[ExerciseName],0)),""Unknown"")"
E-20260524-1734,S-20260524-01,Cable Lateral Raise (using elbow strap setup),1,10.0,12.0,,,,2.0,2.0,2.0,2-1,,Tempo 2-2-2; RIR 2-1,6,2026-05-24T15:04:00.855Z,"=IFERROR(INDEX(tbl_Lookup_Exercises[Category],MATCH(tbl_Exercises[[#This Row],[ExerciseName]],tbl_Lookup_Exercises[ExerciseName],0)),""Unknown"")"
E-20260524-1735,S-20260524-01,Cable Lateral Raise (using elbow strap setup),2,10.0,12.0,,,,2.0,2.0,2.0,2-1,,Tempo 2-2-2; RIR 2-1,6,2026-05-24T15:07:21.250Z,"=IFERROR(INDEX(tbl_Lookup_Exercises[Category],MATCH(tbl_Exercises[[#This Row],[ExerciseName]],tbl_Lookup_Exercises[ExerciseName],0)),""Unknown"")"
E-20260524-1736,S-20260524-01,Cable Lateral Raise (using elbow strap setup),3,10.0,13.0,,,,2.0,2.0,2.0,2-1,,Tempo 2-2-2; RIR 2-1,6,2026-05-24T15:12:10.572Z,"=IFERROR(INDEX(tbl_Lookup_Exercises[Category],MATCH(tbl_Exercises[[#This Row],[ExerciseName]],tbl_Lookup_Exercises[ExerciseName],0)),""Unknown"")"
E-20260524-1737,S-20260524-01,Single Arm Cable Extensions,1,22.5,12.0,,,,3.0,1.0,3.0,2-1,,Tempo 3-1-3; RIR 2-1; right a little more fatigued,6,2026-05-24T15:19:37.627Z,"=IFERROR(INDEX(tbl_Lookup_Exercises[Category],MATCH(tbl_Exercises[[#This Row],[ExerciseName]],tbl_Lookup_Exercises[ExerciseName],0)),""Unknown"")"
E-20260524-1738,S-20260524-01,Single Arm Cable Extensions,2,25.0,12.0,,,,3.0,1.0,3.0,2-1,,Tempo 3-1-3; RIR 2-1; right a little more fatigued,6,2026-05-24T15:27:50.081Z,"=IFERROR(INDEX(tbl_Lookup_Exercises[Category],MATCH(tbl_Exercises[[#This Row],[ExerciseName]],tbl_Lookup_Exercises[ExerciseName],0)),""Unknown"")"
E-20260524-1739,S-20260524-01,Single Arm Cable Extensions,3,25.0,11.0,,,,3.0,1.0,3.0,2-1,,Tempo 3-1-3; RIR 2-1; right a little more fatigued,6,2026-05-24T15:27:58.319Z,"=IFERROR(INDEX(tbl_Lookup_Exercises[Category],MATCH(tbl_Exercises[[#This Row],[ExerciseName]],tbl_Lookup_Exercises[ExerciseName],0)),""Unknown"")"
E-20260524-1740,S-20260524-01,Inverted KB Hold,1,30.0,,20.0,,,,,,,,,6,2026-05-24T15:32:26.741Z,"=IFERROR(INDEX(tbl_Lookup_Exercises[Category],MATCH(tbl_Exercises[[#This Row],[ExerciseName]],tbl_Lookup_Exercises[ExerciseName],0)),""Unknown"")"
E-20260524-1741,S-20260524-01,Inverted KB Hold,2,30.0,,20.0,,,,,,,,,6,2026-05-24T15:35:46.749Z,"=IFERROR(INDEX(tbl_Lookup_Exercises[Category],MATCH(tbl_Exercises[[#This Row],[ExerciseName]],tbl_Lookup_Exercises[ExerciseName],0)),""Unknown"")"
E-20260524-1742,S-20260524-01,Vertical DB Scap extension,1,45.0,15.0,,,,,,,,,10 Scap extension followed by 5 press,6,2026-05-24T15:41:35.038Z,"=IFERROR(INDEX(tbl_Lookup_Exercises[Category],MATCH(tbl_Exercises[[#This Row],[ExerciseName]],tbl_Lookup_Exercises[ExerciseName],0)),""Unknown"")"
E-20260524-1743,S-20260524-01,Vertical DB Scap extension,2,45.0,15.0,,,,,,,,,10 Scap extension followed by 5 press,6,2026-05-24T15:44:50.177Z,"=IFERROR(INDEX(tbl_Lookup_Exercises[Category],MATCH(tbl_Exercises[[#This Row],[ExerciseName]],tbl_Lookup_Exercises[ExerciseName],0)),""Unknown"")"
E-20260525-1744,S-20260525-01,Suitcase Carries,1,75.0,,60.0,,,,,,,,"Room in the tank; 2mph, 1% incline",6,2026-05-25T13:41:11.988Z,"=IFERROR(INDEX(tbl_Lookup_Exercises[Category],MATCH(tbl_Exercises[[#This Row],[ExerciseName]],tbl_Lookup_Exercises[ExerciseName],0)),""Unknown"")"
E-20260525-1745,S-20260525-01,Suitcase Carries,2,75.0,,60.0,,,,,,,,"Room in the tank; 2mph, 1% incline",6,2026-05-25T13:44:24.684Z,"=IFERROR(INDEX(tbl_Lookup_Exercises[Category],MATCH(tbl_Exercises[[#This Row],[ExerciseName]],tbl_Lookup_Exercises[ExerciseName],0)),""Unknown"")"
E-20260525-1746,S-20260525-01,Suitcase Carries,3,75.0,,60.0,,,,,,,,"2mph, 1% incline",6,2026-05-25T13:48:07.149Z,"=IFERROR(INDEX(tbl_Lookup_Exercises[Category],MATCH(tbl_Exercises[[#This Row],[ExerciseName]],tbl_Lookup_Exercises[ExerciseName],0)),""Unknown"")"
E-20260525-1747,S-20260525-01,Suitcase Carries,4,75.0,,60.0,,,,,,,,"2mph, 1% incline; barely made it, but did it!",6,2026-05-25T13:51:39.040Z,"=IFERROR(INDEX(tbl_Lookup_Exercises[Category],MATCH(tbl_Exercises[[#This Row],[ExerciseName]],tbl_Lookup_Exercises[ExerciseName],0)),""Unknown"")"
E-20260525-1748,S-20260525-01,Half-Kneeling Single Arm Cable Row,1,57.5,12.0,,,,2.0,2.0,2.0,2+,,Tempo 2-2-2; RIR 2+,6,2026-05-25T13:56:33.983Z,"=IFERROR(INDEX(tbl_Lookup_Exercises[Category],MATCH(tbl_Exercises[[#This Row],[ExerciseName]],tbl_Lookup_Exercises[ExerciseName],0)),""Unknown"")"
E-20260525-1749,S-20260525-01,Half-Kneeling Single Arm Cable Row,2,60.0,12.0,,,,2.0,2.0,2.0,2,,Tempo 2-2-2; RIR 2,6,2026-05-25T13:59:31.644Z,"=IFERROR(INDEX(tbl_Lookup_Exercises[Category],MATCH(tbl_Exercises[[#This Row],[ExerciseName]],tbl_Lookup_Exercises[ExerciseName],0)),""Unknown"")"
E-20260525-1750,S-20260525-01,Half-Kneeling Single Arm Cable Row,3,65.0,11.0,,,,2.0,2.0,2.0,2-1,,Tempo 2-2-2; RIR 2-1,6,2026-05-25T14:03:17.184Z,"=IFERROR(INDEX(tbl_Lookup_Exercises[Category],MATCH(tbl_Exercises[[#This Row],[ExerciseName]],tbl_Lookup_Exercises[ExerciseName],0)),""Unknown"")"
E-20260525-1751,S-20260525-01,Half-Kneeling Single Arm Cable Row,4,65.0,11.0,,,,2.0,2.0,2.0,1,,Tempo 2-2-2; RIR 1,6,2026-05-25T14:07:47.079Z,"=IFERROR(INDEX(tbl_Lookup_Exercises[Category],MATCH(tbl_Exercises[[#This Row],[ExerciseName]],tbl_Lookup_Exercises[ExerciseName],0)),""Unknown"")"
E-20260525-1752,S-20260525-01,Face Pull (w External Rotation),1,15.0,15.0,,,,1.0,2.0,1.0,2+,,Warmup; Tempo 1-2-1; RIR 2+; plate at 15 Planet Fitness,6,2026-05-25T14:09:45.870Z,"=IFERROR(INDEX(tbl_Lookup_Exercises[Category],MATCH(tbl_Exercises[[#This Row],[ExerciseName]],tbl_Lookup_Exercises[ExerciseName],0)),""Unknown"")"
E-20260525-1753,S-20260525-01,Face Pull (w External Rotation),2,20.0,15.0,,,,2.0,2.0,2.0,2+,,Working; Tempo 2-2-2; RIR 2+; plate at 15 Planet Fitness,6,2026-05-25T14:11:44.157Z,"=IFERROR(INDEX(tbl_Lookup_Exercises[Category],MATCH(tbl_Exercises[[#This Row],[ExerciseName]],tbl_Lookup_Exercises[ExerciseName],0)),""Unknown"")"
E-20260525-1754,S-20260525-01,Face Pull (w External Rotation),3,25.0,15.0,,,,2.0,2.0,2.0,2+,,Working; Tempo 2-2-2; RIR 2+; plate at 15 Planet Fitness,6,2026-05-25T14:14:15.521Z,"=IFERROR(INDEX(tbl_Lookup_Exercises[Category],MATCH(tbl_Exercises[[#This Row],[ExerciseName]],tbl_Lookup_Exercises[ExerciseName],0)),""Unknown"")"
E-20260525-1755,S-20260525-01,Face Pull (w External Rotation),4,30.0,15.0,,,,2.0,2.0,2.0,2+,,Working; Tempo 2-2-2; RIR 2+; plate at 15 Planet Fitness,6,2026-05-25T14:16:34.216Z,"=IFERROR(INDEX(tbl_Lookup_Exercises[Category],MATCH(tbl_Exercises[[#This Row],[ExerciseName]],tbl_Lookup_Exercises[ExerciseName],0)),""Unknown"")"
E-20260525-1756,S-20260525-01,Standing One Arm Extended Cable Curls,1,25.0,12.0,,,,2.0,1.0,3.0,2-1,,Tempo 2-1-3; RIR 2-1; left RIR was closer to 1,6,2026-05-25T14:20:38.953Z,"=IFERROR(INDEX(tbl_Lookup_Exercises[Category],MATCH(tbl_Exercises[[#This Row],[ExerciseName]],tbl_Lookup_Exercises[ExerciseName],0)),""Unknown"")"
E-20260525-1757,S-20260525-01,Standing One Arm Extended Cable Curls,2,25.0,12.0,,,,2.0,1.0,3.0,2-1,,Tempo 2-1-3; RIR 2-1 both,6,2026-05-25T14:24:36.752Z,"=IFERROR(INDEX(tbl_Lookup_Exercises[Category],MATCH(tbl_Exercises[[#This Row],[ExerciseName]],tbl_Lookup_Exercises[ExerciseName],0)),""Unknown"")"
E-20260525-1758,S-20260525-01,Standing One Arm Extended Cable Curls,3,27.5,10.0,,,,2.0,1.0,3.0,1,,Tempo 2-1-3; RIR 1,6,2026-05-25T14:28:30.864Z,"=IFERROR(INDEX(tbl_Lookup_Exercises[Category],MATCH(tbl_Exercises[[#This Row],[ExerciseName]],tbl_Lookup_Exercises[ExerciseName],0)),""Unknown"")"
E-20260525-1759,S-20260525-01,Rowing,1,,,465.0,2.0,km,,,,,,Cooldown; damper 3,6,2026-05-25T14:39:36.766Z,"=IFERROR(INDEX(tbl_Lookup_Exercises[Category],MATCH(tbl_Exercises[[#This Row],[ExerciseName]],tbl_Lookup_Exercises[ExerciseName],0)),""Unknown"")"
E-20260526-1760,S-20260526-01,DB Spider Curl (Hammer),1,70.0,15.0,,,,2.0,1.0,3.0,2,,Tempo 2-1-3; RIR 2,6,2026-05-26T19:16:15.129Z,"=IFERROR(INDEX(tbl_Lookup_Exercises[Category],MATCH(tbl_Exercises[[#This Row],[ExerciseName]],tbl_Lookup_Exercises[ExerciseName],0)),""Unknown"")"
E-20260526-1761,S-20260526-01,DB Spider Curl (Hammer),2,80.0,15.0,,,,2.0,1.0,3.0,2-1,,Tempo 2-1-3; RIR 2-1,6,2026-05-26T19:20:00.686Z,"=IFERROR(INDEX(tbl_Lookup_Exercises[Category],MATCH(tbl_Exercises[[#This Row],[ExerciseName]],tbl_Lookup_Exercises[ExerciseName],0)),""Unknown"")"
E-20260526-1762,S-20260526-01,DB Spider Curl (Hammer),3,80.0,13.0,,,,2.0,1.0,3.0,1,,Tempo 2-1-3; RIR 1,6,2026-05-26T19:23:39.500Z,"=IFERROR(INDEX(tbl_Lookup_Exercises[Category],MATCH(tbl_Exercises[[#This Row],[ExerciseName]],tbl_Lookup_Exercises[ExerciseName],0)),""Unknown"")"
E-20260526-1763,S-20260526-01,Kneeling Single Arm Rope Cable Extension,1,30.0,8.0,,,,2.0,1.0,2.0,1,2026-05-26T19:32:03.144Z,Test set: high pulley non adjustable; no grip available; tempo 2-1-2; RIR 1 slippage,6,2026-05-26T19:32:07.089Z,"=IFERROR(INDEX(tbl_Lookup_Exercises[Category],MATCH(tbl_Exercises[[#This Row],[ExerciseName]],tbl_Lookup_Exercises[ExerciseName],0)),""Unknown"")"
E-20260526-1764,S-20260526-01,Kneeling Single Arm Rope Cable Extension,2,30.0,8.0,,,,2.0,1.0,2.0,1,2026-05-26T19:32:03.144Z,Test set: moved over to adjustable; rope single arm grip available; tempo 2-1-2; RIR 1 slippage,6,2026-05-26T19:32:30.900Z,"=IFERROR(INDEX(tbl_Lookup_Exercises[Category],MATCH(tbl_Exercises[[#This Row],[ExerciseName]],tbl_Lookup_Exercises[ExerciseName],0)),""Unknown"")"
E-20260526-1765,S-20260526-01,Kneeling Single Arm Rope Cable Extension,3,25.0,8.0,,,,2.0,1.0,2.0,1,,Working set: single arm rope grip; tempo 2-1-2; RIR 1,6,2026-05-26T19:33:09.867Z,"=IFERROR(INDEX(tbl_Lookup_Exercises[Category],MATCH(tbl_Exercises[[#This Row],[ExerciseName]],tbl_Lookup_Exercises[ExerciseName],0)),""Unknown"")"
E-20260526-1766,S-20260526-01,Kneeling Single Arm Rope Cable Extension,4,25.0,9.0,,,,2.0,1.0,2.0,1,,Working set: single arm rope grip; tempo 2-1-2; RIR 1,6,2026-05-26T19:35:05.623Z,"=IFERROR(INDEX(tbl_Lookup_Exercises[Category],MATCH(tbl_Exercises[[#This Row],[ExerciseName]],tbl_Lookup_Exercises[ExerciseName],0)),""Unknown"")"
E-20260526-1767,S-20260526-01,Kneeling Single Arm Rope Cable Extension,5,25.0,8.0,,,,2.0,1.0,2.0,1-0,,Working set: single arm rope grip; tempo 2-1-2; RIR 1-0,6,2026-05-26T19:38:47.761Z,"=IFERROR(INDEX(tbl_Lookup_Exercises[Category],MATCH(tbl_Exercises[[#This Row],[ExerciseName]],tbl_Lookup_Exercises[ExerciseName],0)),""Unknown"")"
E-20260526-1768,S-20260526-01,Standing Single Arm Cable Curl,1,30.0,10.0,,,,2.0,1.0,2.0,2-1,2026-05-26T19:42:54.712Z,Tempo 2-1-2; RIR 2-1,6,2026-05-26T19:42:55.732Z,"=IFERROR(INDEX(tbl_Lookup_Exercises[Category],MATCH(tbl_Exercises[[#This Row],[ExerciseName]],tbl_Lookup_Exercises[ExerciseName],0)),""Unknown"")"
E-20260526-1769,S-20260526-01,Single Arm Cable Extensions,1,30.0,6.0,,,,2.0,1.0,2.0,1,2026-05-26T19:42:54.712Z,Tempo 2-1-2; RIR 1,6,2026-05-26T19:43:19.174Z,"=IFERROR(INDEX(tbl_Lookup_Exercises[Category],MATCH(tbl_Exercises[[#This Row],[ExerciseName]],tbl_Lookup_Exercises[ExerciseName],0)),""Unknown"")"
E-20260526-1770,S-20260526-01,Single Arm Cable Extensions,2,25.0,6.0,,,,2.0,1.0,2.0,2-1,2026-05-26T19:42:54.712Z,Tempo 2-1-2; RIR 2-1,6,2026-05-26T19:43:26.903Z,"=IFERROR(INDEX(tbl_Lookup_Exercises[Category],MATCH(tbl_Exercises[[#This Row],[ExerciseName]],tbl_Lookup_Exercises[ExerciseName],0)),""Unknown"")"
E-20260526-1771,S-20260526-01,Standing Single Arm Cable Curl,2,30.0,10.0,,,,2.0,1.0,2.0,2-1,2026-05-26T19:47:46.082Z,Tempo 2-1-2; RIR 2-1,6,2026-05-26T19:47:46.868Z,"=IFERROR(INDEX(tbl_Lookup_Exercises[Category],MATCH(tbl_Exercises[[#This Row],[ExerciseName]],tbl_Lookup_Exercises[ExerciseName],0)),""Unknown"")"
E-20260526-1772,S-20260526-01,Single Arm Cable Extensions,3,27.5,10.0,,,,2.0,1.0,2.0,2-1,2026-05-26T19:47:46.082Z,Tempo 2-1-2; RIR 2-1,6,2026-05-26T19:47:53.578Z,"=IFERROR(INDEX(tbl_Lookup_Exercises[Category],MATCH(tbl_Exercises[[#This Row],[ExerciseName]],tbl_Lookup_Exercises[ExerciseName],0)),""Unknown"")"
E-20260526-1773,S-20260526-01,Single Arm Cable Extensions,4,30.0,8.0,,,,2.0,1.0,2.0,1,,Tempo 2-1-2; RIR 1,6,2026-05-26T19:52:30.013Z,"=IFERROR(INDEX(tbl_Lookup_Exercises[Category],MATCH(tbl_Exercises[[#This Row],[ExerciseName]],tbl_Lookup_Exercises[ExerciseName],0)),""Unknown"")"
E-20260526-1774,S-20260526-01,Farmer’s Hold,1,150.0,,75.0,,,,,,,,,6,2026-05-26T19:57:18.560Z,"=IFERROR(INDEX(tbl_Lookup_Exercises[Category],MATCH(tbl_Exercises[[#This Row],[ExerciseName]],tbl_Lookup_Exercises[ExerciseName],0)),""Unknown"")"
E-20260526-1775,S-20260526-01,Farmer’s Hold,2,150.0,,64.80000000000001,,,,,,,,65/60=1.0833,6,2026-05-26T20:00:48.199Z,"=IFERROR(INDEX(tbl_Lookup_Exercises[Category],MATCH(tbl_Exercises[[#This Row],[ExerciseName]],tbl_Lookup_Exercises[ExerciseName],0)),""Unknown"")"
E-20260526-1776,S-20260526-01,Farmer’s Hold,3,150.0,,60.0,,,,,,,,I did more like 65 seconds again but it was starting to roll to my tips,6,2026-05-26T20:03:20.324Z,"=IFERROR(INDEX(tbl_Lookup_Exercises[Category],MATCH(tbl_Exercises[[#This Row],[ExerciseName]],tbl_Lookup_Exercises[ExerciseName],0)),""Unknown"")"
E-20260526-1777,S-20260526-01,Treadmill Walking,1,,,45.0,0.15,km,,,,,,"12% incline, 4.5 mph",6,2026-05-26T20:06:44.051Z,"=IFERROR(INDEX(tbl_Lookup_Exercises[Category],MATCH(tbl_Exercises[[#This Row],[ExerciseName]],tbl_Lookup_Exercises[ExerciseName],0)),""Unknown"")"
E-20260526-1778,S-20260526-01,Treadmill Walking,2,,,45.0,0.15,km,,,,,,"12% incline, 4.5 mph",6,2026-05-26T20:07:57.550Z,"=IFERROR(INDEX(tbl_Lookup_Exercises[Category],MATCH(tbl_Exercises[[#This Row],[ExerciseName]],tbl_Lookup_Exercises[ExerciseName],0)),""Unknown"")"
E-20260526-1779,S-20260526-01,Treadmill Walking,3,,,45.0,0.16,km,,,,,,"12% incline, 4.5 mph",6,2026-05-26T20:09:32.751Z,"=IFERROR(INDEX(tbl_Lookup_Exercises[Category],MATCH(tbl_Exercises[[#This Row],[ExerciseName]],tbl_Lookup_Exercises[ExerciseName],0)),""Unknown"")"
E-20260526-1780,S-20260526-01,Treadmill Walking,4,,,45.0,0.16,km,,,,,,"12% incline, 4.5 mph",6,2026-05-26T20:11:03.791Z,"=IFERROR(INDEX(tbl_Lookup_Exercises[Category],MATCH(tbl_Exercises[[#This Row],[ExerciseName]],tbl_Lookup_Exercises[ExerciseName],0)),""Unknown"")"
E-20260526-1781,S-20260526-01,Treadmill Walking,5,,,45.0,0.16,km,,,,,,"12% incline, 4.5 mph",6,2026-05-26T20:12:29.389Z,"=IFERROR(INDEX(tbl_Lookup_Exercises[Category],MATCH(tbl_Exercises[[#This Row],[ExerciseName]],tbl_Lookup_Exercises[ExerciseName],0)),""Unknown"")"
E-20260526-1782,S-20260526-01,Treadmill Walking,6,,,45.0,0.16,km,,,,,,"12% incline, 4.5 mph",6,2026-05-26T20:14:07.150Z,"=IFERROR(INDEX(tbl_Lookup_Exercises[Category],MATCH(tbl_Exercises[[#This Row],[ExerciseName]],tbl_Lookup_Exercises[ExerciseName],0)),""Unknown"")"
E-20260527-1783,S-20260527-01,Treadmill Walking,1,,,360.0,0.53,km,,,,,,"Incline 5%, 3.5 mph",6,2026-05-27T20:01:46.029Z,"=IFERROR(INDEX(tbl_Lookup_Exercises[Category],MATCH(tbl_Exercises[[#This Row],[ExerciseName]],tbl_Lookup_Exercises[ExerciseName],0)),""Unknown"")"
E-20260527-1784,S-20260527-01,Serratus Wall Slides (banded),1,0.0,8.0,,,,,,,,,Green thick band ,6,2026-05-27T20:03:17.741Z,"=IFERROR(INDEX(tbl_Lookup_Exercises[Category],MATCH(tbl_Exercises[[#This Row],[ExerciseName]],tbl_Lookup_Exercises[ExerciseName],0)),""Unknown"")"
E-20260527-1785,S-20260527-01,Serratus Wall Slides (banded),2,0.0,8.0,,,,,,,,,Green thick band ,6,2026-05-27T20:07:12.487Z,"=IFERROR(INDEX(tbl_Lookup_Exercises[Category],MATCH(tbl_Exercises[[#This Row],[ExerciseName]],tbl_Lookup_Exercises[ExerciseName],0)),""Unknown"")"
E-20260527-1786,S-20260527-01,Band Pull Aparts,1,0.0,15.0,,,,,,,,,Green thick band ,6,2026-05-27T20:07:26.508Z,"=IFERROR(INDEX(tbl_Lookup_Exercises[Category],MATCH(tbl_Exercises[[#This Row],[ExerciseName]],tbl_Lookup_Exercises[ExerciseName],0)),""Unknown"")"
E-20260527-1787,S-20260527-01,Band Pull Aparts,2,0.0,15.0,,,,,,,,,Green thick band ,6,2026-05-27T20:07:29.686Z,"=IFERROR(INDEX(tbl_Lookup_Exercises[Category],MATCH(tbl_Exercises[[#This Row],[ExerciseName]],tbl_Lookup_Exercises[ExerciseName],0)),""Unknown"")"
E-20260527-1788,S-20260527-01,Dead Hang,1,0.0,,60.0,,,,,,,,,6,2026-05-27T20:07:33.434Z,"=IFERROR(INDEX(tbl_Lookup_Exercises[Category],MATCH(tbl_Exercises[[#This Row],[ExerciseName]],tbl_Lookup_Exercises[ExerciseName],0)),""Unknown"")"
E-20260527-1789,S-20260527-01,Dead Hang,2,0.0,,60.0,,,,,,,,,6,2026-05-27T20:07:34.559Z,"=IFERROR(INDEX(tbl_Lookup_Exercises[Category],MATCH(tbl_Exercises[[#This Row],[ExerciseName]],tbl_Lookup_Exercises[ExerciseName],0)),""Unknown"")"
E-20260527-1790,S-20260527-01,Farmer's Walk,1,150.0,,60.0,,,,,,,,"Incline 1%, 2 mph",6,2026-05-27T20:12:40.695Z,"=IFERROR(INDEX(tbl_Lookup_Exercises[Category],MATCH(tbl_Exercises[[#This Row],[ExerciseName]],tbl_Lookup_Exercises[ExerciseName],0)),""Unknown"")"
E-20260527-1791,S-20260527-01,Farmer's Walk,2,150.0,,60.0,,,,,,,,"Incline 1%, 2 mph",6,2026-05-27T20:14:49.073Z,"=IFERROR(INDEX(tbl_Lookup_Exercises[Category],MATCH(tbl_Exercises[[#This Row],[ExerciseName]],tbl_Lookup_Exercises[ExerciseName],0)),""Unknown"")"
E-20260527-1792,S-20260527-01,Farmer's Walk,3,150.0,,49.8,,,,,,,,"Incline 1%, 2 mph",6,2026-05-27T20:17:36.172Z,"=IFERROR(INDEX(tbl_Lookup_Exercises[Category],MATCH(tbl_Exercises[[#This Row],[ExerciseName]],tbl_Lookup_Exercises[ExerciseName],0)),""Unknown"")"
E-20260527-1793,S-20260527-01,Farmer's Walk,4,150.0,,45.0,,,,,,,,"Incline 1%, 2 mph",6,2026-05-27T20:19:36.022Z,"=IFERROR(INDEX(tbl_Lookup_Exercises[Category],MATCH(tbl_Exercises[[#This Row],[ExerciseName]],tbl_Lookup_Exercises[ExerciseName],0)),""Unknown"")"
E-20260527-1794,S-20260527-01,Farmer's Walk,5,150.0,,45.0,,,,,,,,"Incline 1%, 2 mph",6,2026-05-27T20:21:48.101Z,"=IFERROR(INDEX(tbl_Lookup_Exercises[Category],MATCH(tbl_Exercises[[#This Row],[ExerciseName]],tbl_Lookup_Exercises[ExerciseName],0)),""Unknown"")"
E-20260527-1795,S-20260527-01,Machine Row,1,190.0,8.0,,,,2.0,1.0,2.0,2+,,Tempo 2-1-2; RIR 2+; controlled but tried to explode the pullback ,6,2026-05-27T20:26:04.733Z,"=IFERROR(INDEX(tbl_Lookup_Exercises[Category],MATCH(tbl_Exercises[[#This Row],[ExerciseName]],tbl_Lookup_Exercises[ExerciseName],0)),""Unknown"")"
E-20260527-1796,S-20260527-01,Machine Row,2,200.0,8.0,,,,2.0,1.0,2.0,2-1,,Tempo 2-1-2; RIR 2-1; leading with scap ,6,2026-05-27T20:28:19.179Z,"=IFERROR(INDEX(tbl_Lookup_Exercises[Category],MATCH(tbl_Exercises[[#This Row],[ExerciseName]],tbl_Lookup_Exercises[ExerciseName],0)),""Unknown"")"
E-20260527-1797,S-20260527-01,Machine Row,3,202.5,7.0,,,,2.0,1.0,2.0,1,,Tempo 2-1-2; RIR 1; leading with scap ,6,2026-05-27T20:30:54.768Z,"=IFERROR(INDEX(tbl_Lookup_Exercises[Category],MATCH(tbl_Exercises[[#This Row],[ExerciseName]],tbl_Lookup_Exercises[ExerciseName],0)),""Unknown"")"
E-20260527-1798,S-20260527-01,Machine Row,4,205.0,6.0,,,,2.0,1.0,2.0,1,,Tempo 2-1-2; RIR 1; leading with scap ,6,2026-05-27T20:33:10.343Z,"=IFERROR(INDEX(tbl_Lookup_Exercises[Category],MATCH(tbl_Exercises[[#This Row],[ExerciseName]],tbl_Lookup_Exercises[ExerciseName],0)),""Unknown"")"
E-20260527-1799,S-20260527-01,Body Row,1,0.0,8.0,,,,1.0,2.0,1.0,2,,Tempo 1-2-1; RIR 2,6,2026-05-27T20:37:09.965Z,"=IFERROR(INDEX(tbl_Lookup_Exercises[Category],MATCH(tbl_Exercises[[#This Row],[ExerciseName]],tbl_Lookup_Exercises[ExerciseName],0)),""Unknown"")"
E-20260527-1800,S-20260527-01,Body Row,2,0.0,8.0,,,,1.0,2.0,1.0,2,,Tempo 1-2-1; RIR 2,6,2026-05-27T20:40:39.145Z,"=IFERROR(INDEX(tbl_Lookup_Exercises[Category],MATCH(tbl_Exercises[[#This Row],[ExerciseName]],tbl_Lookup_Exercises[ExerciseName],0)),""Unknown"")"
E-20260527-1801,S-20260527-01,Body Row,3,0.0,8.0,,,,1.0,2.0,1.0,1,,Tempo 1-2-1; RIR 1,6,2026-05-27T20:40:43.592Z,"=IFERROR(INDEX(tbl_Lookup_Exercises[Category],MATCH(tbl_Exercises[[#This Row],[ExerciseName]],tbl_Lookup_Exercises[ExerciseName],0)),""Unknown"")"
E-20260527-1802,S-20260527-01,Anchored Single Arm Dumbbell Curl,1,35.0,7.0,,,,,,,,,No anchor or spot available. Transitioned to single arm preacher curl with 35# db. Bench at 4,6,2026-05-27T20:45:25.843Z,"=IFERROR(INDEX(tbl_Lookup_Exercises[Category],MATCH(tbl_Exercises[[#This Row],[ExerciseName]],tbl_Lookup_Exercises[ExerciseName],0)),""Unknown"")"
E-20260527-1803,S-20260527-01,Anchored Single Arm Dumbbell Curl,2,35.0,7.0,,,,,,,,,No anchor or spot available. Transitioned to single arm preacher curl with 35# db. Bench at 5; armpit pressed into seat top ,6,2026-05-27T20:48:10.060Z,"=IFERROR(INDEX(tbl_Lookup_Exercises[Category],MATCH(tbl_Exercises[[#This Row],[ExerciseName]],tbl_Lookup_Exercises[ExerciseName],0)),""Unknown"")"
E-20260527-1804,S-20260527-01,Anchored Single Arm Dumbbell Curl,3,35.0,6.0,,,,2.0,1.0,2.0,1,,Bench at 7. This felt like the correct height; tempo 2-1-2; RIR 1,6,2026-05-27T20:51:51.409Z,"=IFERROR(INDEX(tbl_Lookup_Exercises[Category],MATCH(tbl_Exercises[[#This Row],[ExerciseName]],tbl_Lookup_Exercises[ExerciseName],0)),""Unknown"")"
E-20260527-1805,S-20260527-01,Anchored Single Arm Dumbbell Curl,4,35.0,6.0,,,,,,,,,Bench at 7; anterior right didn’t love this position. No pain but could tell it was an unfamiliar or uncomfortable anchor and hinge,6,2026-05-27T20:57:33.695Z,"=IFERROR(INDEX(tbl_Lookup_Exercises[Category],MATCH(tbl_Exercises[[#This Row],[ExerciseName]],tbl_Lookup_Exercises[ExerciseName],0)),""Unknown"")"
E-20260527-1806,S-20260527-01,Rowing,1,,,460.0,2.0,km,,,,,,Damper at 5,6,2026-05-27T21:06:37.888Z,"=IFERROR(INDEX(tbl_Lookup_Exercises[Category],MATCH(tbl_Exercises[[#This Row],[ExerciseName]],tbl_Lookup_Exercises[ExerciseName],0)),""Unknown"")"
E-20260528-1807,S-20260528-01,Serratus Wall Slides (banded),1,0.0,8.0,,,,,,,,,Blue band ,6,2026-05-28T18:44:15.083Z,"=IFERROR(INDEX(tbl_Lookup_Exercises[Category],MATCH(tbl_Exercises[[#This Row],[ExerciseName]],tbl_Lookup_Exercises[ExerciseName],0)),""Unknown"")"
E-20260528-1808,S-20260528-01,Serratus Wall Slides (banded),2,0.0,8.0,,,,,,,,,Blue band ,6,2026-05-28T18:44:15.991Z,"=IFERROR(INDEX(tbl_Lookup_Exercises[Category],MATCH(tbl_Exercises[[#This Row],[ExerciseName]],tbl_Lookup_Exercises[ExerciseName],0)),""Unknown"")"
E-20260528-1809,S-20260528-01,Band Pull Aparts,1,0.0,15.0,,,,,,,,,Blue band,6,2026-05-28T18:44:23.132Z,"=IFERROR(INDEX(tbl_Lookup_Exercises[Category],MATCH(tbl_Exercises[[#This Row],[ExerciseName]],tbl_Lookup_Exercises[ExerciseName],0)),""Unknown"")"
E-20260528-1810,S-20260528-01,Band Pull Aparts,2,0.0,15.0,,,,,,,,,Blue band,6,2026-05-28T18:44:23.885Z,"=IFERROR(INDEX(tbl_Lookup_Exercises[Category],MATCH(tbl_Exercises[[#This Row],[ExerciseName]],tbl_Lookup_Exercises[ExerciseName],0)),""Unknown"")"
E-20260528-1811,S-20260528-01,Band External Rotations,1,0.0,10.0,,,,,,,,,Blue band,6,2026-05-28T18:44:30.092Z,"=IFERROR(INDEX(tbl_Lookup_Exercises[Category],MATCH(tbl_Exercises[[#This Row],[ExerciseName]],tbl_Lookup_Exercises[ExerciseName],0)),""Unknown"")"
E-20260528-1812,S-20260528-01,Band External Rotations,2,0.0,10.0,,,,,,,,,Blue band,6,2026-05-28T18:44:30.981Z,"=IFERROR(INDEX(tbl_Lookup_Exercises[Category],MATCH(tbl_Exercises[[#This Row],[ExerciseName]],tbl_Lookup_Exercises[ExerciseName],0)),""Unknown"")"
E-20260528-1813,S-20260528-01,Treadmill Walking,1,,,360.0,0.55,km,,,,,,Warmup,6,2026-05-28T18:49:47.622Z,"=IFERROR(INDEX(tbl_Lookup_Exercises[Category],MATCH(tbl_Exercises[[#This Row],[ExerciseName]],tbl_Lookup_Exercises[ExerciseName],0)),""Unknown"")"
E-20260528-1814,S-20260528-01,Neutral Grip Dumbbell Floor Press,1,150.0,6.0,,,,2.0,1.0,2.0,2-1,,Tempo 2-1-2; RIR 2-1,6,2026-05-28T18:54:58.178Z,"=IFERROR(INDEX(tbl_Lookup_Exercises[Category],MATCH(tbl_Exercises[[#This Row],[ExerciseName]],tbl_Lookup_Exercises[ExerciseName],0)),""Unknown"")"
E-20260528-1815,S-20260528-01,Neutral Grip Dumbbell Floor Press,2,150.0,7.0,,,,2.0,1.0,2.0,2-1,,Tempo 2-1-2; RIR 2-1,6,2026-05-28T18:56:58.419Z,"=IFERROR(INDEX(tbl_Lookup_Exercises[Category],MATCH(tbl_Exercises[[#This Row],[ExerciseName]],tbl_Lookup_Exercises[ExerciseName],0)),""Unknown"")"
E-20260528-1816,S-20260528-01,Neutral Grip Dumbbell Floor Press,3,150.0,6.0,,,,2.0,1.0,2.0,2-1,,Tempo 2-1-2; RIR 2-1,6,2026-05-28T19:00:30.823Z,"=IFERROR(INDEX(tbl_Lookup_Exercises[Category],MATCH(tbl_Exercises[[#This Row],[ExerciseName]],tbl_Lookup_Exercises[ExerciseName],0)),""Unknown"")"
E-20260528-1817,S-20260528-01,Neutral Grip Dumbbell Floor Press,4,150.0,5.0,,,,2.0,1.0,2.0,1,,Tempo 2-1-2; RIR 1,6,2026-05-28T19:03:12.854Z,"=IFERROR(INDEX(tbl_Lookup_Exercises[Category],MATCH(tbl_Exercises[[#This Row],[ExerciseName]],tbl_Lookup_Exercises[ExerciseName],0)),""Unknown"")"
E-20260528-1818,S-20260528-01,Single Arm Cable Press (split stance),1,30.0,12.0,,,,2.0,1.0,2.0,2,,Tempo 2-1-2; RIR 2,6,2026-05-28T19:11:40.352Z,"=IFERROR(INDEX(tbl_Lookup_Exercises[Category],MATCH(tbl_Exercises[[#This Row],[ExerciseName]],tbl_Lookup_Exercises[ExerciseName],0)),""Unknown"")"
E-20260528-1819,S-20260528-01,Single Arm Cable Press (split stance),2,40.0,12.0,,,,2.0,1.0,2.0,2-1,,Tempo 2-1-2; RIR 2-1,6,2026-05-28T19:15:00.379Z,"=IFERROR(INDEX(tbl_Lookup_Exercises[Category],MATCH(tbl_Exercises[[#This Row],[ExerciseName]],tbl_Lookup_Exercises[ExerciseName],0)),""Unknown"")"
E-20260528-1820,S-20260528-01,Single Arm Cable Press (split stance),3,42.5,12.0,,,,2.0,1.0,2.0,2-1,,Tempo 2-1-2; RIR 2-1,6,2026-05-28T19:19:04.546Z,"=IFERROR(INDEX(tbl_Lookup_Exercises[Category],MATCH(tbl_Exercises[[#This Row],[ExerciseName]],tbl_Lookup_Exercises[ExerciseName],0)),""Unknown"")"
E-20260528-1821,S-20260528-01,Cable Lateral Raise (using elbow strap setup),1,10.0,15.0,,,,2.0,1.0,2.0,2-1,,Tempo 2-1-2; RIR 2-1,6,2026-05-28T19:22:18.610Z,"=IFERROR(INDEX(tbl_Lookup_Exercises[Category],MATCH(tbl_Exercises[[#This Row],[ExerciseName]],tbl_Lookup_Exercises[ExerciseName],0)),""Unknown"")"
E-20260528-1822,S-20260528-01,Cable Lateral Raise (using elbow strap setup),2,10.0,15.0,,,,2.0,1.0,2.0,2-1,,Tempo 2-1-2; RIR 2-1,6,2026-05-28T19:25:38.123Z,"=IFERROR(INDEX(tbl_Lookup_Exercises[Category],MATCH(tbl_Exercises[[#This Row],[ExerciseName]],tbl_Lookup_Exercises[ExerciseName],0)),""Unknown"")"
E-20260528-1823,S-20260528-01,Cable Lateral Raise (using elbow strap setup),3,12.5,15.0,,,,2.0,1.0,2.0,2-1,,Tempo 2-1-2; RIR 2-1,6,2026-05-28T19:29:27.670Z,"=IFERROR(INDEX(tbl_Lookup_Exercises[Category],MATCH(tbl_Exercises[[#This Row],[ExerciseName]],tbl_Lookup_Exercises[ExerciseName],0)),""Unknown"")"
E-20260528-1824,S-20260528-01,Single Arm Cable Extensions,1,25.0,10.0,,,,3.0,1.0,3.0,1,,Tempo 3-1-3; RIR 1 (right),6,2026-05-28T19:32:35.011Z,"=IFERROR(INDEX(tbl_Lookup_Exercises[Category],MATCH(tbl_Exercises[[#This Row],[ExerciseName]],tbl_Lookup_Exercises[ExerciseName],0)),""Unknown"")"
E-20260528-1825,S-20260528-01,Single Arm Cable Extensions,2,25.0,9.0,,,,3.0,1.0,3.0,1,,Tempo 3-1-3; RIR 1; observed superior humoral glide mid set. Anchoring down removed all ‘awareness’,6,2026-05-28T19:35:23.834Z,"=IFERROR(INDEX(tbl_Lookup_Exercises[Category],MATCH(tbl_Exercises[[#This Row],[ExerciseName]],tbl_Lookup_Exercises[ExerciseName],0)),""Unknown"")"
E-20260528-1826,S-20260528-01,Single Arm Cable Extensions,3,25.0,9.0,,,,,,,1-0,,Temp 3-1-3; RIR 1-0,6,2026-05-28T19:39:01.493Z,"=IFERROR(INDEX(tbl_Lookup_Exercises[Category],MATCH(tbl_Exercises[[#This Row],[ExerciseName]],tbl_Lookup_Exercises[ExerciseName],0)),""Unknown"")"
E-20260528-1827,S-20260528-01,Inverted KB Hold,1,30.0,,20.0,,,,,,,,20 seconds slow count; followed by 5 scap extension while holding inverted KB,6,2026-05-28T19:42:26.263Z,"=IFERROR(INDEX(tbl_Lookup_Exercises[Category],MATCH(tbl_Exercises[[#This Row],[ExerciseName]],tbl_Lookup_Exercises[ExerciseName],0)),""Unknown"")"
E-20260528-1828,S-20260528-01,Inverted KB Hold,2,30.0,,20.0,,,,,,,,20 seconds slow count; followed by 5 scap extension while holding inverted KB,6,2026-05-28T19:45:02.742Z,"=IFERROR(INDEX(tbl_Lookup_Exercises[Category],MATCH(tbl_Exercises[[#This Row],[ExerciseName]],tbl_Lookup_Exercises[ExerciseName],0)),""Unknown"")"
E-20260528-1829,S-20260528-01,Vertical DB Scap extension,1,45.0,15.0,,,,,,,,,10 scap extensions + 5 controlled presses,6,2026-05-28T19:53:39.210Z,"=IFERROR(INDEX(tbl_Lookup_Exercises[Category],MATCH(tbl_Exercises[[#This Row],[ExerciseName]],tbl_Lookup_Exercises[ExerciseName],0)),""Unknown"")"
E-20260528-1830,S-20260528-01,Vertical DB Scap extension,2,45.0,15.0,,,,,,,,,10 scap extensions + 5 controlled presses,6,2026-05-28T19:53:40.448Z,"=IFERROR(INDEX(tbl_Lookup_Exercises[Category],MATCH(tbl_Exercises[[#This Row],[ExerciseName]],tbl_Lookup_Exercises[ExerciseName],0)),""Unknown"")"
E-20260528-1831,S-20260528-01,Treadmill Walking,2,,,45.0,0.17,km,,,,,,,6,2026-05-28T20:00:27.788Z,"=IFERROR(INDEX(tbl_Lookup_Exercises[Category],MATCH(tbl_Exercises[[#This Row],[ExerciseName]],tbl_Lookup_Exercises[ExerciseName],0)),""Unknown"")"
E-20260528-1832,S-20260528-01,Treadmill Walking,3,,,45.0,0.17,km,,,,,,,6,2026-05-28T20:00:29.412Z,"=IFERROR(INDEX(tbl_Lookup_Exercises[Category],MATCH(tbl_Exercises[[#This Row],[ExerciseName]],tbl_Lookup_Exercises[ExerciseName],0)),""Unknown"")"
E-20260528-1833,S-20260528-01,Treadmill Walking,4,,,45.0,0.17,km,,,,,,,6,2026-05-28T20:00:29.913Z,"=IFERROR(INDEX(tbl_Lookup_Exercises[Category],MATCH(tbl_Exercises[[#This Row],[ExerciseName]],tbl_Lookup_Exercises[ExerciseName],0)),""Unknown"")"
E-20260528-1834,S-20260528-01,Treadmill Walking,5,,,45.0,0.17,km,,,,,,,6,2026-05-28T20:00:41.074Z,"=IFERROR(INDEX(tbl_Lookup_Exercises[Category],MATCH(tbl_Exercises[[#This Row],[ExerciseName]],tbl_Lookup_Exercises[ExerciseName],0)),""Unknown"")"
E-20260528-1835,S-20260528-01,Treadmill Walking,6,,,45.0,0.17,km,,,,,,,6,2026-05-28T20:01:48.909Z,"=IFERROR(INDEX(tbl_Lookup_Exercises[Category],MATCH(tbl_Exercises[[#This Row],[ExerciseName]],tbl_Lookup_Exercises[ExerciseName],0)),""Unknown"")"
E-20260530-1836,S-20260530-01,Treadmill Walking,1,,,360.0,0.55,km,,,,,,5% incline; 3.5 mph,6,2026-05-30T14:41:32.003Z,"=IFERROR(INDEX(tbl_Lookup_Exercises[Category],MATCH(tbl_Exercises[[#This Row],[ExerciseName]],tbl_Lookup_Exercises[ExerciseName],0)),""Unknown"")"
E-20260530-1837,S-20260530-01,Suitcase Carries,1,75.0,,60.0,,,,,,,,"2mph, 1% incline",6,2026-05-30T14:49:12.393Z,"=IFERROR(INDEX(tbl_Lookup_Exercises[Category],MATCH(tbl_Exercises[[#This Row],[ExerciseName]],tbl_Lookup_Exercises[ExerciseName],0)),""Unknown"")"
E-20260530-1838,S-20260530-01,Suitcase Carries,2,75.0,,60.0,,,,,,,,"75 sec between set; 2mph, 1% incline",6,2026-05-30T14:52:24.805Z,"=IFERROR(INDEX(tbl_Lookup_Exercises[Category],MATCH(tbl_Exercises[[#This Row],[ExerciseName]],tbl_Lookup_Exercises[ExerciseName],0)),""Unknown"")"
E-20260530-1839,S-20260530-01,Suitcase Carries,3,75.0,,60.0,,,,,,,,"75 sec between set; 2mph, 1% incline",6,2026-05-30T14:55:40.398Z,"=IFERROR(INDEX(tbl_Lookup_Exercises[Category],MATCH(tbl_Exercises[[#This Row],[ExerciseName]],tbl_Lookup_Exercises[ExerciseName],0)),""Unknown"")"
E-20260530-1840,S-20260530-01,Suitcase Carries,4,75.0,,60.0,,,,,,,,"75 sec between set; 2mph, 1% incline",6,2026-05-30T14:58:55.573Z,"=IFERROR(INDEX(tbl_Lookup_Exercises[Category],MATCH(tbl_Exercises[[#This Row],[ExerciseName]],tbl_Lookup_Exercises[ExerciseName],0)),""Unknown"")"
E-20260530-1841,S-20260530-01,Half-Kneeling Single Arm Cable Row,1,60.0,12.0,,,,2.0,2.0,2.0,2,,Dual pulley seated cable back row machine. Half kneeling position behind the seat; Tempo 2-2-2; RIR 2,6,2026-05-30T15:03:42.082Z,"=IFERROR(INDEX(tbl_Lookup_Exercises[Category],MATCH(tbl_Exercises[[#This Row],[ExerciseName]],tbl_Lookup_Exercises[ExerciseName],0)),""Unknown"")"
E-20260530-1842,S-20260530-01,Half-Kneeling Single Arm Cable Row,2,65.0,11.0,,,,2.0,2.0,2.0,2-1,,Tempo 2-2-2; RIR 2-1,6,2026-05-30T15:07:08.641Z,"=IFERROR(INDEX(tbl_Lookup_Exercises[Category],MATCH(tbl_Exercises[[#This Row],[ExerciseName]],tbl_Lookup_Exercises[ExerciseName],0)),""Unknown"")"
E-20260530-1843,S-20260530-01,Half-Kneeling Single Arm Cable Row,3,65.0,10.0,,,,2.0,2.0,2.0,2-1,,Tempo 2-2-2; RIR 2-1,6,2026-05-30T15:11:14.089Z,"=IFERROR(INDEX(tbl_Lookup_Exercises[Category],MATCH(tbl_Exercises[[#This Row],[ExerciseName]],tbl_Lookup_Exercises[ExerciseName],0)),""Unknown"")"
E-20260530-1844,S-20260530-01,Half-Kneeling Single Arm Cable Row,4,65.0,10.0,,,,2.0,2.0,2.0,1,,Tempo 2-2-2; RIR 1,6,2026-05-30T15:14:31.721Z,"=IFERROR(INDEX(tbl_Lookup_Exercises[Category],MATCH(tbl_Exercises[[#This Row],[ExerciseName]],tbl_Lookup_Exercises[ExerciseName],0)),""Unknown"")"
E-20260530-1845,S-20260530-01,Face Pull (w External Rotation),1,25.0,15.0,,,,2.0,2.0,2.0,2,,Tempo 2-2-2; RIR 2,6,2026-05-30T15:17:36.342Z,"=IFERROR(INDEX(tbl_Lookup_Exercises[Category],MATCH(tbl_Exercises[[#This Row],[ExerciseName]],tbl_Lookup_Exercises[ExerciseName],0)),""Unknown"")"
E-20260530-1846,S-20260530-01,Face Pull (w External Rotation),2,30.0,15.0,,,,2.0,2.0,2.0,2,,Tempo 2-2-2; RIR 2,6,2026-05-30T15:20:11.067Z,"=IFERROR(INDEX(tbl_Lookup_Exercises[Category],MATCH(tbl_Exercises[[#This Row],[ExerciseName]],tbl_Lookup_Exercises[ExerciseName],0)),""Unknown"")"
E-20260530-1847,S-20260530-01,Face Pull (w External Rotation),3,35.0,15.0,,,,2.0,2.0,2.0,2,,Tempo 2-2-2; RIR 2,6,2026-05-30T15:22:26.407Z,"=IFERROR(INDEX(tbl_Lookup_Exercises[Category],MATCH(tbl_Exercises[[#This Row],[ExerciseName]],tbl_Lookup_Exercises[ExerciseName],0)),""Unknown"")"
E-20260530-1848,S-20260530-01,Standing One Arm Extended Cable Curls,1,25.0,12.0,,,,2.0,1.0,3.0,2,,Tempo 2-1-3; RIR 2,6,2026-05-30T15:27:09.612Z,"=IFERROR(INDEX(tbl_Lookup_Exercises[Category],MATCH(tbl_Exercises[[#This Row],[ExerciseName]],tbl_Lookup_Exercises[ExerciseName],0)),""Unknown"")"
E-20260530-1849,S-20260530-01,Standing One Arm Extended Cable Curls,2,25.0,12.0,,,,2.0,1.0,3.0,2,,Tempo 2-1-3; RIR 2,6,2026-05-30T15:31:04.553Z,"=IFERROR(INDEX(tbl_Lookup_Exercises[Category],MATCH(tbl_Exercises[[#This Row],[ExerciseName]],tbl_Lookup_Exercises[ExerciseName],0)),""Unknown"")"
E-20260530-1850,S-20260530-01,Standing One Arm Extended Cable Curls,3,27.5,11.0,,,,2.0,1.0,3.0,1,,Tempo 2-1-3; RIR 1,6,2026-05-30T15:36:08.149Z,"=IFERROR(INDEX(tbl_Lookup_Exercises[Category],MATCH(tbl_Exercises[[#This Row],[ExerciseName]],tbl_Lookup_Exercises[ExerciseName],0)),""Unknown"")"
E-20260530-1851,S-20260530-01,Rowing,1,,,462.0,2.0,km,,,,,,"Felt tough today. But maintaining rpm at 22-24, damper at 6",6,2026-05-30T15:47:26.877Z,"=IFERROR(INDEX(tbl_Lookup_Exercises[Category],MATCH(tbl_Exercises[[#This Row],[ExerciseName]],tbl_Lookup_Exercises[ExerciseName],0)),""Unknown"")"
E-20260531-1852,S-20260531-01,Treadmill Walking,1,,,360.0,0.57,km,,,,,,"Warmup: 5% incline, 3.6mph",6,2026-05-31T13:30:55.652Z,"=IFERROR(INDEX(tbl_Lookup_Exercises[Category],MATCH(tbl_Exercises[[#This Row],[ExerciseName]],tbl_Lookup_Exercises[ExerciseName],0)),""Unknown"")"
E-20260531-1853,S-20260531-01,DB Spider Curl (Hammer),1,80.0,15.0,,,,,,,2,,Temp 2-1-3; RIR 2,6,2026-05-31T13:39:03.658Z,"=IFERROR(INDEX(tbl_Lookup_Exercises[Category],MATCH(tbl_Exercises[[#This Row],[ExerciseName]],tbl_Lookup_Exercises[ExerciseName],0)),""Unknown"")"
E-20260531-1854,S-20260531-01,DB Spider Curl (Hammer),2,80.0,14.0,,,,,,,1,,Strict rest at 75 second; Temp 2-1-3; RIR 1,6,2026-05-31T13:41:53.577Z,"=IFERROR(INDEX(tbl_Lookup_Exercises[Category],MATCH(tbl_Exercises[[#This Row],[ExerciseName]],tbl_Lookup_Exercises[ExerciseName],0)),""Unknown"")"
E-20260531-1855,S-20260531-01,DB Spider Curl (Hammer),3,80.0,13.0,,,,,,,1,,Strict rest at 75 second; Temp 2-1-3; RIR 1,6,2026-05-31T13:44:21.888Z,"=IFERROR(INDEX(tbl_Lookup_Exercises[Category],MATCH(tbl_Exercises[[#This Row],[ExerciseName]],tbl_Lookup_Exercises[ExerciseName],0)),""Unknown"")"
E-20260531-1856,S-20260531-01,Kneeling Single Arm Rope Cable Extension,1,25.0,10.0,,,,3.0,1.0,3.0,2,,Tempo 3-1-3: RIR 2; right fatigued quicker than left,6,2026-05-31T13:49:00.828Z,"=IFERROR(INDEX(tbl_Lookup_Exercises[Category],MATCH(tbl_Exercises[[#This Row],[ExerciseName]],tbl_Lookup_Exercises[ExerciseName],0)),""Unknown"")"
E-20260531-1857,S-20260531-01,Kneeling Single Arm Rope Cable Extension,2,27.5,9.0,,,,3.0,1.0,3.0,1,,Tempo 3-1-3: RIR 1; right fatigued quicker than left,6,2026-05-31T13:52:47.848Z,"=IFERROR(INDEX(tbl_Lookup_Exercises[Category],MATCH(tbl_Exercises[[#This Row],[ExerciseName]],tbl_Lookup_Exercises[ExerciseName],0)),""Unknown"")"
E-20260531-1858,S-20260531-01,Kneeling Single Arm Rope Cable Extension,3,30.0,8.0,,,,3.0,1.0,3.0,1,,Tempo 3-1-3: RIR 1; right fatigued quicker than left,6,2026-05-31T13:56:04.917Z,"=IFERROR(INDEX(tbl_Lookup_Exercises[Category],MATCH(tbl_Exercises[[#This Row],[ExerciseName]],tbl_Lookup_Exercises[ExerciseName],0)),""Unknown"")"
E-20260531-1859,S-20260531-01,Standing Single Arm Cable Curl,1,30.0,10.0,,,,3.0,1.0,3.0,2-1,2026-05-31T14:01:03.829Z,D-Grip; tempo 3-1-3; RIR 2-1,6,2026-05-31T14:01:06.122Z,"=IFERROR(INDEX(tbl_Lookup_Exercises[Category],MATCH(tbl_Exercises[[#This Row],[ExerciseName]],tbl_Lookup_Exercises[ExerciseName],0)),""Unknown"")"
E-20260531-1860,S-20260531-01,Single Arm Cable Extensions,1,27.5,9.0,,,,2.0,1.0,2.0,2-1,2026-05-31T14:01:03.829Z,Tempo 2-1-2; RIR 2-1,6,2026-05-31T14:01:23.874Z,"=IFERROR(INDEX(tbl_Lookup_Exercises[Category],MATCH(tbl_Exercises[[#This Row],[ExerciseName]],tbl_Lookup_Exercises[ExerciseName],0)),""Unknown"")"
E-20260531-1861,S-20260531-01,Standing Single Arm Cable Curl,2,30.0,9.0,,,,2.0,1.0,2.0,1,2026-05-31T14:05:15.526Z,D-Grip; tempo 2-1-2; RIR 1,6,2026-05-31T14:05:16.128Z,"=IFERROR(INDEX(tbl_Lookup_Exercises[Category],MATCH(tbl_Exercises[[#This Row],[ExerciseName]],tbl_Lookup_Exercises[ExerciseName],0)),""Unknown"")"
E-20260531-1862,S-20260531-01,Single Arm Cable Extensions,2,30.0,9.0,,,,2.0,1.0,2.0,1,2026-05-31T14:05:15.526Z,Tempo 2-1-2; RIR 1,6,2026-05-31T14:05:34.380Z,"=IFERROR(INDEX(tbl_Lookup_Exercises[Category],MATCH(tbl_Exercises[[#This Row],[ExerciseName]],tbl_Lookup_Exercises[ExerciseName],0)),""Unknown"")"
E-20260531-1863,S-20260531-01,Standing Single Arm Cable Curl,3,30.0,8.0,,,,2.0,1.0,2.0,1,2026-05-31T14:09:59.975Z,D-Grip; tempo 2-1-2; RIR 1,6,2026-05-31T14:10:00.849Z,"=IFERROR(INDEX(tbl_Lookup_Exercises[Category],MATCH(tbl_Exercises[[#This Row],[ExerciseName]],tbl_Lookup_Exercises[ExerciseName],0)),""Unknown"")"
E-20260531-1864,S-20260531-01,Single Arm Cable Extensions,3,30.0,8.0,,,,2.0,1.0,2.0,1,2026-05-31T14:09:59.975Z,Tempo 2-1-2; RIR 1,6,2026-05-31T14:10:04.496Z,"=IFERROR(INDEX(tbl_Lookup_Exercises[Category],MATCH(tbl_Exercises[[#This Row],[ExerciseName]],tbl_Lookup_Exercises[ExerciseName],0)),""Unknown"")"
E-20260531-1865,S-20260531-01,Farmer’s Hold,1,150.0,,70.19999999999999,,,,,,,,70/60=1.167; strict 90 sec rest,6,2026-05-31T14:19:36.981Z,"=IFERROR(INDEX(tbl_Lookup_Exercises[Category],MATCH(tbl_Exercises[[#This Row],[ExerciseName]],tbl_Lookup_Exercises[ExerciseName],0)),""Unknown"")"
E-20260531-1866,S-20260531-01,Farmer’s Hold,2,150.0,,70.19999999999999,,,,,,,,70/60=1.167; strict 90 sec rest,6,2026-05-31T14:19:38.325Z,"=IFERROR(INDEX(tbl_Lookup_Exercises[Category],MATCH(tbl_Exercises[[#This Row],[ExerciseName]],tbl_Lookup_Exercises[ExerciseName],0)),""Unknown"")"
E-20260531-1867,S-20260531-01,Farmer’s Hold,3,150.0,,60.0,,,,,,,,; strict 90 sec rest,6,2026-05-31T14:19:48.158Z,"=IFERROR(INDEX(tbl_Lookup_Exercises[Category],MATCH(tbl_Exercises[[#This Row],[ExerciseName]],tbl_Lookup_Exercises[ExerciseName],0)),""Unknown"")"
E-20260531-1868,S-20260531-01,Treadmill Walking,2,,,45.0,0.16,km,,,,,,Athletic capacity finish ,6,2026-05-31T14:23:27.656Z,"=IFERROR(INDEX(tbl_Lookup_Exercises[Category],MATCH(tbl_Exercises[[#This Row],[ExerciseName]],tbl_Lookup_Exercises[ExerciseName],0)),""Unknown"")"
E-20260531-1869,S-20260531-01,Treadmill Walking,3,,,45.0,0.16,km,,,,,,Athletic capacity finish ,6,2026-05-31T14:23:28.661Z,"=IFERROR(INDEX(tbl_Lookup_Exercises[Category],MATCH(tbl_Exercises[[#This Row],[ExerciseName]],tbl_Lookup_Exercises[ExerciseName],0)),""Unknown"")"
E-20260531-1870,S-20260531-01,Treadmill Walking,4,,,45.0,0.16,km,,,,,,Athletic capacity finish ,6,2026-05-31T14:25:21.736Z,"=IFERROR(INDEX(tbl_Lookup_Exercises[Category],MATCH(tbl_Exercises[[#This Row],[ExerciseName]],tbl_Lookup_Exercises[ExerciseName],0)),""Unknown"")"
E-20260531-1871,S-20260531-01,Treadmill Walking,5,,,45.0,0.16,km,,,,,,Athletic capacity finish ,6,2026-05-31T14:26:50.466Z,"=IFERROR(INDEX(tbl_Lookup_Exercises[Category],MATCH(tbl_Exercises[[#This Row],[ExerciseName]],tbl_Lookup_Exercises[ExerciseName],0)),""Unknown"")"
E-20260531-1872,S-20260531-01,Treadmill Walking,6,,,45.0,0.16,km,,,,,,Athletic capacity finish ,6,2026-05-31T14:28:20.215Z,"=IFERROR(INDEX(tbl_Lookup_Exercises[Category],MATCH(tbl_Exercises[[#This Row],[ExerciseName]],tbl_Lookup_Exercises[ExerciseName],0)),""Unknown"")"
E-20260531-1873,S-20260531-01,Treadmill Walking,7,,,45.0,0.16,km,,,,,,Athletic capacity finish ,6,2026-05-31T14:30:12.541Z,"=IFERROR(INDEX(tbl_Lookup_Exercises[Category],MATCH(tbl_Exercises[[#This Row],[ExerciseName]],tbl_Lookup_Exercises[ExerciseName],0)),""Unknown"")"
E-20260602-1874,S-20260602-01,Treadmill Walking,1,,,360.0,0.57,km,,,,,,"Warmup: Incline 5%, 3.5mph",6,2026-06-02T13:47:52.214Z,"=IFERROR(INDEX(tbl_Lookup_Exercises[Category],MATCH(tbl_Exercises[[#This Row],[ExerciseName]],tbl_Lookup_Exercises[ExerciseName],0)),""Unknown"")"
E-20260602-1875,S-20260602-01,Serratus Wall Slides (banded),1,0.0,8.0,,,,,,,,,Green band,6,2026-06-02T13:55:40.689Z,"=IFERROR(INDEX(tbl_Lookup_Exercises[Category],MATCH(tbl_Exercises[[#This Row],[ExerciseName]],tbl_Lookup_Exercises[ExerciseName],0)),""Unknown"")"
E-20260602-1876,S-20260602-01,Serratus Wall Slides (banded),2,0.0,8.0,,,,,,,,,Green band,6,2026-06-02T13:55:41.455Z,"=IFERROR(INDEX(tbl_Lookup_Exercises[Category],MATCH(tbl_Exercises[[#This Row],[ExerciseName]],tbl_Lookup_Exercises[ExerciseName],0)),""Unknown"")"
E-20260602-1877,S-20260602-01,Band Pull Aparts,1,0.0,15.0,,,,,,,,,Red band ,6,2026-06-02T13:55:48.031Z,"=IFERROR(INDEX(tbl_Lookup_Exercises[Category],MATCH(tbl_Exercises[[#This Row],[ExerciseName]],tbl_Lookup_Exercises[ExerciseName],0)),""Unknown"")"
E-20260602-1878,S-20260602-01,Band Pull Aparts,2,0.0,15.0,,,,,,,,,Red band ,6,2026-06-02T13:55:48.902Z,"=IFERROR(INDEX(tbl_Lookup_Exercises[Category],MATCH(tbl_Exercises[[#This Row],[ExerciseName]],tbl_Lookup_Exercises[ExerciseName],0)),""Unknown"")"
E-20260602-1879,S-20260602-01,Dead Hang,1,0.0,,60.0,,,,,,,,20 sec,6,2026-06-02T13:56:23.640Z,"=IFERROR(INDEX(tbl_Lookup_Exercises[Category],MATCH(tbl_Exercises[[#This Row],[ExerciseName]],tbl_Lookup_Exercises[ExerciseName],0)),""Unknown"")"
E-20260602-1880,S-20260602-01,Dead Hang,2,0.0,,60.0,,,,,,,,20 sec,6,2026-06-02T13:56:24.231Z,"=IFERROR(INDEX(tbl_Lookup_Exercises[Category],MATCH(tbl_Exercises[[#This Row],[ExerciseName]],tbl_Lookup_Exercises[ExerciseName],0)),""Unknown"")"
E-20260602-1881,S-20260602-01,Farmer's Walk,1,150.0,,60.0,,,,,,,,"1% incline, 2mph",6,2026-06-02T13:58:17.542Z,"=IFERROR(INDEX(tbl_Lookup_Exercises[Category],MATCH(tbl_Exercises[[#This Row],[ExerciseName]],tbl_Lookup_Exercises[ExerciseName],0)),""Unknown"")"
E-20260602-1882,S-20260602-01,Farmer's Walk,2,150.0,,60.0,,,,,,,,"1% incline, 2mph",6,2026-06-02T14:00:36.543Z,"=IFERROR(INDEX(tbl_Lookup_Exercises[Category],MATCH(tbl_Exercises[[#This Row],[ExerciseName]],tbl_Lookup_Exercises[ExerciseName],0)),""Unknown"")"
E-20260602-1883,S-20260602-01,Farmer's Walk,3,150.0,,55.2,,,,,,,,"1% incline, 2mph; 55/60=0.917",6,2026-06-02T14:03:14.002Z,"=IFERROR(INDEX(tbl_Lookup_Exercises[Category],MATCH(tbl_Exercises[[#This Row],[ExerciseName]],tbl_Lookup_Exercises[ExerciseName],0)),""Unknown"")"
E-20260602-1884,S-20260602-01,Farmer's Walk,4,150.0,,46.2,,,,,,,,"1% incline, 2mph; 46/60=0.767",6,2026-06-02T14:05:47.373Z,"=IFERROR(INDEX(tbl_Lookup_Exercises[Category],MATCH(tbl_Exercises[[#This Row],[ExerciseName]],tbl_Lookup_Exercises[ExerciseName],0)),""Unknown"")"
E-20260602-1885,S-20260602-01,Farmer's Walk,5,150.0,,45.0,,,,,,,,"1% incline, 2mph; 46/60=0.767",6,2026-06-02T14:07:56.210Z,"=IFERROR(INDEX(tbl_Lookup_Exercises[Category],MATCH(tbl_Exercises[[#This Row],[ExerciseName]],tbl_Lookup_Exercises[ExerciseName],0)),""Unknown"")"
E-20260602-1886,S-20260602-01,Machine Row,1,200.0,8.0,,,,2.0,1.0,2.0,2,,RIR 2; tempo 2-1-2,6,2026-06-02T14:12:37.921Z,"=IFERROR(INDEX(tbl_Lookup_Exercises[Category],MATCH(tbl_Exercises[[#This Row],[ExerciseName]],tbl_Lookup_Exercises[ExerciseName],0)),""Unknown"")"
E-20260602-1887,S-20260602-01,Machine Row,2,205.0,7.0,,,,2.0,1.0,2.0,2-1,,RIR 2-1; tempo 2-1-2,6,2026-06-02T14:15:01.224Z,"=IFERROR(INDEX(tbl_Lookup_Exercises[Category],MATCH(tbl_Exercises[[#This Row],[ExerciseName]],tbl_Lookup_Exercises[ExerciseName],0)),""Unknown"")"
E-20260602-1888,S-20260602-01,Machine Row,3,207.5,7.0,,,,2.0,1.0,2.0,1,,RIR 1; tempo 2-1-2,6,2026-06-02T14:17:41.694Z,"=IFERROR(INDEX(tbl_Lookup_Exercises[Category],MATCH(tbl_Exercises[[#This Row],[ExerciseName]],tbl_Lookup_Exercises[ExerciseName],0)),""Unknown"")"
E-20260602-1889,S-20260602-01,Machine Row,4,207.5,5.0,,,,2.0,1.0,2.0,1,,RIR 1; tempo 2-1-2,6,2026-06-02T14:20:06.606Z,"=IFERROR(INDEX(tbl_Lookup_Exercises[Category],MATCH(tbl_Exercises[[#This Row],[ExerciseName]],tbl_Lookup_Exercises[ExerciseName],0)),""Unknown"")"
E-20260602-1890,S-20260602-01,Body Row,1,0.0,8.0,,,,,,,,,,6,2026-06-02T14:22:45.079Z,"=IFERROR(INDEX(tbl_Lookup_Exercises[Category],MATCH(tbl_Exercises[[#This Row],[ExerciseName]],tbl_Lookup_Exercises[ExerciseName],0)),""Unknown"")"
E-20260602-1891,S-20260602-01,Body Row,2,0.0,8.0,,,,,,,,,Focused on hold/contraction and smooth controlled eccentric ,6,2026-06-02T14:25:24.895Z,"=IFERROR(INDEX(tbl_Lookup_Exercises[Category],MATCH(tbl_Exercises[[#This Row],[ExerciseName]],tbl_Lookup_Exercises[ExerciseName],0)),""Unknown"")"
E-20260602-1892,S-20260602-01,Body Row,3,0.0,8.0,,,,,,,,,Forearm fatigue. Lactic acid buildup. Focused on hold/contraction and smooth controlled eccentric ,6,2026-06-02T14:27:40.544Z,"=IFERROR(INDEX(tbl_Lookup_Exercises[Category],MATCH(tbl_Exercises[[#This Row],[ExerciseName]],tbl_Lookup_Exercises[ExerciseName],0)),""Unknown"")"
E-20260602-1893,S-20260602-01,Anchored Single Arm Dumbbell Curl,1,35.0,8.0,,,,2.0,1.0,2.0,2-1,,RIR 2-1; Tempo 2-1-2; left fatigued quicker,6,2026-06-02T14:32:05.196Z,"=IFERROR(INDEX(tbl_Lookup_Exercises[Category],MATCH(tbl_Exercises[[#This Row],[ExerciseName]],tbl_Lookup_Exercises[ExerciseName],0)),""Unknown"")"
E-20260602-1894,S-20260602-01,Anchored Single Arm Dumbbell Curl,2,35.0,7.0,,,,2.0,1.0,2.0,2-1,,RIR 2-1; Tempo 2-1-2; left fatigued quicker,6,2026-06-02T14:34:42.187Z,"=IFERROR(INDEX(tbl_Lookup_Exercises[Category],MATCH(tbl_Exercises[[#This Row],[ExerciseName]],tbl_Lookup_Exercises[ExerciseName],0)),""Unknown"")"
E-20260602-1895,S-20260602-01,Anchored Single Arm Dumbbell Curl,3,35.0,6.0,,,,2.0,1.0,2.0,2-1,,RIR 2-1; Tempo 2-1-2; left fatigued quicker,6,2026-06-02T14:38:02.870Z,"=IFERROR(INDEX(tbl_Lookup_Exercises[Category],MATCH(tbl_Exercises[[#This Row],[ExerciseName]],tbl_Lookup_Exercises[ExerciseName],0)),""Unknown"")"
E-20260602-1896,S-20260602-01,Anchored Single Arm Dumbbell Curl,4,35.0,5.0,,,,2.0,1.0,2.0,1,,RIR 1; Tempo 2-1-2; left fatigued quicker,6,2026-06-02T14:40:41.579Z,"=IFERROR(INDEX(tbl_Lookup_Exercises[Category],MATCH(tbl_Exercises[[#This Row],[ExerciseName]],tbl_Lookup_Exercises[ExerciseName],0)),""Unknown"")"
E-20260602-1897,S-20260602-01,Rowing,1,,,470.0,2.0,km,,,,,,Aerobic capacity ,6,2026-06-02T14:51:26.285Z,"=IFERROR(INDEX(tbl_Lookup_Exercises[Category],MATCH(tbl_Exercises[[#This Row],[ExerciseName]],tbl_Lookup_Exercises[ExerciseName],0)),""Unknown"")"
E-20260604-1898,S-20260604-01,Treadmill Walking,1,,,360.0,0.59,km,,,,,,"Warmup 5% incline, 3.7 mph",6,2026-06-04T13:11:25.958Z,"=IFERROR(INDEX(tbl_Lookup_Exercises[Category],MATCH(tbl_Exercises[[#This Row],[ExerciseName]],tbl_Lookup_Exercises[ExerciseName],0)),""Unknown"")"
E-20260604-1899,S-20260604-01,Serratus Wall Slides (banded),1,0.0,8.0,,,,,,,,,Blue band,6,2026-06-04T13:17:52.471Z,"=IFERROR(INDEX(tbl_Lookup_Exercises[Category],MATCH(tbl_Exercises[[#This Row],[ExerciseName]],tbl_Lookup_Exercises[ExerciseName],0)),""Unknown"")"
E-20260604-1900,S-20260604-01,Serratus Wall Slides (banded),2,0.0,8.0,,,,,,,,,Blue band,6,2026-06-04T13:17:53.187Z,"=IFERROR(INDEX(tbl_Lookup_Exercises[Category],MATCH(tbl_Exercises[[#This Row],[ExerciseName]],tbl_Lookup_Exercises[ExerciseName],0)),""Unknown"")"
E-20260604-1901,S-20260604-01,Band Pull Aparts,1,0.0,10.0,,,,,,,,,Blue band,6,2026-06-04T13:18:03.847Z,"=IFERROR(INDEX(tbl_Lookup_Exercises[Category],MATCH(tbl_Exercises[[#This Row],[ExerciseName]],tbl_Lookup_Exercises[ExerciseName],0)),""Unknown"")"
E-20260604-1902,S-20260604-01,Band Pull Aparts,2,0.0,10.0,,,,,,,,,Blue band,6,2026-06-04T13:18:04.784Z,"=IFERROR(INDEX(tbl_Lookup_Exercises[Category],MATCH(tbl_Exercises[[#This Row],[ExerciseName]],tbl_Lookup_Exercises[ExerciseName],0)),""Unknown"")"
E-20260604-1903,S-20260604-01,Band External Rotations,1,0.0,10.0,,,,,,,,,Blue band,6,2026-06-04T13:18:17.685Z,"=IFERROR(INDEX(tbl_Lookup_Exercises[Category],MATCH(tbl_Exercises[[#This Row],[ExerciseName]],tbl_Lookup_Exercises[ExerciseName],0)),""Unknown"")"
E-20260604-1904,S-20260604-01,Band External Rotations,2,0.0,10.0,,,,,,,,,Blue band,6,2026-06-04T13:18:21.752Z,"=IFERROR(INDEX(tbl_Lookup_Exercises[Category],MATCH(tbl_Exercises[[#This Row],[ExerciseName]],tbl_Lookup_Exercises[ExerciseName],0)),""Unknown"")"
E-20260604-1905,S-20260604-01,Neutral Grip Dumbbell Floor Press,1,130.0,8.0,,,,2.0,1.0,,2,,RIR 2; tempo 2-1-X-2,6,2026-06-04T13:21:33.784Z,"=IFERROR(INDEX(tbl_Lookup_Exercises[Category],MATCH(tbl_Exercises[[#This Row],[ExerciseName]],tbl_Lookup_Exercises[ExerciseName],0)),""Unknown"")"
E-20260604-1906,S-20260604-01,Neutral Grip Dumbbell Floor Press,2,140.0,7.0,,,,2.0,1.0,,2-1,,RIR 2-1; tempo 2-1-X-2,6,2026-06-04T13:24:04.362Z,"=IFERROR(INDEX(tbl_Lookup_Exercises[Category],MATCH(tbl_Exercises[[#This Row],[ExerciseName]],tbl_Lookup_Exercises[ExerciseName],0)),""Unknown"")"
E-20260604-1907,S-20260604-01,Neutral Grip Dumbbell Floor Press,3,140.0,6.0,,,,2.0,1.0,,1,,RIR 1; tempo 2-1-X-2,6,2026-06-04T13:27:18.054Z,"=IFERROR(INDEX(tbl_Lookup_Exercises[Category],MATCH(tbl_Exercises[[#This Row],[ExerciseName]],tbl_Lookup_Exercises[ExerciseName],0)),""Unknown"")"
E-20260604-1908,S-20260604-01,Neutral Grip Dumbbell Floor Press,4,140.0,5.5,,,,2.0,1.0,,1,,RIR 1; tempo 2-1-X-2; slow eccentric on 5.5,6,2026-06-04T13:30:49.680Z,"=IFERROR(INDEX(tbl_Lookup_Exercises[Category],MATCH(tbl_Exercises[[#This Row],[ExerciseName]],tbl_Lookup_Exercises[ExerciseName],0)),""Unknown"")"
E-20260604-1909,S-20260604-01,Single Arm Cable Press (split stance),1,40.0,12.0,,,,2.0,1.0,,2-1,,Tempo 2-1-x-1; RIR 2-1,6,2026-06-04T13:34:07.990Z,"=IFERROR(INDEX(tbl_Lookup_Exercises[Category],MATCH(tbl_Exercises[[#This Row],[ExerciseName]],tbl_Lookup_Exercises[ExerciseName],0)),""Unknown"")"
E-20260604-1910,S-20260604-01,Single Arm Cable Press (split stance),2,42.5,12.0,,,,2.0,1.0,,2-1,,Tempo 2-1-x-1; RIR 2-1; right extension not as strong as left. Maybe a little more trap engagement/recruitment. Still good tempo under control,6,2026-06-04T13:37:57.994Z,"=IFERROR(INDEX(tbl_Lookup_Exercises[Category],MATCH(tbl_Exercises[[#This Row],[ExerciseName]],tbl_Lookup_Exercises[ExerciseName],0)),""Unknown"")"
E-20260604-1911,S-20260604-01,Single Arm Cable Press (split stance),3,45.0,10.0,,,,2.0,1.0,,1,,Tempo 2-1-x-1; RIR 1; right extension not as strong as left. Maybe a little more trap engagement/recruitment. Still good tempo under control,6,2026-06-04T13:41:44.146Z,"=IFERROR(INDEX(tbl_Lookup_Exercises[Category],MATCH(tbl_Exercises[[#This Row],[ExerciseName]],tbl_Lookup_Exercises[ExerciseName],0)),""Unknown"")"
E-20260604-1912,S-20260604-01,Single Arm Cable Extensions,1,25.0,11.0,,,,3.0,1.0,3.0,2-1,,"RIR 2-1; tempo 3-1-3; rope grip (I.e., hammer/neutral",6,2026-06-04T13:45:54.923Z,"=IFERROR(INDEX(tbl_Lookup_Exercises[Category],MATCH(tbl_Exercises[[#This Row],[ExerciseName]],tbl_Lookup_Exercises[ExerciseName],0)),""Unknown"")"
E-20260604-1913,S-20260604-01,Single Arm Cable Extensions,2,25.0,10.0,,,,3.0,1.0,3.0,1,,"RIR 1; tempo 3-1-3; rope grip (I.e., hammer/neutral); some tap assist on 8-10 but minimal and eccentric was a strong hold; may want to consider 22.5 lbs until all reps hit. Will finish today as-is though. Still feeling very good muscle connection and maintaining form",6,2026-06-04T13:50:21.927Z,"=IFERROR(INDEX(tbl_Lookup_Exercises[Category],MATCH(tbl_Exercises[[#This Row],[ExerciseName]],tbl_Lookup_Exercises[ExerciseName],0)),""Unknown"")"
E-20260604-1914,S-20260604-01,Single Arm Cable Extensions,3,25.0,9.0,,,,3.0,1.0,3.0,1,,"RIR 1; tempo 3-1-3; rope grip (I.e., hammer/neutral); some tap assist on 8-10 but minimal and eccentric was a strong hold; may want to consider 22.5 lbs until all reps hit. Will finish today as-is though. Still feeling very good muscle connection and maintaining form",6,2026-06-04T13:53:01.939Z,"=IFERROR(INDEX(tbl_Lookup_Exercises[Category],MATCH(tbl_Exercises[[#This Row],[ExerciseName]],tbl_Lookup_Exercises[ExerciseName],0)),""Unknown"")"
E-20260604-1915,S-20260604-01,Cable Lateral Raise (using elbow strap setup),1,12.5,15.0,,,,2.0,2.0,2.0,2-1,,RIR 2-1; tempo 2-2-2,6,2026-06-04T13:57:20.113Z,"=IFERROR(INDEX(tbl_Lookup_Exercises[Category],MATCH(tbl_Exercises[[#This Row],[ExerciseName]],tbl_Lookup_Exercises[ExerciseName],0)),""Unknown"")"
E-20260604-1916,S-20260604-01,Cable Lateral Raise (using elbow strap setup),2,15.0,11.0,,,,2.0,2.0,2.0,1,,RIR 1; tempo 2-2-2; too much trap recruitment ,6,2026-06-04T14:00:01.745Z,"=IFERROR(INDEX(tbl_Lookup_Exercises[Category],MATCH(tbl_Exercises[[#This Row],[ExerciseName]],tbl_Lookup_Exercises[ExerciseName],0)),""Unknown"")"
E-20260604-1917,S-20260604-01,Cable Lateral Raise (using elbow strap setup),3,15.0,15.0,,,,2.0,2.0,2.0,1,,RIR 1; tempo 2-2-2; too much trap recruitment ,6,2026-06-04T14:03:22.493Z,"=IFERROR(INDEX(tbl_Lookup_Exercises[Category],MATCH(tbl_Exercises[[#This Row],[ExerciseName]],tbl_Lookup_Exercises[ExerciseName],0)),""Unknown"")"
E-20260604-1918,S-20260604-01,Inverted KB Hold,1,30.0,,60.0,,,,,,,,20 slow sec hold; 5 scap extension; 5 inverted kb floor press,6,2026-06-04T14:09:35.608Z,"=IFERROR(INDEX(tbl_Lookup_Exercises[Category],MATCH(tbl_Exercises[[#This Row],[ExerciseName]],tbl_Lookup_Exercises[ExerciseName],0)),""Unknown"")"
E-20260604-1919,S-20260604-01,Inverted KB Hold,2,30.0,,60.0,,,,,,,,20 slow sec hold; 5 scap extension; 5 inverted kb floor press,6,2026-06-04T14:09:38.711Z,"=IFERROR(INDEX(tbl_Lookup_Exercises[Category],MATCH(tbl_Exercises[[#This Row],[ExerciseName]],tbl_Lookup_Exercises[ExerciseName],0)),""Unknown"")"
E-20260604-1920,S-20260604-01,Treadmill Walking,2,,,45.0,0.1,km,,,,,,Capacity ,6,2026-06-04T14:15:03.773Z,"=IFERROR(INDEX(tbl_Lookup_Exercises[Category],MATCH(tbl_Exercises[[#This Row],[ExerciseName]],tbl_Lookup_Exercises[ExerciseName],0)),""Unknown"")"
E-20260604-1921,S-20260604-01,Treadmill Walking,3,,,45.0,0.18,km,,,,,,Capacity ,6,2026-06-04T14:16:08.504Z,"=IFERROR(INDEX(tbl_Lookup_Exercises[Category],MATCH(tbl_Exercises[[#This Row],[ExerciseName]],tbl_Lookup_Exercises[ExerciseName],0)),""Unknown"")"
E-20260604-1922,S-20260604-01,Treadmill Walking,4,,,45.0,0.18,km,,,,,,Capacity ,6,2026-06-04T14:17:34.472Z,"=IFERROR(INDEX(tbl_Lookup_Exercises[Category],MATCH(tbl_Exercises[[#This Row],[ExerciseName]],tbl_Lookup_Exercises[ExerciseName],0)),""Unknown"")"
E-20260604-1923,S-20260604-01,Treadmill Walking,5,,,45.0,0.18,km,,,,,,Capacity ,6,2026-06-04T14:18:46.892Z,"=IFERROR(INDEX(tbl_Lookup_Exercises[Category],MATCH(tbl_Exercises[[#This Row],[ExerciseName]],tbl_Lookup_Exercises[ExerciseName],0)),""Unknown"")"
E-20260604-1924,S-20260604-01,Treadmill Walking,6,,,45.0,0.18,km,,,,,,Capacity ,6,2026-06-04T14:20:42.077Z,"=IFERROR(INDEX(tbl_Lookup_Exercises[Category],MATCH(tbl_Exercises[[#This Row],[ExerciseName]],tbl_Lookup_Exercises[ExerciseName],0)),""Unknown"")"
E-20260606-1925,S-20260606-01,Treadmill Walking,1,,,360.0,0.6,km,,,,,,"Warmup 6.1 kph, 5% incline",6,2026-06-06T15:55:54.548Z,"=IFERROR(INDEX(tbl_Lookup_Exercises[Category],MATCH(tbl_Exercises[[#This Row],[ExerciseName]],tbl_Lookup_Exercises[ExerciseName],0)),""Unknown"")"
E-20260606-1926,S-20260606-01,Half-Kneeling Single Arm Cable Row,1,60.0,12.0,,,,2.0,2.0,2.0,2+,,"Single pulley, adjustable, set at 14 (nipple height when kneeling); Tempo 2-2-2; RIR 2+",6,2026-06-06T16:04:06.396Z,"=IFERROR(INDEX(tbl_Lookup_Exercises[Category],MATCH(tbl_Exercises[[#This Row],[ExerciseName]],tbl_Lookup_Exercises[ExerciseName],0)),""Unknown"")"
E-20260606-1927,S-20260606-01,Half-Kneeling Single Arm Cable Row,2,65.0,12.0,,,,2.0,2.0,2.0,2,,Tempo 2-2-2; RIR 2,6,2026-06-06T16:07:04.295Z,"=IFERROR(INDEX(tbl_Lookup_Exercises[Category],MATCH(tbl_Exercises[[#This Row],[ExerciseName]],tbl_Lookup_Exercises[ExerciseName],0)),""Unknown"")"
E-20260606-1928,S-20260606-01,Half-Kneeling Single Arm Cable Row,3,67.5,11.0,,,,2.0,2.0,2.0,1,,"Single pulley, adjustable, set at 14 (nipple height when kneeling); Tempo 2-2-2; RIR 1",6,2026-06-06T16:10:26.243Z,"=IFERROR(INDEX(tbl_Lookup_Exercises[Category],MATCH(tbl_Exercises[[#This Row],[ExerciseName]],tbl_Lookup_Exercises[ExerciseName],0)),""Unknown"")"
E-20260606-1929,S-20260606-01,Chest Supported Rear Delt Fly,1,10.0,15.0,,,,,,,,,Warmup set - 5 lbs dbs. Bench at 3.,6,2026-06-06T16:14:23.730Z,"=IFERROR(INDEX(tbl_Lookup_Exercises[Category],MATCH(tbl_Exercises[[#This Row],[ExerciseName]],tbl_Lookup_Exercises[ExerciseName],0)),""Unknown"")"
E-20260606-1930,S-20260606-01,Chest Supported Rear Delt Fly,2,20.0,14.0,,,,2.0,2.0,2.0,1,,Working set- tempo 2-2-2; RIR 1;  10lbs dbs. Bench at 3.,6,2026-06-06T16:16:33.972Z,"=IFERROR(INDEX(tbl_Lookup_Exercises[Category],MATCH(tbl_Exercises[[#This Row],[ExerciseName]],tbl_Lookup_Exercises[ExerciseName],0)),""Unknown"")"
E-20260606-1931,S-20260606-01,Chest Supported Rear Delt Fly,3,20.0,13.0,,,,2.0,2.0,2.0,1,,Working set- tempo 2-2-2; RIR 1;  10lbs dbs. Bench at 3.,6,2026-06-06T16:18:48.909Z,"=IFERROR(INDEX(tbl_Lookup_Exercises[Category],MATCH(tbl_Exercises[[#This Row],[ExerciseName]],tbl_Lookup_Exercises[ExerciseName],0)),""Unknown"")"
E-20260606-1932,S-20260606-01,Face Pull (w External Rotation),1,30.0,20.0,,,,2.0,2.0,2.0,2,,Tempo 2-2-2; RIR 2,6,2026-06-06T16:25:11.180Z,"=IFERROR(INDEX(tbl_Lookup_Exercises[Category],MATCH(tbl_Exercises[[#This Row],[ExerciseName]],tbl_Lookup_Exercises[ExerciseName],0)),""Unknown"")"
E-20260606-1933,S-20260606-01,Face Pull (w External Rotation),2,35.0,20.0,,,,2.0,2.0,2.0,2-1,,Tempo 2-2-2; RIR 2-1,6,2026-06-06T16:28:14.265Z,"=IFERROR(INDEX(tbl_Lookup_Exercises[Category],MATCH(tbl_Exercises[[#This Row],[ExerciseName]],tbl_Lookup_Exercises[ExerciseName],0)),""Unknown"")"
E-20260606-1934,S-20260606-01,Face Pull (w External Rotation),3,37.5,20.0,,,,2.0,2.0,2.0,2-1,,Tempo 2-2-2; RIR 2-1; slight subluxation on left when fatigue hit around 14 and 18 rep but paused and reset,6,2026-06-06T16:32:36.373Z,"=IFERROR(INDEX(tbl_Lookup_Exercises[Category],MATCH(tbl_Exercises[[#This Row],[ExerciseName]],tbl_Lookup_Exercises[ExerciseName],0)),""Unknown"")"
E-20260606-1935,S-20260606-01,Standing One Arm Extended Cable Curls,1,25.0,12.0,,,,2.0,2.0,2.0,2,,Tempo 2-2-2 (strict slow count); RIR 2,6,2026-06-06T16:35:59.339Z,"=IFERROR(INDEX(tbl_Lookup_Exercises[Category],MATCH(tbl_Exercises[[#This Row],[ExerciseName]],tbl_Lookup_Exercises[ExerciseName],0)),""Unknown"")"
E-20260606-1936,S-20260606-01,Standing One Arm Extended Cable Curls,2,27.5,12.0,,,,2.0,2.0,2.0,2,,Left quicker to fatigue; Tempo 2-2-2 (strict slow count); RIR 2,6,2026-06-06T16:40:59.255Z,"=IFERROR(INDEX(tbl_Lookup_Exercises[Category],MATCH(tbl_Exercises[[#This Row],[ExerciseName]],tbl_Lookup_Exercises[ExerciseName],0)),""Unknown"")"
E-20260606-1937,S-20260606-01,Standing One Arm Extended Cable Curls,3,27.5,10.0,,,,2.0,2.0,2.0,1-0,,Left quicker to fatigue; Tempo 2-2-2 (strict slow count); RIR 1-0,6,2026-06-06T16:44:41.082Z,"=IFERROR(INDEX(tbl_Lookup_Exercises[Category],MATCH(tbl_Exercises[[#This Row],[ExerciseName]],tbl_Lookup_Exercises[ExerciseName],0)),""Unknown"")"
E-20260606-1938,S-20260606-01,Suitcase Carries,1,75.0,,60.0,,,,,,,,"2.5 mph, 1% incline",6,2026-06-06T16:50:32.909Z,"=IFERROR(INDEX(tbl_Lookup_Exercises[Category],MATCH(tbl_Exercises[[#This Row],[ExerciseName]],tbl_Lookup_Exercises[ExerciseName],0)),""Unknown"")"
E-20260606-1939,S-20260606-01,Suitcase Carries,2,75.0,,60.0,,,,,,,,"2.5 mph, 1% incline; right starting to fail/roll to tips",6,2026-06-06T16:53:21.730Z,"=IFERROR(INDEX(tbl_Lookup_Exercises[Category],MATCH(tbl_Exercises[[#This Row],[ExerciseName]],tbl_Lookup_Exercises[ExerciseName],0)),""Unknown"")"
E-20260606-1940,S-20260606-01,Suitcase Carries,3,75.0,,39.6,,,,,,,,"Today feel like I’m pushing g cardio capacity too. Mph might be too fast; 2.5 mph, 1% incline; right starting to fail/roll to tips",6,2026-06-06T16:55:54.484Z,"=IFERROR(INDEX(tbl_Lookup_Exercises[Category],MATCH(tbl_Exercises[[#This Row],[ExerciseName]],tbl_Lookup_Exercises[ExerciseName],0)),""Unknown"")"
E-20260606-1941,S-20260606-01,Suitcase Carries,4,75.0,,39.6,,,,,,,,"Today feel like I’m pushing g cardio capacity too. Mph might be too fast; 2.5 mph, 1% incline; right starting to fail/roll to tips",6,2026-06-06T16:58:23.766Z,"=IFERROR(INDEX(tbl_Lookup_Exercises[Category],MATCH(tbl_Exercises[[#This Row],[ExerciseName]],tbl_Lookup_Exercises[ExerciseName],0)),""Unknown"")"
E-20260606-1942,S-20260606-01,Rowing,1,,,480.0,2.04,km,,,,,,Capacity finisher,6,2026-06-06T17:09:40.677Z,"=IFERROR(INDEX(tbl_Lookup_Exercises[Category],MATCH(tbl_Exercises[[#This Row],[ExerciseName]],tbl_Lookup_Exercises[ExerciseName],0)),""Unknown"")"
E-20260607-1943,S-20260607-01,Treadmill Walking,1,,,360.0,0.6,km,,,,,,"Warmup: 6.1kph, 5% incline",6,2026-06-07T15:31:44.412Z,"=IFERROR(INDEX(tbl_Lookup_Exercises[Category],MATCH(tbl_Exercises[[#This Row],[ExerciseName]],tbl_Lookup_Exercises[ExerciseName],0)),""Unknown"")"
E-20260607-1944,S-20260607-01,DB Spider Curl (Hammer),1,80.0,15.0,,,,2.0,1.0,3.0,2-1,,Tempo 2-1-3; RIR 2-1,6,2026-06-07T15:31:59.174Z,"=IFERROR(INDEX(tbl_Lookup_Exercises[Category],MATCH(tbl_Exercises[[#This Row],[ExerciseName]],tbl_Lookup_Exercises[ExerciseName],0)),""Unknown"")"
E-20260607-1945,S-20260607-01,DB Spider Curl (Hammer),2,80.0,15.0,,,,2.0,1.0,3.0,1,,Tempo 2-1-3; RIR 1; contraction tough bit squeezed as much as possible and held eccentric for solid 3 count,6,2026-06-07T15:35:39.074Z,"=IFERROR(INDEX(tbl_Lookup_Exercises[Category],MATCH(tbl_Exercises[[#This Row],[ExerciseName]],tbl_Lookup_Exercises[ExerciseName],0)),""Unknown"")"
E-20260607-1946,S-20260607-01,DB Spider Curl (Hammer),3,80.0,12.0,,,,2.0,1.0,3.0,1,,Tempo 2-1-3; RIR 1; contraction tough bit squeezed as much as possible and held eccentric for solid 3 count,6,2026-06-07T15:38:09.746Z,"=IFERROR(INDEX(tbl_Lookup_Exercises[Category],MATCH(tbl_Exercises[[#This Row],[ExerciseName]],tbl_Lookup_Exercises[ExerciseName],0)),""Unknown"")"
E-20260607-1947,S-20260607-01,Kneeling Single Arm Rope Cable Extension,1,27.5,10.0,,,,3.0,1.0,3.0,1-2,,Tempo 3-1-3; RIR: 1-2,6,2026-06-07T15:43:46.821Z,"=IFERROR(INDEX(tbl_Lookup_Exercises[Category],MATCH(tbl_Exercises[[#This Row],[ExerciseName]],tbl_Lookup_Exercises[ExerciseName],0)),""Unknown"")"
E-20260607-1948,S-20260607-01,Kneeling Single Arm Rope Cable Extension,2,30.0,9.0,,,,3.0,1.0,3.0,1-0,,Tempo 3-1-3; RIR: 1-0,6,2026-06-07T15:46:59.614Z,"=IFERROR(INDEX(tbl_Lookup_Exercises[Category],MATCH(tbl_Exercises[[#This Row],[ExerciseName]],tbl_Lookup_Exercises[ExerciseName],0)),""Unknown"")"
E-20260607-1949,S-20260607-01,Kneeling Single Arm Rope Cable Extension,3,30.0,6.0,,,,3.0,1.0,3.0,1-0,,Tempo 3-1-3; RIR: 1-0,6,2026-06-07T15:49:57.307Z,"=IFERROR(INDEX(tbl_Lookup_Exercises[Category],MATCH(tbl_Exercises[[#This Row],[ExerciseName]],tbl_Lookup_Exercises[ExerciseName],0)),""Unknown"")"
E-20260607-1950,S-20260607-01,Standing Single Arm Cable Curl,1,30.0,10.0,,,,2.0,1.0,2.0,2-1,2026-06-07T15:54:16.434Z,Tempo 2-1-2; RIR 2-1,6,2026-06-07T15:54:17.041Z,"=IFERROR(INDEX(tbl_Lookup_Exercises[Category],MATCH(tbl_Exercises[[#This Row],[ExerciseName]],tbl_Lookup_Exercises[ExerciseName],0)),""Unknown"")"
E-20260607-1951,S-20260607-01,Single Arm Cable Extensions,1,30.0,8.0,,,,2.0,1.0,2.0,2-1,2026-06-07T15:54:16.434Z,Tempo 2-1-2; RIR 2-1,6,2026-06-07T15:54:28.550Z,"=IFERROR(INDEX(tbl_Lookup_Exercises[Category],MATCH(tbl_Exercises[[#This Row],[ExerciseName]],tbl_Lookup_Exercises[ExerciseName],0)),""Unknown"")"
E-20260607-1952,S-20260607-01,Standing Single Arm Cable Curl,2,30.0,9.0,,,,2.0,1.0,2.0,2-1,2026-06-07T15:58:49.901Z,Tempo 2-1-2; RIR 2-1,6,2026-06-07T15:58:58.084Z,"=IFERROR(INDEX(tbl_Lookup_Exercises[Category],MATCH(tbl_Exercises[[#This Row],[ExerciseName]],tbl_Lookup_Exercises[ExerciseName],0)),""Unknown"")"
E-20260607-1953,S-20260607-01,Single Arm Cable Extensions,2,30.0,7.0,,,,2.0,1.0,2.0,2-1,2026-06-07T15:58:49.901Z,Tempo 2-1-2; RIR 2-1,6,2026-06-07T15:59:03.166Z,"=IFERROR(INDEX(tbl_Lookup_Exercises[Category],MATCH(tbl_Exercises[[#This Row],[ExerciseName]],tbl_Lookup_Exercises[ExerciseName],0)),""Unknown"")"
E-20260607-1954,S-20260607-01,Standing Single Arm Cable Curl,3,30.0,8.0,,,,2.0,1.0,2.0,2-1,2026-06-07T16:04:11.492Z,Tempo 2-1-2; RIR 2-1; tap at 7.5,6,2026-06-07T16:04:22.435Z,"=IFERROR(INDEX(tbl_Lookup_Exercises[Category],MATCH(tbl_Exercises[[#This Row],[ExerciseName]],tbl_Lookup_Exercises[ExerciseName],0)),""Unknown"")"
E-20260607-1955,S-20260607-01,Single Arm Cable Extensions,3,30.0,8.0,,,,2.0,1.0,2.0,2-1,2026-06-07T16:04:11.492Z,Tempo 2-1-2; RIR 2-1,6,2026-06-07T16:04:28.108Z,"=IFERROR(INDEX(tbl_Lookup_Exercises[Category],MATCH(tbl_Exercises[[#This Row],[ExerciseName]],tbl_Lookup_Exercises[ExerciseName],0)),""Unknown"")"
E-20260607-1956,S-20260607-01,Farmer’s Hold,1,150.0,,79.80000000000001,,,,,,,,80/60=1.333,6,2026-06-07T16:07:29.938Z,"=IFERROR(INDEX(tbl_Lookup_Exercises[Category],MATCH(tbl_Exercises[[#This Row],[ExerciseName]],tbl_Lookup_Exercises[ExerciseName],0)),""Unknown"")"
E-20260607-1957,S-20260607-01,Farmer’s Hold,2,150.0,,70.19999999999999,,,,,,,,70/60=1.167,6,2026-06-07T16:10:11.502Z,"=IFERROR(INDEX(tbl_Lookup_Exercises[Category],MATCH(tbl_Exercises[[#This Row],[ExerciseName]],tbl_Lookup_Exercises[ExerciseName],0)),""Unknown"")"
E-20260607-1958,S-20260607-01,Farmer’s Hold,3,150.0,,49.8,,,,,,,,50/60=0.833; forearms burning,6,2026-06-07T16:13:08.085Z,"=IFERROR(INDEX(tbl_Lookup_Exercises[Category],MATCH(tbl_Exercises[[#This Row],[ExerciseName]],tbl_Lookup_Exercises[ExerciseName],0)),""Unknown"")"
E-20260607-1959,S-20260607-01,Treadmill Walking,2,,,45.0,0.1,km,,,,,,"Athletic capacity; 12% incline, 4.8 mph ",6,2026-06-07T16:16:00.046Z,"=IFERROR(INDEX(tbl_Lookup_Exercises[Category],MATCH(tbl_Exercises[[#This Row],[ExerciseName]],tbl_Lookup_Exercises[ExerciseName],0)),""Unknown"")"
E-20260607-1960,S-20260607-01,Treadmill Walking,3,,,45.0,0.1,km,,,,,,"Athletic capacity; 12% incline, 4.8 mph ",6,2026-06-07T16:17:24.301Z,"=IFERROR(INDEX(tbl_Lookup_Exercises[Category],MATCH(tbl_Exercises[[#This Row],[ExerciseName]],tbl_Lookup_Exercises[ExerciseName],0)),""Unknown"")"
E-20260607-1961,S-20260607-01,Treadmill Walking,4,,,45.0,0.1,km,,,,,,"Athletic capacity; 12% incline, 4.8 mph ",6,2026-06-07T16:18:57.345Z,"=IFERROR(INDEX(tbl_Lookup_Exercises[Category],MATCH(tbl_Exercises[[#This Row],[ExerciseName]],tbl_Lookup_Exercises[ExerciseName],0)),""Unknown"")"
E-20260607-1962,S-20260607-01,Treadmill Walking,5,,,45.0,0.1,km,,,,,,"Athletic capacity; 12% incline, 4.8 mph ",6,2026-06-07T16:20:22.762Z,"=IFERROR(INDEX(tbl_Lookup_Exercises[Category],MATCH(tbl_Exercises[[#This Row],[ExerciseName]],tbl_Lookup_Exercises[ExerciseName],0)),""Unknown"")"
E-20260607-1963,S-20260607-01,Treadmill Walking,6,,,45.0,0.1,km,,,,,,"Athletic capacity; 12% incline, 4.8 mph ",6,2026-06-07T16:21:58.858Z,"=IFERROR(INDEX(tbl_Lookup_Exercises[Category],MATCH(tbl_Exercises[[#This Row],[ExerciseName]],tbl_Lookup_Exercises[ExerciseName],0)),""Unknown"")"
E-20260608-1964,S-20260608-01,Treadmill Walking,1,,,360.0,0.6,km,,,,,,"Warmup: 5% incline, 3.8mph",7,2026-06-08T13:35:56.539Z,"=IFERROR(INDEX(tbl_Lookup_Exercises[Category],MATCH(tbl_Exercises[[#This Row],[ExerciseName]],tbl_Lookup_Exercises[ExerciseName],0)),""Unknown"")"
E-20260608-1965,S-20260608-01,Band Pull Aparts,1,0.0,12.0,,,,,,,,,Red band ,7,2026-06-08T13:38:30.207Z,"=IFERROR(INDEX(tbl_Lookup_Exercises[Category],MATCH(tbl_Exercises[[#This Row],[ExerciseName]],tbl_Lookup_Exercises[ExerciseName],0)),""Unknown"")"
E-20260608-1966,S-20260608-01,Serratus Wall Slides (banded),1,0.0,8.0,,,,,,,,,Red band,7,2026-06-08T13:38:40.687Z,"=IFERROR(INDEX(tbl_Lookup_Exercises[Category],MATCH(tbl_Exercises[[#This Row],[ExerciseName]],tbl_Lookup_Exercises[ExerciseName],0)),""Unknown"")"
E-20260608-1967,S-20260608-01,Serratus Wall Slides (banded),2,0.0,8.0,,,,,,,,,Red band,7,2026-06-08T13:39:47.031Z,"=IFERROR(INDEX(tbl_Lookup_Exercises[Category],MATCH(tbl_Exercises[[#This Row],[ExerciseName]],tbl_Lookup_Exercises[ExerciseName],0)),""Unknown"")"
E-20260608-1968,S-20260608-01,Band Pull Aparts,2,0.0,12.0,,,,,,,,,Red band ,7,2026-06-08T13:40:36.612Z,"=IFERROR(INDEX(tbl_Lookup_Exercises[Category],MATCH(tbl_Exercises[[#This Row],[ExerciseName]],tbl_Lookup_Exercises[ExerciseName],0)),""Unknown"")"
E-20260608-1969,S-20260608-01,Serratus Wall Slides (banded),3,0.0,8.0,,,,,,,,,Red band,7,2026-06-08T13:40:38.214Z,"=IFERROR(INDEX(tbl_Lookup_Exercises[Category],MATCH(tbl_Exercises[[#This Row],[ExerciseName]],tbl_Lookup_Exercises[ExerciseName],0)),""Unknown"")"
E-20260608-1970,S-20260608-01,Farmer's Walk,1,150.0,,60.0,,,,,,,,"2 mph, 0 incline",7,2026-06-08T13:43:42.679Z,"=IFERROR(INDEX(tbl_Lookup_Exercises[Category],MATCH(tbl_Exercises[[#This Row],[ExerciseName]],tbl_Lookup_Exercises[ExerciseName],0)),""Unknown"")"
E-20260608-1971,S-20260608-01,Farmer's Walk,2,150.0,,60.0,,,,,,,,"2 min strict rest; 2 mph, 0 incline",7,2026-06-08T13:46:38.646Z,"=IFERROR(INDEX(tbl_Lookup_Exercises[Category],MATCH(tbl_Exercises[[#This Row],[ExerciseName]],tbl_Lookup_Exercises[ExerciseName],0)),""Unknown"")"
E-20260608-1972,S-20260608-01,Farmer's Walk,3,150.0,,60.0,,,,,,,,"2 min strict rest; 2 mph, 0 incline",7,2026-06-08T13:49:41.082Z,"=IFERROR(INDEX(tbl_Lookup_Exercises[Category],MATCH(tbl_Exercises[[#This Row],[ExerciseName]],tbl_Lookup_Exercises[ExerciseName],0)),""Unknown"")"
E-20260608-1973,S-20260608-01,Farmer's Walk,4,150.0,,49.199999999999996,,,,,,,,"2 min strict rest; 2 mph, 0 incline",7,2026-06-08T13:52:38.978Z,"=IFERROR(INDEX(tbl_Lookup_Exercises[Category],MATCH(tbl_Exercises[[#This Row],[ExerciseName]],tbl_Lookup_Exercises[ExerciseName],0)),""Unknown"")"
E-20260608-1974,S-20260608-01,Farmer's Walk,5,150.0,,45.0,,,,,,,,"2 min strict rest; 2 mph, 0 incline",7,2026-06-08T13:55:28.553Z,"=IFERROR(INDEX(tbl_Lookup_Exercises[Category],MATCH(tbl_Exercises[[#This Row],[ExerciseName]],tbl_Lookup_Exercises[ExerciseName],0)),""Unknown"")"
E-20260608-1975,S-20260608-01,Machine Row,1,200.0,7.0,,,,2.0,1.0,1.0,2-1,,Tempo 2-1-1; RIR 2-1,7,2026-06-08T13:58:54.253Z,"=IFERROR(INDEX(tbl_Lookup_Exercises[Category],MATCH(tbl_Exercises[[#This Row],[ExerciseName]],tbl_Lookup_Exercises[ExerciseName],0)),""Unknown"")"
E-20260608-1976,S-20260608-01,Machine Row,2,205.0,6.0,,,,2.0,1.0,1.0,1,,Tempo 2-1-1; RIR 1,7,2026-06-08T14:01:06.657Z,"=IFERROR(INDEX(tbl_Lookup_Exercises[Category],MATCH(tbl_Exercises[[#This Row],[ExerciseName]],tbl_Lookup_Exercises[ExerciseName],0)),""Unknown"")"
E-20260608-1977,S-20260608-01,Machine Row,3,210.0,5.0,,,,2.0,1.0,1.0,1,,Tempo 2-1-1; RIR 1,7,2026-06-08T14:03:16.339Z,"=IFERROR(INDEX(tbl_Lookup_Exercises[Category],MATCH(tbl_Exercises[[#This Row],[ExerciseName]],tbl_Lookup_Exercises[ExerciseName],0)),""Unknown"")"
E-20260608-1978,S-20260608-01,Machine Row,4,210.0,5.0,,,,2.0,1.0,1.0,1,,Tempo 2-1-1; RIR 1,7,2026-06-08T14:05:29.061Z,"=IFERROR(INDEX(tbl_Lookup_Exercises[Category],MATCH(tbl_Exercises[[#This Row],[ExerciseName]],tbl_Lookup_Exercises[ExerciseName],0)),""Unknown"")"
E-20260608-1979,S-20260608-01,Body Row,1,0.0,8.0,,,,2.0,2.0,1.0,2-1,,Elevated feet; tempo 2-2-1: RIR 2-1,7,2026-06-08T14:07:56.312Z,"=IFERROR(INDEX(tbl_Lookup_Exercises[Category],MATCH(tbl_Exercises[[#This Row],[ExerciseName]],tbl_Lookup_Exercises[ExerciseName],0)),""Unknown"")"
E-20260608-1980,S-20260608-01,Body Row,2,0.0,8.0,,,,2.0,2.0,1.0,2-1,,Elevated feet; tempo 2-2-1: RIR 2-1,7,2026-06-08T14:09:48.304Z,"=IFERROR(INDEX(tbl_Lookup_Exercises[Category],MATCH(tbl_Exercises[[#This Row],[ExerciseName]],tbl_Lookup_Exercises[ExerciseName],0)),""Unknown"")"
E-20260608-1981,S-20260608-01,Body Row,3,0.0,6.0,,,,2.0,2.0,1.0,2-1,,Contract and hold began to fail; Elevated feet; tempo 2-2-1: RIR 2-1,7,2026-06-08T14:12:13.077Z,"=IFERROR(INDEX(tbl_Lookup_Exercises[Category],MATCH(tbl_Exercises[[#This Row],[ExerciseName]],tbl_Lookup_Exercises[ExerciseName],0)),""Unknown"")"
E-20260608-1982,S-20260608-01,Anchored Single Arm Dumbbell Curl,1,25.0,8.0,,,,2.0,2.0,2.0,2+,,Strict Tempo: 2-2-2; RIR 2+ (left contraction a little looser),7,2026-06-08T14:18:21.749Z,"=IFERROR(INDEX(tbl_Lookup_Exercises[Category],MATCH(tbl_Exercises[[#This Row],[ExerciseName]],tbl_Lookup_Exercises[ExerciseName],0)),""Unknown"")"
E-20260608-1983,S-20260608-01,Anchored Single Arm Dumbbell Curl,2,30.0,8.0,,,,2.0,2.0,2.0,2+,,Strict Tempo: 2-2-2; RIR 2+ (left contraction a little looser),7,2026-06-08T14:18:33.441Z,"=IFERROR(INDEX(tbl_Lookup_Exercises[Category],MATCH(tbl_Exercises[[#This Row],[ExerciseName]],tbl_Lookup_Exercises[ExerciseName],0)),""Unknown"")"
E-20260608-1984,S-20260608-01,Anchored Single Arm Dumbbell Curl,3,35.0,7.0,,,,2.0,2.0,2.0,1-2,,Strict Tempo: 2-2-2; RIR 1-2 (left contraction a little looser),7,2026-06-08T14:20:42.143Z,"=IFERROR(INDEX(tbl_Lookup_Exercises[Category],MATCH(tbl_Exercises[[#This Row],[ExerciseName]],tbl_Lookup_Exercises[ExerciseName],0)),""Unknown"")"
E-20260608-1985,S-20260608-01,Anchored Single Arm Dumbbell Curl,4,35.0,6.0,,,,2.0,2.0,2.0,1-2,,Strict Tempo: 2-2-2; RIR 1-2 (left contraction a little looser),7,2026-06-08T14:23:04.768Z,"=IFERROR(INDEX(tbl_Lookup_Exercises[Category],MATCH(tbl_Exercises[[#This Row],[ExerciseName]],tbl_Lookup_Exercises[ExerciseName],0)),""Unknown"")"
E-20260608-1986,S-20260608-01,Single-Arm Overhead Cable Extension,1,15.0,12.0,,,,3.0,1.0,3.0,2,,Tempo 3-1-3; RIR 2,7,2026-06-08T14:28:05.935Z,"=IFERROR(INDEX(tbl_Lookup_Exercises[Category],MATCH(tbl_Exercises[[#This Row],[ExerciseName]],tbl_Lookup_Exercises[ExerciseName],0)),""Unknown"")"
E-20260608-1987,S-20260608-01,Single-Arm Overhead Cable Extension,2,17.5,11.0,,,,3.0,1.0,3.0,1-2,,Tempo 3-1-3; RIR 1-2,7,2026-06-08T14:31:24.725Z,"=IFERROR(INDEX(tbl_Lookup_Exercises[Category],MATCH(tbl_Exercises[[#This Row],[ExerciseName]],tbl_Lookup_Exercises[ExerciseName],0)),""Unknown"")"
E-20260608-1988,S-20260608-01,Single-Arm Overhead Cable Extension,3,17.5,10.0,,,,3.0,1.0,3.0,1,,Tempo 3-1-3; RIR 1,7,2026-06-08T14:34:48.043Z,"=IFERROR(INDEX(tbl_Lookup_Exercises[Category],MATCH(tbl_Exercises[[#This Row],[ExerciseName]],tbl_Lookup_Exercises[ExerciseName],0)),""Unknown"")"
E-20260608-1989,S-20260608-01,Single-Arm Overhead Cable Extension,4,17.5,8.0,,,,3.0,1.0,3.0,1,,Tempo 3-1-3; RIR 1,7,2026-06-08T14:38:06.877Z,"=IFERROR(INDEX(tbl_Lookup_Exercises[Category],MATCH(tbl_Exercises[[#This Row],[ExerciseName]],tbl_Lookup_Exercises[ExerciseName],0)),""Unknown"")"
E-20260608-1990,S-20260608-01,Plate Pinch,1,50.0,,60.0,,,,,,,,"30 sec, 25# plate per hand ",7,2026-06-08T14:42:16.770Z,"=IFERROR(INDEX(tbl_Lookup_Exercises[Category],MATCH(tbl_Exercises[[#This Row],[ExerciseName]],tbl_Lookup_Exercises[ExerciseName],0)),""Unknown"")"
E-20260608-1991,S-20260608-01,Plate Pinch,2,50.0,,60.0,,,,,,,,"30 sec, 25# plate per hand ",7,2026-06-08T14:42:18.038Z,"=IFERROR(INDEX(tbl_Lookup_Exercises[Category],MATCH(tbl_Exercises[[#This Row],[ExerciseName]],tbl_Lookup_Exercises[ExerciseName],0)),""Unknown"")"
E-20260608-1992,S-20260608-01,Plate Pinch,3,50.0,,60.0,,,,,,,,"30 sec, 25# plate per hand ",7,2026-06-08T14:45:51.724Z,"=IFERROR(INDEX(tbl_Lookup_Exercises[Category],MATCH(tbl_Exercises[[#This Row],[ExerciseName]],tbl_Lookup_Exercises[ExerciseName],0)),""Unknown"")"
E-20260608-1993,S-20260608-01,Dead Hang,1,0.0,,60.0,,,,,,,,25 sec,7,2026-06-08T14:46:08.094Z,"=IFERROR(INDEX(tbl_Lookup_Exercises[Category],MATCH(tbl_Exercises[[#This Row],[ExerciseName]],tbl_Lookup_Exercises[ExerciseName],0)),""Unknown"")"
E-20260608-1994,S-20260608-01,Dead Hang,2,0.0,,60.0,,,,,,,,30,7,2026-06-08T14:47:09.084Z,"=IFERROR(INDEX(tbl_Lookup_Exercises[Category],MATCH(tbl_Exercises[[#This Row],[ExerciseName]],tbl_Lookup_Exercises[ExerciseName],0)),""Unknown"")"
E-20260609-1995,S-20260609-01,Treadmill Walking,1,,,360.0,0.6,km,,,,,,"3.8 mph, 5% incline",7,2026-06-09T18:44:33.012Z,"=IFERROR(INDEX(tbl_Lookup_Exercises[Category],MATCH(tbl_Exercises[[#This Row],[ExerciseName]],tbl_Lookup_Exercises[ExerciseName],0)),""Unknown"")"
E-20260609-1996,S-20260609-01,Band Pull Aparts,1,0.0,12.0,,,,,,,,,Blue band,7,2026-06-09T18:50:14.166Z,"=IFERROR(INDEX(tbl_Lookup_Exercises[Category],MATCH(tbl_Exercises[[#This Row],[ExerciseName]],tbl_Lookup_Exercises[ExerciseName],0)),""Unknown"")"
E-20260609-1997,S-20260609-01,Band Pull Aparts,2,0.0,12.0,,,,,,,,,Blue band,7,2026-06-09T18:50:14.664Z,"=IFERROR(INDEX(tbl_Lookup_Exercises[Category],MATCH(tbl_Exercises[[#This Row],[ExerciseName]],tbl_Lookup_Exercises[ExerciseName],0)),""Unknown"")"
E-20260609-1998,S-20260609-01,Serratus Wall Slides (banded),1,0.0,8.0,,,,,,,,,,7,2026-06-09T18:50:18.078Z,"=IFERROR(INDEX(tbl_Lookup_Exercises[Category],MATCH(tbl_Exercises[[#This Row],[ExerciseName]],tbl_Lookup_Exercises[ExerciseName],0)),""Unknown"")"
E-20260609-1999,S-20260609-01,Serratus Wall Slides (banded),2,0.0,8.0,,,,,,,,,,7,2026-06-09T18:50:18.698Z,"=IFERROR(INDEX(tbl_Lookup_Exercises[Category],MATCH(tbl_Exercises[[#This Row],[ExerciseName]],tbl_Lookup_Exercises[ExerciseName],0)),""Unknown"")"
E-20260609-2000,S-20260609-01,Neutral Grip Dumbbell Floor Press,1,120.0,9.0,,,,3.0,1.0,,2,,Tempo strict 3-1-x-1; RIR 2,7,2026-06-09T18:53:50.716Z,"=IFERROR(INDEX(tbl_Lookup_Exercises[Category],MATCH(tbl_Exercises[[#This Row],[ExerciseName]],tbl_Lookup_Exercises[ExerciseName],0)),""Unknown"")"
E-20260609-2001,S-20260609-01,Neutral Grip Dumbbell Floor Press,2,130.0,8.0,,,,3.0,1.0,,2-1,,Tempo strict 3-1-x-1; RIR 2-1,7,2026-06-09T18:55:19.353Z,"=IFERROR(INDEX(tbl_Lookup_Exercises[Category],MATCH(tbl_Exercises[[#This Row],[ExerciseName]],tbl_Lookup_Exercises[ExerciseName],0)),""Unknown"")"
E-20260609-2002,S-20260609-01,Neutral Grip Dumbbell Floor Press,3,140.0,6.0,,,,3.0,1.0,,2-1,,Tempo strict 3-1-x-1; RIR 2-1,7,2026-06-09T18:58:22.049Z,"=IFERROR(INDEX(tbl_Lookup_Exercises[Category],MATCH(tbl_Exercises[[#This Row],[ExerciseName]],tbl_Lookup_Exercises[ExerciseName],0)),""Unknown"")"
E-20260609-2003,S-20260609-01,Neutral Grip Dumbbell Floor Press,4,140.0,5.0,,,,3.0,1.0,,1,,Tempo strict 3-1-x-1; RIR 1,7,2026-06-09T19:02:13.768Z,"=IFERROR(INDEX(tbl_Lookup_Exercises[Category],MATCH(tbl_Exercises[[#This Row],[ExerciseName]],tbl_Lookup_Exercises[ExerciseName],0)),""Unknown"")"
E-20260609-2004,S-20260609-01,Machine Chest Press,1,50.0,12.0,,,,3.0,2.0,2.0,2+,,Tempo 3-2-2; RIR 2+; need to figure out best seat position. Seat at 5 feels a little too high but could be because I’m not used to machine press feeling/path,7,2026-06-09T19:08:10.745Z,"=IFERROR(INDEX(tbl_Lookup_Exercises[Category],MATCH(tbl_Exercises[[#This Row],[ExerciseName]],tbl_Lookup_Exercises[ExerciseName],0)),""Unknown"")"
E-20260609-2005,S-20260609-01,Machine Chest Press,2,75.0,10.0,,,,2.0,1.0,2.0,2+,,Tempo 2-1-2; RIR 2+; need to figure out best seat position. Seat at 5 feels a little too high but could be because I’m not used to machine press feeling/path,7,2026-06-09T19:09:46.952Z,"=IFERROR(INDEX(tbl_Lookup_Exercises[Category],MATCH(tbl_Exercises[[#This Row],[ExerciseName]],tbl_Lookup_Exercises[ExerciseName],0)),""Unknown"")"
E-20260609-2006,S-20260609-01,Machine Chest Press,3,90.0,10.0,,,,2.0,1.0,2.0,2+,,Tempo 2-1-2; RIR 2+; need to figure out best seat position. Seat at 5 feels a little too high but could be because I’m not used to machine press feeling/path,7,2026-06-09T19:11:52.092Z,"=IFERROR(INDEX(tbl_Lookup_Exercises[Category],MATCH(tbl_Exercises[[#This Row],[ExerciseName]],tbl_Lookup_Exercises[ExerciseName],0)),""Unknown"")"
E-20260609-2007,S-20260609-01,Machine Chest Press,4,100.0,9.0,,,,2.0,1.0,2.0,2-1,,Tempo 2-1-2; RIR 2-1; back to be a little more uptight. ,7,2026-06-09T19:14:37.721Z,"=IFERROR(INDEX(tbl_Lookup_Exercises[Category],MATCH(tbl_Exercises[[#This Row],[ExerciseName]],tbl_Lookup_Exercises[ExerciseName],0)),""Unknown"")"
E-20260609-2008,S-20260609-01,Cable Fly (Standing),1,15.0,12.0,,,,2.0,2.0,2.0,2+,,"Single arm as dual pulleys were taken. Slide my arm through d-grip handle to my elbow (like lateral raises) focus on pure pec, tempo 2-2-2; RIR 2+",7,2026-06-09T19:17:45.867Z,"=IFERROR(INDEX(tbl_Lookup_Exercises[Category],MATCH(tbl_Exercises[[#This Row],[ExerciseName]],tbl_Lookup_Exercises[ExerciseName],0)),""Unknown"")"
E-20260609-2009,S-20260609-01,Cable Fly (Standing),2,20.0,15.0,,,,2.0,2.0,2.0,2+,,"Single arm as dual pulleys were taken. Slide my arm through d-grip handle to my elbow (like lateral raises) focus on pure pec, tempo 2-2-2; RIR 2+",7,2026-06-09T19:20:46.579Z,"=IFERROR(INDEX(tbl_Lookup_Exercises[Category],MATCH(tbl_Exercises[[#This Row],[ExerciseName]],tbl_Lookup_Exercises[ExerciseName],0)),""Unknown"")"
E-20260609-2010,S-20260609-01,Cable Fly (Standing),3,25.0,13.0,,,,2.0,2.0,2.0,2-1,,Tempo 2-2-2; RIR 2-1,7,2026-06-09T19:23:54.793Z,"=IFERROR(INDEX(tbl_Lookup_Exercises[Category],MATCH(tbl_Exercises[[#This Row],[ExerciseName]],tbl_Lookup_Exercises[ExerciseName],0)),""Unknown"")"
E-20260609-2011,S-20260609-01,Single-Arm Overhead Cable Extension,1,17.5,12.0,,,,3.0,1.0,3.0,2+,,D-grip; tempo 3-1-3; RIR 2+,7,2026-06-09T19:28:19.091Z,"=IFERROR(INDEX(tbl_Lookup_Exercises[Category],MATCH(tbl_Exercises[[#This Row],[ExerciseName]],tbl_Lookup_Exercises[ExerciseName],0)),""Unknown"")"
E-20260609-2012,S-20260609-01,Single-Arm Overhead Cable Extension,2,20.0,10.0,,,,3.0,1.0,3.0,1-2,,D-grip; tempo 3-1-3; RIR 1-2,7,2026-06-09T19:31:14.872Z,"=IFERROR(INDEX(tbl_Lookup_Exercises[Category],MATCH(tbl_Exercises[[#This Row],[ExerciseName]],tbl_Lookup_Exercises[ExerciseName],0)),""Unknown"")"
E-20260609-2013,S-20260609-01,Single-Arm Overhead Cable Extension,3,20.0,8.0,,,,3.0,1.0,3.0,1-2,,D-grip; tempo 3-1-3; RIR 1-2,7,2026-06-09T19:34:00.304Z,"=IFERROR(INDEX(tbl_Lookup_Exercises[Category],MATCH(tbl_Exercises[[#This Row],[ExerciseName]],tbl_Lookup_Exercises[ExerciseName],0)),""Unknown"")"
E-20260609-2014,S-20260609-01,Single-Arm Overhead Cable Extension,4,20.0,8.0,,,,3.0,1.0,3.0,1,,D-grip; tempo 3-1-3; RIR 1,7,2026-06-09T19:36:44.480Z,"=IFERROR(INDEX(tbl_Lookup_Exercises[Category],MATCH(tbl_Exercises[[#This Row],[ExerciseName]],tbl_Lookup_Exercises[ExerciseName],0)),""Unknown"")"
E-20260609-2015,S-20260609-01,High Cable Tricep Pushdown,1,50.0,12.0,,,,2.0,1.0,2.0,2,,Tempo 2-1-2; RIR 2,7,2026-06-09T19:40:09.850Z,"=IFERROR(INDEX(tbl_Lookup_Exercises[Category],MATCH(tbl_Exercises[[#This Row],[ExerciseName]],tbl_Lookup_Exercises[ExerciseName],0)),""Unknown"")"
E-20260609-2016,S-20260609-01,High Cable Tricep Pushdown,2,50.0,10.0,,,,2.0,1.0,2.0,2-1,,Tempo 2-1-2; RIR 2-1,7,2026-06-09T19:42:30.147Z,"=IFERROR(INDEX(tbl_Lookup_Exercises[Category],MATCH(tbl_Exercises[[#This Row],[ExerciseName]],tbl_Lookup_Exercises[ExerciseName],0)),""Unknown"")"
E-20260609-2017,S-20260609-01,High Cable Tricep Pushdown,3,50.0,10.0,,,,2.0,1.0,2.0,2-1,,Tempo 2-1-2; RIR 2-1,7,2026-06-09T19:44:57.610Z,"=IFERROR(INDEX(tbl_Lookup_Exercises[Category],MATCH(tbl_Exercises[[#This Row],[ExerciseName]],tbl_Lookup_Exercises[ExerciseName],0)),""Unknown"")"
E-20260609-2018,S-20260609-01,Plate Pinch,1,50.0,,60.0,,,,,,,,40 seconds with slick plates 25 lbs per hand ,7,2026-06-09T19:51:53.002Z,"=IFERROR(INDEX(tbl_Lookup_Exercises[Category],MATCH(tbl_Exercises[[#This Row],[ExerciseName]],tbl_Lookup_Exercises[ExerciseName],0)),""Unknown"")"
E-20260609-2019,S-20260609-01,Plate Pinch,2,50.0,,60.0,,,,,,,,28 seconds with slick plates 25 lbs per hand ,7,2026-06-09T19:52:02.740Z,"=IFERROR(INDEX(tbl_Lookup_Exercises[Category],MATCH(tbl_Exercises[[#This Row],[ExerciseName]],tbl_Lookup_Exercises[ExerciseName],0)),""Unknown"")"
E-20260609-2020,S-20260609-01,Plate Pinch,3,50.0,,60.0,,,,,,,,27 seconds with slick plates 25 lbs per hand ,7,2026-06-09T19:52:08.383Z,"=IFERROR(INDEX(tbl_Lookup_Exercises[Category],MATCH(tbl_Exercises[[#This Row],[ExerciseName]],tbl_Lookup_Exercises[ExerciseName],0)),""Unknown"")"
E-20260609-2021,S-20260609-01,Dead Hang,1,0.0,,60.0,,,,,,,,30 sec with scap retraction ,7,2026-06-09T19:52:30.900Z,"=IFERROR(INDEX(tbl_Lookup_Exercises[Category],MATCH(tbl_Exercises[[#This Row],[ExerciseName]],tbl_Lookup_Exercises[ExerciseName],0)),""Unknown"")"
E-20260609-2022,S-20260609-01,Dead Hang,2,0.0,,60.0,,,,,,,,30 sec with scap retraction ,7,2026-06-09T19:53:32.094Z,"=IFERROR(INDEX(tbl_Lookup_Exercises[Category],MATCH(tbl_Exercises[[#This Row],[ExerciseName]],tbl_Lookup_Exercises[ExerciseName],0)),""Unknown"")"
E-20260611-2023,S-20260611-01,Treadmill Walking,1,,,360.0,0.6,km,,,,,,"3.8 mph, 5% incline ",7,2026-06-11T21:01:48.721Z,"=IFERROR(INDEX(tbl_Lookup_Exercises[Category],MATCH(tbl_Exercises[[#This Row],[ExerciseName]],tbl_Lookup_Exercises[ExerciseName],0)),""Unknown"")"
E-20260611-2024,S-20260611-01,Goblet Squat,1,30.0,10.0,,,,3.0,1.0,1.0,2+,,Tempo 3-1-1; RIR 2+,7,2026-06-11T21:03:54.005Z,"=IFERROR(INDEX(tbl_Lookup_Exercises[Category],MATCH(tbl_Exercises[[#This Row],[ExerciseName]],tbl_Lookup_Exercises[ExerciseName],0)),""Unknown"")"
E-20260611-2025,S-20260611-01,Goblet Squat,2,40.0,10.0,,,,3.0,1.0,1.0,2,,Tempo 3-1-1; RIR 2,7,2026-06-11T21:06:33.546Z,"=IFERROR(INDEX(tbl_Lookup_Exercises[Category],MATCH(tbl_Exercises[[#This Row],[ExerciseName]],tbl_Lookup_Exercises[ExerciseName],0)),""Unknown"")"
E-20260611-2026,S-20260611-01,Goblet Squat,3,40.0,10.0,,,,3.0,1.0,1.0,2,,Tempo 3-1-1; RIR 2,7,2026-06-11T21:09:05.714Z,"=IFERROR(INDEX(tbl_Lookup_Exercises[Category],MATCH(tbl_Exercises[[#This Row],[ExerciseName]],tbl_Lookup_Exercises[ExerciseName],0)),""Unknown"")"
E-20260611-2027,S-20260611-01,Dumbbell Romanian Deadlift,1,150.0,8.0,,,,3.0,1.0,1.0,2+,,Tempo 3-1-1; RIR 2+,7,2026-06-11T21:11:14.633Z,"=IFERROR(INDEX(tbl_Lookup_Exercises[Category],MATCH(tbl_Exercises[[#This Row],[ExerciseName]],tbl_Lookup_Exercises[ExerciseName],0)),""Unknown"")"
E-20260611-2028,S-20260611-01,Dumbbell Romanian Deadlift,2,150.0,8.0,,,,3.0,1.0,1.0,2,,Tempo 3-1-1; RIR 2,7,2026-06-11T21:13:43.026Z,"=IFERROR(INDEX(tbl_Lookup_Exercises[Category],MATCH(tbl_Exercises[[#This Row],[ExerciseName]],tbl_Lookup_Exercises[ExerciseName],0)),""Unknown"")"
E-20260611-2029,S-20260611-01,Dumbbell Romanian Deadlift,3,150.0,8.0,,,,3.0,1.0,1.0,2,,Tempo 3-1-1; RIR 2,7,2026-06-11T21:16:38.768Z,"=IFERROR(INDEX(tbl_Lookup_Exercises[Category],MATCH(tbl_Exercises[[#This Row],[ExerciseName]],tbl_Lookup_Exercises[ExerciseName],0)),""Unknown"")"
E-20260611-2030,S-20260611-01,Walking Lunges,1,20.0,,10.0,,,2.0,1.0,1.0,2,,Tempo 2-1-1; RIR 2; single 20 lb db; ,7,2026-06-11T21:19:55.419Z,"=IFERROR(INDEX(tbl_Lookup_Exercises[Category],MATCH(tbl_Exercises[[#This Row],[ExerciseName]],tbl_Lookup_Exercises[ExerciseName],0)),""Unknown"")"
E-20260611-2031,S-20260611-01,Walking Lunges,2,20.0,,10.0,,,2.0,1.0,1.0,2,,Tempo 2-1-1; RIR 2; single 20 lb db; ,7,2026-06-11T21:22:32.457Z,"=IFERROR(INDEX(tbl_Lookup_Exercises[Category],MATCH(tbl_Exercises[[#This Row],[ExerciseName]],tbl_Lookup_Exercises[ExerciseName],0)),""Unknown"")"
E-20260611-2032,S-20260611-01,Farmer's Walk,1,150.0,,60.0,,,,,,,,2 mph; 0 incline ,7,2026-06-11T21:24:52.488Z,"=IFERROR(INDEX(tbl_Lookup_Exercises[Category],MATCH(tbl_Exercises[[#This Row],[ExerciseName]],tbl_Lookup_Exercises[ExerciseName],0)),""Unknown"")"
E-20260611-2033,S-20260611-01,Farmer's Walk,2,150.0,,49.8,,,,,,,,2 mph; 0 incline; ,7,2026-06-11T21:27:49.018Z,"=IFERROR(INDEX(tbl_Lookup_Exercises[Category],MATCH(tbl_Exercises[[#This Row],[ExerciseName]],tbl_Lookup_Exercises[ExerciseName],0)),""Unknown"")"
E-20260611-2034,S-20260611-01,Farmer's Walk,3,150.0,,45.0,,,,,,,,2 mph; 0 incline; legs getting a little wobbly keeping form good though but grip rolling ,7,2026-06-11T21:30:55.223Z,"=IFERROR(INDEX(tbl_Lookup_Exercises[Category],MATCH(tbl_Exercises[[#This Row],[ExerciseName]],tbl_Lookup_Exercises[ExerciseName],0)),""Unknown"")"
E-20260611-2035,S-20260611-01,Farmer's Walk,4,150.0,,45.0,,,,,,,,"2 mph, 0 incline; ",7,2026-06-11T21:33:24.165Z,"=IFERROR(INDEX(tbl_Lookup_Exercises[Category],MATCH(tbl_Exercises[[#This Row],[ExerciseName]],tbl_Lookup_Exercises[ExerciseName],0)),""Unknown"")"
E-20260611-2036,S-20260611-01,Farmer's Walk,5,150.0,,45.0,,,,,,,,"2 mph, 0 incline; ",7,2026-06-11T21:36:25.647Z,"=IFERROR(INDEX(tbl_Lookup_Exercises[Category],MATCH(tbl_Exercises[[#This Row],[ExerciseName]],tbl_Lookup_Exercises[ExerciseName],0)),""Unknown"")"
E-20260611-2037,S-20260611-01,High Cable Tricep Pushdown,1,50.0,12.0,,,,2.0,2.0,2.0,2,,Tempo 2-2-2; RIR 2,7,2026-06-11T21:52:48.775Z,"=IFERROR(INDEX(tbl_Lookup_Exercises[Category],MATCH(tbl_Exercises[[#This Row],[ExerciseName]],tbl_Lookup_Exercises[ExerciseName],0)),""Unknown"")"
E-20260611-2038,S-20260611-01,High Cable Tricep Pushdown,2,60.0,12.0,,,,2.0,2.0,2.0,2,,Tempo 2-2-2; RIR 2,7,2026-06-11T21:52:51.138Z,"=IFERROR(INDEX(tbl_Lookup_Exercises[Category],MATCH(tbl_Exercises[[#This Row],[ExerciseName]],tbl_Lookup_Exercises[ExerciseName],0)),""Unknown"")"
E-20260611-2039,S-20260611-01,Anchored Single Arm Dumbbell Curl,1,30.0,8.0,,,,2.0,2.0,2.0,2,,Strict tempo 2-2-2; RIR 2,7,2026-06-11T21:53:40.892Z,"=IFERROR(INDEX(tbl_Lookup_Exercises[Category],MATCH(tbl_Exercises[[#This Row],[ExerciseName]],tbl_Lookup_Exercises[ExerciseName],0)),""Unknown"")"
E-20260611-2040,S-20260611-01,Anchored Single Arm Dumbbell Curl,2,35.0,8.0,,,,2.0,2.0,2.0,1-2,,Strict tempo 2-2-2; RIR 1-2,7,2026-06-11T21:54:00.126Z,"=IFERROR(INDEX(tbl_Lookup_Exercises[Category],MATCH(tbl_Exercises[[#This Row],[ExerciseName]],tbl_Lookup_Exercises[ExerciseName],0)),""Unknown"")"
E-20260611-2041,S-20260611-01,Anchored Single Arm Dumbbell Curl,3,35.0,7.0,,,,2.0,2.0,2.0,1,,Strict tempo 2-2-2; RIR 1,7,2026-06-11T21:54:04.107Z,"=IFERROR(INDEX(tbl_Lookup_Exercises[Category],MATCH(tbl_Exercises[[#This Row],[ExerciseName]],tbl_Lookup_Exercises[ExerciseName],0)),""Unknown"")"
E-20260611-2042,S-20260611-01,High Cable Tricep Pushdown,3,70.0,10.0,,,,2.0,2.0,2.0,1-2,,Tempo 2-2-2; RIR 1-2,7,2026-06-11T21:55:43.182Z,"=IFERROR(INDEX(tbl_Lookup_Exercises[Category],MATCH(tbl_Exercises[[#This Row],[ExerciseName]],tbl_Lookup_Exercises[ExerciseName],0)),""Unknown"")"
E-20260611-2043,S-20260611-01,Plate Pinch,1,50.0,,60.0,,,,,,,,60 seconds; rubber plates a bit easier than the slick plastic from earlier this week. Those were not available. The plates today are universal at Planet Fitness,7,2026-06-11T21:59:41.863Z,"=IFERROR(INDEX(tbl_Lookup_Exercises[Category],MATCH(tbl_Exercises[[#This Row],[ExerciseName]],tbl_Lookup_Exercises[ExerciseName],0)),""Unknown"")"
E-20260611-2044,S-20260611-01,Plate Pinch,2,50.0,,60.0,,,,,,,,45 seconds; rubber plates a bit easier than the slick plastic from earlier this week. Those were not available. The plates today are universal at Planet Fitness,7,2026-06-11T22:00:55.297Z,"=IFERROR(INDEX(tbl_Lookup_Exercises[Category],MATCH(tbl_Exercises[[#This Row],[ExerciseName]],tbl_Lookup_Exercises[ExerciseName],0)),""Unknown"")"
E-20260611-2045,S-20260611-01,Plate Pinch,3,50.0,,60.0,,,,,,,,35 seconds; rubber plates a bit easier than the slick plastic from earlier this week. Those were not available. The plates today are universal at Planet Fitness,7,2026-06-11T22:02:22.464Z,"=IFERROR(INDEX(tbl_Lookup_Exercises[Category],MATCH(tbl_Exercises[[#This Row],[ExerciseName]],tbl_Lookup_Exercises[ExerciseName],0)),""Unknown"")"
E-20260611-2046,S-20260611-01,Dead Hang,1,0.0,,60.0,,,,,,,,20 scap pull-ups ,7,2026-06-11T22:04:16.464Z,"=IFERROR(INDEX(tbl_Lookup_Exercises[Category],MATCH(tbl_Exercises[[#This Row],[ExerciseName]],tbl_Lookup_Exercises[ExerciseName],0)),""Unknown"")"
E-20260611-2047,S-20260611-01,Dead Hang,2,0.0,,60.0,,,,,,,,15 scap pull-ups ; cramp in my left glute,7,2026-06-11T22:06:10.232Z,"=IFERROR(INDEX(tbl_Lookup_Exercises[Category],MATCH(tbl_Exercises[[#This Row],[ExerciseName]],tbl_Lookup_Exercises[ExerciseName],0)),""Unknown"")"
E-20260613-2048,S-20260613-01,Treadmill Walking,1,,,366.0,0.64,km,,,,,,"4 mph, 5% incline",7,2026-06-13T13:52:10.414Z,"=IFERROR(INDEX(tbl_Lookup_Exercises[Category],MATCH(tbl_Exercises[[#This Row],[ExerciseName]],tbl_Lookup_Exercises[ExerciseName],0)),""Unknown"")"
E-20260613-2049,S-20260613-01,Farmer's Walk,1,150.0,,64.80000000000001,,,,,,,,"2 mph, 0 incline; 65/60=1.0833",7,2026-06-13T14:02:49.068Z,"=IFERROR(INDEX(tbl_Lookup_Exercises[Category],MATCH(tbl_Exercises[[#This Row],[ExerciseName]],tbl_Lookup_Exercises[ExerciseName],0)),""Unknown"")"
E-20260613-2050,S-20260613-01,Farmer's Walk,2,150.0,,60.0,,,,,,,,"2 mph, .5% incline; ",7,2026-06-13T14:05:41.708Z,"=IFERROR(INDEX(tbl_Lookup_Exercises[Category],MATCH(tbl_Exercises[[#This Row],[ExerciseName]],tbl_Lookup_Exercises[ExerciseName],0)),""Unknown"")"
E-20260613-2051,S-20260613-01,Farmer's Walk,3,150.0,,55.2,,,,,,,,"2 mph, .5% incline; 55/60=0.917",7,2026-06-13T14:08:38.451Z,"=IFERROR(INDEX(tbl_Lookup_Exercises[Category],MATCH(tbl_Exercises[[#This Row],[ExerciseName]],tbl_Lookup_Exercises[ExerciseName],0)),""Unknown"")"
E-20260613-2052,S-20260613-01,Farmer's Walk,4,150.0,,49.8,,,,,,,,"2 mph, .5% incline; 50/60=0.833",7,2026-06-13T14:11:29.156Z,"=IFERROR(INDEX(tbl_Lookup_Exercises[Category],MATCH(tbl_Exercises[[#This Row],[ExerciseName]],tbl_Lookup_Exercises[ExerciseName],0)),""Unknown"")"
E-20260613-2053,S-20260613-01,Farmer's Walk,5,150.0,,49.199999999999996,,,,,,,,"2 mph, .5% incline; 49/60=0.817",7,2026-06-13T14:14:38.737Z,"=IFERROR(INDEX(tbl_Lookup_Exercises[Category],MATCH(tbl_Exercises[[#This Row],[ExerciseName]],tbl_Lookup_Exercises[ExerciseName],0)),""Unknown"")"
E-20260613-2054,S-20260613-01,Anchored Single Arm Dumbbell Curl,1,35.0,8.0,,,,2.0,2.0,2.0,2,,Tempo 2-2-2; RIR 2,7,2026-06-13T14:18:06.594Z,"=IFERROR(INDEX(tbl_Lookup_Exercises[Category],MATCH(tbl_Exercises[[#This Row],[ExerciseName]],tbl_Lookup_Exercises[ExerciseName],0)),""Unknown"")"
E-20260613-2055,S-20260613-01,Anchored Single Arm Dumbbell Curl,2,35.0,7.0,,,,2.0,2.0,2.0,1-2,,Tempo 2-2-2; RIR 1-2; left tired quicker,7,2026-06-13T14:21:00.870Z,"=IFERROR(INDEX(tbl_Lookup_Exercises[Category],MATCH(tbl_Exercises[[#This Row],[ExerciseName]],tbl_Lookup_Exercises[ExerciseName],0)),""Unknown"")"
E-20260613-2056,S-20260613-01,Anchored Single Arm Dumbbell Curl,3,35.0,6.0,,,,2.0,2.0,2.0,1,,"Tempo 2-2-2; RIR 1; left squeeze is not as strong after 5,6 but fought through ",7,2026-06-13T14:24:13.109Z,"=IFERROR(INDEX(tbl_Lookup_Exercises[Category],MATCH(tbl_Exercises[[#This Row],[ExerciseName]],tbl_Lookup_Exercises[ExerciseName],0)),""Unknown"")"
E-20260613-2057,S-20260613-01,Anchored Single Arm Dumbbell Curl,4,35.0,6.0,,,,2.0,2.0,2.0,1,,"Tempo 2-2-2; RIR 1; left squeeze is not as strong after 5,6 but fought through ",7,2026-06-13T14:27:12.951Z,"=IFERROR(INDEX(tbl_Lookup_Exercises[Category],MATCH(tbl_Exercises[[#This Row],[ExerciseName]],tbl_Lookup_Exercises[ExerciseName],0)),""Unknown"")"
E-20260613-2058,S-20260613-01,Single-Arm Overhead Cable Extension,1,20.0,11.0,,,,3.0,1.0,3.0,,,D-Grip; tempo 3-1-3; 2; right tired more quickly,7,2026-06-13T14:31:15.716Z,"=IFERROR(INDEX(tbl_Lookup_Exercises[Category],MATCH(tbl_Exercises[[#This Row],[ExerciseName]],tbl_Lookup_Exercises[ExerciseName],0)),""Unknown"")"
E-20260613-2059,S-20260613-01,Single-Arm Overhead Cable Extension,2,20.0,11.0,,,,3.0,1.0,3.0,1-2,,D-Grip; tempo 3-1-3; RIR 1-2; right tired more quickly,7,2026-06-13T14:34:35.357Z,"=IFERROR(INDEX(tbl_Lookup_Exercises[Category],MATCH(tbl_Exercises[[#This Row],[ExerciseName]],tbl_Lookup_Exercises[ExerciseName],0)),""Unknown"")"
E-20260613-2060,S-20260613-01,Single-Arm Overhead Cable Extension,3,20.0,9.0,,,,3.0,1.0,3.0,1,,D-Grip; tempo 3-1-3; RIR 1; ,7,2026-06-13T14:37:50.868Z,"=IFERROR(INDEX(tbl_Lookup_Exercises[Category],MATCH(tbl_Exercises[[#This Row],[ExerciseName]],tbl_Lookup_Exercises[ExerciseName],0)),""Unknown"")"
E-20260613-2061,S-20260613-01,Single-Arm Overhead Cable Extension,4,20.0,9.0,,,,3.0,1.0,3.0,1-2,,D-Grip; tempo 3-1-3; RIR 1-2; right tired more quickly,7,2026-06-13T14:40:53.857Z,"=IFERROR(INDEX(tbl_Lookup_Exercises[Category],MATCH(tbl_Exercises[[#This Row],[ExerciseName]],tbl_Lookup_Exercises[ExerciseName],0)),""Unknown"")"
E-20260613-2062,S-20260613-01,High Cable Tricep Pushdown,1,60.0,10.0,,,,2.0,1.0,2.0,1-2,,Tempo 2-1-2; RIR 1-2,7,2026-06-13T14:43:40.807Z,"=IFERROR(INDEX(tbl_Lookup_Exercises[Category],MATCH(tbl_Exercises[[#This Row],[ExerciseName]],tbl_Lookup_Exercises[ExerciseName],0)),""Unknown"")"
E-20260613-2063,S-20260613-01,High Cable Tricep Pushdown,2,60.0,11.0,,,,2.0,1.0,2.0,1-2,,Tempo 2-1-2; RIR 1-2,7,2026-06-13T14:45:55.878Z,"=IFERROR(INDEX(tbl_Lookup_Exercises[Category],MATCH(tbl_Exercises[[#This Row],[ExerciseName]],tbl_Lookup_Exercises[ExerciseName],0)),""Unknown"")"
E-20260613-2064,S-20260613-01,High Cable Tricep Pushdown,3,70.0,9.0,,,,2.0,1.0,2.0,1,,Tempo 2-1-2; RIR 1,7,2026-06-13T14:48:13.388Z,"=IFERROR(INDEX(tbl_Lookup_Exercises[Category],MATCH(tbl_Exercises[[#This Row],[ExerciseName]],tbl_Lookup_Exercises[ExerciseName],0)),""Unknown"")"
E-20260613-2065,S-20260613-01,Hammer Curls with Rope and Cable,1,20.0,12.0,,,,2.0,1.0,2.0,2,,Single arm hammer curl with single rope grip; tempo 2-1-2 slow and control; RIR 2; little left elbow awareness on eccentric ,7,2026-06-13T14:53:01.731Z,"=IFERROR(INDEX(tbl_Lookup_Exercises[Category],MATCH(tbl_Exercises[[#This Row],[ExerciseName]],tbl_Lookup_Exercises[ExerciseName],0)),""Unknown"")"
E-20260613-2066,S-20260613-01,Hammer Curls with Rope and Cable,2,20.0,12.0,,,,2.0,1.0,2.0,2,,Single arm hammer curl with single rope grip; tempo 2-1-2 slow and control; RIR 2;,7,2026-06-13T14:55:53.653Z,"=IFERROR(INDEX(tbl_Lookup_Exercises[Category],MATCH(tbl_Exercises[[#This Row],[ExerciseName]],tbl_Lookup_Exercises[ExerciseName],0)),""Unknown"")"
E-20260613-2067,S-20260613-01,Hammer Curls with Rope and Cable,3,25.0,10.0,,,,2.0,1.0,2.0,1,,Single arm hammer curl with single rope grip; tempo 2-1-2 slow and control; RIR 1;,7,2026-06-13T14:59:34.699Z,"=IFERROR(INDEX(tbl_Lookup_Exercises[Category],MATCH(tbl_Exercises[[#This Row],[ExerciseName]],tbl_Lookup_Exercises[ExerciseName],0)),""Unknown"")"
E-20260613-2068,S-20260613-01,Plate Pinch,1,50.0,,60.0,,,,,,,,40 sec; 25lbs plate per hand. Standard PF plate,7,2026-06-13T15:03:41.414Z,"=IFERROR(INDEX(tbl_Lookup_Exercises[Category],MATCH(tbl_Exercises[[#This Row],[ExerciseName]],tbl_Lookup_Exercises[ExerciseName],0)),""Unknown"")"
E-20260613-2069,S-20260613-01,Plate Pinch,2,50.0,,60.0,,,,,,,,40 sec; 25lbs plate per hand. Standard PF plate,7,2026-06-13T15:05:44.508Z,"=IFERROR(INDEX(tbl_Lookup_Exercises[Category],MATCH(tbl_Exercises[[#This Row],[ExerciseName]],tbl_Lookup_Exercises[ExerciseName],0)),""Unknown"")"
E-20260613-2070,S-20260613-01,Plate Pinch,3,50.0,,60.0,,,,,,,,40 sec; 25lbs plate per hand. Standard PF plate,7,2026-06-13T15:05:48.015Z,"=IFERROR(INDEX(tbl_Lookup_Exercises[Category],MATCH(tbl_Exercises[[#This Row],[ExerciseName]],tbl_Lookup_Exercises[ExerciseName],0)),""Unknown"")"
E-20260613-2071,S-20260613-01,Dead Hang,1,0.0,,60.0,,,,,,,,45 sec,7,2026-06-13T15:09:38.007Z,"=IFERROR(INDEX(tbl_Lookup_Exercises[Category],MATCH(tbl_Exercises[[#This Row],[ExerciseName]],tbl_Lookup_Exercises[ExerciseName],0)),""Unknown"")"
E-20260613-2072,S-20260613-01,Dead Hang,2,0.0,,60.0,,,,,,,,45 sec,7,2026-06-13T15:12:19.826Z,"=IFERROR(INDEX(tbl_Lookup_Exercises[Category],MATCH(tbl_Exercises[[#This Row],[ExerciseName]],tbl_Lookup_Exercises[ExerciseName],0)),""Unknown"")"
E-20260613-2073,S-20260613-01,Endless Rope,1,,,30.0,0.0,km,,,,,,Battle rope ,7,2026-06-13T15:14:18.999Z,"=IFERROR(INDEX(tbl_Lookup_Exercises[Category],MATCH(tbl_Exercises[[#This Row],[ExerciseName]],tbl_Lookup_Exercises[ExerciseName],0)),""Unknown"")"
E-20260613-2074,S-20260613-01,Endless Rope,2,,,30.0,0.0,km,,,,,,Battle rope ,7,2026-06-13T15:16:07.974Z,"=IFERROR(INDEX(tbl_Lookup_Exercises[Category],MATCH(tbl_Exercises[[#This Row],[ExerciseName]],tbl_Lookup_Exercises[ExerciseName],0)),""Unknown"")"
E-20260615-2075,S-20260615-01,Treadmill Walking,1,,,360.0,0.63,km,,,,,,"4 mph, 5% incline",7,2026-06-15T13:48:10.000Z,"=IFERROR(INDEX(tbl_Lookup_Exercises[Category],MATCH(tbl_Exercises[[#This Row],[ExerciseName]],tbl_Lookup_Exercises[ExerciseName],0)),""Unknown"")"
E-20260615-2076,S-20260615-01,Band Pull Aparts,1,0.0,15.0,,,,,,,,,Red band,7,2026-06-15T13:50:35.000Z,"=IFERROR(INDEX(tbl_Lookup_Exercises[Category],MATCH(tbl_Exercises[[#This Row],[ExerciseName]],tbl_Lookup_Exercises[ExerciseName],0)),""Unknown"")"
E-20260615-2077,S-20260615-01,Serratus Wall Slides (banded),1,0.0,8.0,,,,,,,,,Red band,7,2026-06-15T13:50:38.000Z,"=IFERROR(INDEX(tbl_Lookup_Exercises[Category],MATCH(tbl_Exercises[[#This Row],[ExerciseName]],tbl_Lookup_Exercises[ExerciseName],0)),""Unknown"")"
E-20260615-2078,S-20260615-01,Serratus Wall Slides (banded),2,0.0,8.0,,,,,,,,,Red band,7,2026-06-15T13:53:28.000Z,"=IFERROR(INDEX(tbl_Lookup_Exercises[Category],MATCH(tbl_Exercises[[#This Row],[ExerciseName]],tbl_Lookup_Exercises[ExerciseName],0)),""Unknown"")"
E-20260615-2079,S-20260615-01,Band Pull Aparts,2,0.0,15.0,,,,,,,,,Red band,7,2026-06-15T13:53:30.000Z,"=IFERROR(INDEX(tbl_Lookup_Exercises[Category],MATCH(tbl_Exercises[[#This Row],[ExerciseName]],tbl_Lookup_Exercises[ExerciseName],0)),""Unknown"")"
E-20260615-2080,S-20260615-01,Farmer's Walk,1,150.0,,60.0,,,,,,,,"2 mph, .5% incline",7,2026-06-15T13:55:25.000Z,"=IFERROR(INDEX(tbl_Lookup_Exercises[Category],MATCH(tbl_Exercises[[#This Row],[ExerciseName]],tbl_Lookup_Exercises[ExerciseName],0)),""Unknown"")"
E-20260615-2081,S-20260615-01,Farmer's Walk,2,150.0,,60.0,,,,,,,,"2 mph, .5% incline",7,2026-06-15T13:58:26.000Z,"=IFERROR(INDEX(tbl_Lookup_Exercises[Category],MATCH(tbl_Exercises[[#This Row],[ExerciseName]],tbl_Lookup_Exercises[ExerciseName],0)),""Unknown"")"
E-20260615-2082,S-20260615-01,Farmer's Walk,3,150.0,,60.0,,,,,,,,"2 mph, .5% incline",7,2026-06-15T14:01:26.000Z,"=IFERROR(INDEX(tbl_Lookup_Exercises[Category],MATCH(tbl_Exercises[[#This Row],[ExerciseName]],tbl_Lookup_Exercises[ExerciseName],0)),""Unknown"")"
E-20260615-2083,S-20260615-01,Farmer's Walk,4,150.0,,49.8,,,,,,,,"2 mph, .5% incline; 50/60=0.833",7,2026-06-15T14:04:29.000Z,"=IFERROR(INDEX(tbl_Lookup_Exercises[Category],MATCH(tbl_Exercises[[#This Row],[ExerciseName]],tbl_Lookup_Exercises[ExerciseName],0)),""Unknown"")"
E-20260615-2084,S-20260615-01,Farmer's Walk,5,150.0,,46.800000000000004,,,,,,,,"2 mph, .5% incline; 47/60=0.783",7,2026-06-15T14:07:25.000Z,"=IFERROR(INDEX(tbl_Lookup_Exercises[Category],MATCH(tbl_Exercises[[#This Row],[ExerciseName]],tbl_Lookup_Exercises[ExerciseName],0)),""Unknown"")"
E-20260615-2085,S-20260615-01,Machine Row,1,200.0,7.0,,,,2.0,1.0,1.0,2,,Tempo 2-1-1; RIR 2,7,2026-06-15T14:11:11.000Z,"=IFERROR(INDEX(tbl_Lookup_Exercises[Category],MATCH(tbl_Exercises[[#This Row],[ExerciseName]],tbl_Lookup_Exercises[ExerciseName],0)),""Unknown"")"
E-20260615-2086,S-20260615-01,Machine Row,2,205.0,6.0,,,,2.0,1.0,1.0,1-2,,Tempo 2-1-1; RIR 1-2,7,2026-06-15T14:13:42.000Z,"=IFERROR(INDEX(tbl_Lookup_Exercises[Category],MATCH(tbl_Exercises[[#This Row],[ExerciseName]],tbl_Lookup_Exercises[ExerciseName],0)),""Unknown"")"
E-20260615-2087,S-20260615-01,Machine Row,3,210.0,5.5,,,,2.0,1.0,1.0,1,,Tempo 2-1-1; RIR 1,7,2026-06-15T14:15:43.000Z,"=IFERROR(INDEX(tbl_Lookup_Exercises[Category],MATCH(tbl_Exercises[[#This Row],[ExerciseName]],tbl_Lookup_Exercises[ExerciseName],0)),""Unknown"")"
E-20260615-2088,S-20260615-01,Machine Row,4,210.0,5.0,,,,2.0,1.0,1.0,1-0,,Tempo 2-1-1; RIR 1-0; tough hold,7,2026-06-15T14:18:34.000Z,"=IFERROR(INDEX(tbl_Lookup_Exercises[Category],MATCH(tbl_Exercises[[#This Row],[ExerciseName]],tbl_Lookup_Exercises[ExerciseName],0)),""Unknown"")"
E-20260615-2089,S-20260615-01,Body Row,1,0.0,8.0,,,,1.0,2.0,1.0,1-2,,Elevated feet; tempo 1-2-1; RIR 1-2,7,2026-06-15T14:19:59.000Z,"=IFERROR(INDEX(tbl_Lookup_Exercises[Category],MATCH(tbl_Exercises[[#This Row],[ExerciseName]],tbl_Lookup_Exercises[ExerciseName],0)),""Unknown"")"
E-20260615-2090,S-20260615-01,Body Row,2,0.0,7.0,,,,2.0,2.0,1.0,1-2,,Elevated feet; tempo 2-2-1; RIR 1-2; sweaty grip slipping ,7,2026-06-15T14:22:07.000Z,"=IFERROR(INDEX(tbl_Lookup_Exercises[Category],MATCH(tbl_Exercises[[#This Row],[ExerciseName]],tbl_Lookup_Exercises[ExerciseName],0)),""Unknown"")"
E-20260615-2091,S-20260615-01,Body Row,3,0.0,8.0,,,,2.0,2.0,1.0,1-2,,Elevated feet; tempo 2-2-1; RIR 1-2; sweaty grip slipping ,7,2026-06-15T14:23:50.000Z,"=IFERROR(INDEX(tbl_Lookup_Exercises[Category],MATCH(tbl_Exercises[[#This Row],[ExerciseName]],tbl_Lookup_Exercises[ExerciseName],0)),""Unknown"")"
E-20260615-2092,S-20260615-01,Anchored Single Arm Dumbbell Curl,1,35.0,6.0,,,,2.0,2.0,2.0,1-2,,Tempo 2-2-2; RIR 1-2; l,7,2026-06-15T14:27:17.000Z,"=IFERROR(INDEX(tbl_Lookup_Exercises[Category],MATCH(tbl_Exercises[[#This Row],[ExerciseName]],tbl_Lookup_Exercises[ExerciseName],0)),""Unknown"")"
E-20260615-2093,S-20260615-01,Anchored Single Arm Dumbbell Curl,2,35.0,6.0,,,,2.0,2.0,2.0,1-2,,Tempo 2-2-2; RIR 1-2; ,7,2026-06-15T14:30:16.000Z,"=IFERROR(INDEX(tbl_Lookup_Exercises[Category],MATCH(tbl_Exercises[[#This Row],[ExerciseName]],tbl_Lookup_Exercises[ExerciseName],0)),""Unknown"")"
E-20260615-2094,S-20260615-01,Anchored Single Arm Dumbbell Curl,3,35.0,6.0,,,,2.0,2.0,2.0,1,,Tempo 2-2-2; RIR 1,7,2026-06-15T14:33:02.000Z,"=IFERROR(INDEX(tbl_Lookup_Exercises[Category],MATCH(tbl_Exercises[[#This Row],[ExerciseName]],tbl_Lookup_Exercises[ExerciseName],0)),""Unknown"")"
E-20260615-2095,S-20260615-01,Anchored Single Arm Dumbbell Curl,4,35.0,5.5,,,,2.0,2.0,2.0,1,,Tempo 2-2-2; RIR 1,7,2026-06-15T14:35:33.000Z,"=IFERROR(INDEX(tbl_Lookup_Exercises[Category],MATCH(tbl_Exercises[[#This Row],[ExerciseName]],tbl_Lookup_Exercises[ExerciseName],0)),""Unknown"")"
E-20260615-2096,S-20260615-01,Single-Arm Overhead Cable Extension,1,20.0,12.0,,,,3.0,1.0,3.0,2,,D-Grip; tempo 3-1-3; RIR 2,7,2026-06-15T14:39:48.000Z,"=IFERROR(INDEX(tbl_Lookup_Exercises[Category],MATCH(tbl_Exercises[[#This Row],[ExerciseName]],tbl_Lookup_Exercises[ExerciseName],0)),""Unknown"")"
E-20260615-2097,S-20260615-01,Single-Arm Overhead Cable Extension,2,20.0,11.0,,,,3.0,1.0,3.0,1-2,,D-Grip; tempo 3-1-3; RIR 1-2,7,2026-06-15T14:43:04.000Z,"=IFERROR(INDEX(tbl_Lookup_Exercises[Category],MATCH(tbl_Exercises[[#This Row],[ExerciseName]],tbl_Lookup_Exercises[ExerciseName],0)),""Unknown"")"
E-20260615-2098,S-20260615-01,Single-Arm Overhead Cable Extension,3,20.0,10.0,,,,3.0,1.0,3.0,1-2,,D-Grip; tempo 3-1-3; RIR 1-2,7,2026-06-15T14:46:37.000Z,"=IFERROR(INDEX(tbl_Lookup_Exercises[Category],MATCH(tbl_Exercises[[#This Row],[ExerciseName]],tbl_Lookup_Exercises[ExerciseName],0)),""Unknown"")"
E-20260615-2099,S-20260615-01,Single-Arm Overhead Cable Extension,4,20.0,8.0,,,,3.0,1.0,3.0,1-2,,D-Grip; tempo 3-1-3; RIR 1-2,7,2026-06-15T14:50:00.000Z,"=IFERROR(INDEX(tbl_Lookup_Exercises[Category],MATCH(tbl_Exercises[[#This Row],[ExerciseName]],tbl_Lookup_Exercises[ExerciseName],0)),""Unknown"")"
E-20260615-2100,S-20260615-01,Plate Pinch,1,50.0,,60.0,,,,,,,,40 seconds; 25# per hand ,7,2026-06-15T14:52:11.000Z,"=IFERROR(INDEX(tbl_Lookup_Exercises[Category],MATCH(tbl_Exercises[[#This Row],[ExerciseName]],tbl_Lookup_Exercises[ExerciseName],0)),""Unknown"")"
E-20260615-2101,S-20260615-01,Plate Pinch,2,50.0,,60.0,,,,,,,,45 seconds; 25# per hand ,7,2026-06-15T14:53:38.000Z,"=IFERROR(INDEX(tbl_Lookup_Exercises[Category],MATCH(tbl_Exercises[[#This Row],[ExerciseName]],tbl_Lookup_Exercises[ExerciseName],0)),""Unknown"")"
E-20260615-2102,S-20260615-01,Plate Pinch,3,50.0,,60.0,,,,,,,,40 seconds; 25# per hand ,7,2026-06-15T14:55:39.000Z,"=IFERROR(INDEX(tbl_Lookup_Exercises[Category],MATCH(tbl_Exercises[[#This Row],[ExerciseName]],tbl_Lookup_Exercises[ExerciseName],0)),""Unknown"")"
E-20260615-2103,S-20260615-01,Dead Hang,1,0.0,,60.0,,,,,,,,50 seconds. Cramp/charlie horse in left glute again,7,2026-06-15T15:00:25.000Z,"=IFERROR(INDEX(tbl_Lookup_Exercises[Category],MATCH(tbl_Exercises[[#This Row],[ExerciseName]],tbl_Lookup_Exercises[ExerciseName],0)),""Unknown"")"
E-20260615-2104,S-20260615-01,Dead Hang,2,0.0,,60.0,,,,,,,,45 seconds. Cramp/charlie horse in left glute again,7,2026-06-15T15:02:05.000Z,"=IFERROR(INDEX(tbl_Lookup_Exercises[Category],MATCH(tbl_Exercises[[#This Row],[ExerciseName]],tbl_Lookup_Exercises[ExerciseName],0)),""Unknown"")"
E-20260617-2105,S-20260617-01,Treadmill Walking,1,,,360.0,0.63,km,,,,,,"4 mph, 5% incline",7,2026-06-17T21:17:49.430Z,"=IFERROR(INDEX(tbl_Lookup_Exercises[Category],MATCH(tbl_Exercises[[#This Row],[ExerciseName]],tbl_Lookup_Exercises[ExerciseName],0)),""Unknown"")"
E-20260617-2106,S-20260617-01,Band Pull Aparts,1,0.0,12.0,,,,,,,,,Red ,7,2026-06-17T21:22:19.998Z,"=IFERROR(INDEX(tbl_Lookup_Exercises[Category],MATCH(tbl_Exercises[[#This Row],[ExerciseName]],tbl_Lookup_Exercises[ExerciseName],0)),""Unknown"")"
E-20260617-2107,S-20260617-01,Serratus Wall Slides (banded),1,0.0,8.0,,,,,,,,,,7,2026-06-17T21:22:24.736Z,"=IFERROR(INDEX(tbl_Lookup_Exercises[Category],MATCH(tbl_Exercises[[#This Row],[ExerciseName]],tbl_Lookup_Exercises[ExerciseName],0)),""Unknown"")"
E-20260617-2108,S-20260617-01,Serratus Wall Slides (banded),2,0.0,8.0,,,,,,,,,,7,2026-06-17T21:22:25.742Z,"=IFERROR(INDEX(tbl_Lookup_Exercises[Category],MATCH(tbl_Exercises[[#This Row],[ExerciseName]],tbl_Lookup_Exercises[ExerciseName],0)),""Unknown"")"
E-20260617-2109,S-20260617-01,Neutral Grip Dumbbell Floor Press,1,120.0,9.0,,,,3.0,1.0,,2,,Tempo 3-1-x-1; RIR 2,7,2026-06-17T21:25:11.349Z,"=IFERROR(INDEX(tbl_Lookup_Exercises[Category],MATCH(tbl_Exercises[[#This Row],[ExerciseName]],tbl_Lookup_Exercises[ExerciseName],0)),""Unknown"")"
E-20260617-2110,S-20260617-01,Neutral Grip Dumbbell Floor Press,2,130.0,8.0,,,,3.0,1.0,,2,,Tempo 3-1-x-1; RIR 2,7,2026-06-17T21:28:11.980Z,"=IFERROR(INDEX(tbl_Lookup_Exercises[Category],MATCH(tbl_Exercises[[#This Row],[ExerciseName]],tbl_Lookup_Exercises[ExerciseName],0)),""Unknown"")"
E-20260617-2111,S-20260617-01,Neutral Grip Dumbbell Floor Press,3,140.0,6.0,,,,3.0,1.0,,1,,Tempo 3-1-x-1; RIR 1,7,2026-06-17T21:31:10.553Z,"=IFERROR(INDEX(tbl_Lookup_Exercises[Category],MATCH(tbl_Exercises[[#This Row],[ExerciseName]],tbl_Lookup_Exercises[ExerciseName],0)),""Unknown"")"
E-20260617-2112,S-20260617-01,Neutral Grip Dumbbell Floor Press,4,140.0,4.5,,,,3.0,1.0,,1,,Tempo 3-1-x-1; RIR 1,7,2026-06-17T21:34:46.353Z,"=IFERROR(INDEX(tbl_Lookup_Exercises[Category],MATCH(tbl_Exercises[[#This Row],[ExerciseName]],tbl_Lookup_Exercises[ExerciseName],0)),""Unknown"")"
E-20260617-2113,S-20260617-01,Machine Chest Press,1,90.0,10.0,,,,2.0,1.0,2.0,2+,,Tempo 2-1-2; RIR 2+; seat at 3,7,2026-06-17T21:37:16.986Z,"=IFERROR(INDEX(tbl_Lookup_Exercises[Category],MATCH(tbl_Exercises[[#This Row],[ExerciseName]],tbl_Lookup_Exercises[ExerciseName],0)),""Unknown"")"
E-20260617-2114,S-20260617-01,Machine Chest Press,2,100.0,10.0,,,,2.0,1.0,2.0,2,,Tempo 2-1-2; RIR 2; seat at 2,7,2026-06-17T21:39:12.699Z,"=IFERROR(INDEX(tbl_Lookup_Exercises[Category],MATCH(tbl_Exercises[[#This Row],[ExerciseName]],tbl_Lookup_Exercises[ExerciseName],0)),""Unknown"")"
E-20260617-2115,S-20260617-01,Machine Chest Press,3,100.0,10.0,,,,2.0,1.0,2.0,1,,Tempo 2-1-2; RIR 1; seat at 2,7,2026-06-17T21:41:55.158Z,"=IFERROR(INDEX(tbl_Lookup_Exercises[Category],MATCH(tbl_Exercises[[#This Row],[ExerciseName]],tbl_Lookup_Exercises[ExerciseName],0)),""Unknown"")"
E-20260617-2116,S-20260617-01,Machine Chest Press,4,105.0,7.0,,,,2.0,1.0,2.0,1,,Right Anterior capsule awareness following floor press. Little tender on machine but more tight capsule feeling cs ligament or tendon;  Tempo 2-1-2; RIR 1; seat at 2,7,2026-06-17T21:44:11.947Z,"=IFERROR(INDEX(tbl_Lookup_Exercises[Category],MATCH(tbl_Exercises[[#This Row],[ExerciseName]],tbl_Lookup_Exercises[ExerciseName],0)),""Unknown"")"
E-20260617-2117,S-20260617-01,Cable Fly (Standing),1,20.0,12.0,,,,2.0,2.0,2.0,2,,Cable at 12; felt a little low. Tempo 2-2-2; RIR 2,7,2026-06-17T21:49:44.756Z,"=IFERROR(INDEX(tbl_Lookup_Exercises[Category],MATCH(tbl_Exercises[[#This Row],[ExerciseName]],tbl_Lookup_Exercises[ExerciseName],0)),""Unknown"")"
E-20260617-2118,S-20260617-01,Cable Fly (Standing),2,20.0,15.0,,,,2.0,2.0,2.0,1-2,,Cable at 12; felt a little low. Tempo 2-2-2; RIR 1-2,7,2026-06-17T21:53:19.100Z,"=IFERROR(INDEX(tbl_Lookup_Exercises[Category],MATCH(tbl_Exercises[[#This Row],[ExerciseName]],tbl_Lookup_Exercises[ExerciseName],0)),""Unknown"")"
E-20260617-2119,S-20260617-01,Cable Fly (Standing),3,25.0,13.0,,,,2.0,2.0,2.0,1-2,,Cable at 12; felt a little low. Tempo 2-2-2; RIR 1-2,7,2026-06-17T21:56:50.936Z,"=IFERROR(INDEX(tbl_Lookup_Exercises[Category],MATCH(tbl_Exercises[[#This Row],[ExerciseName]],tbl_Lookup_Exercises[ExerciseName],0)),""Unknown"")"
E-20260617-2120,S-20260617-01,Single-Arm Overhead Cable Extension,1,20.0,11.0,,,,3.0,1.0,3.0,1-2,,D-Grip; Tempo 3-1-3; RIR 1-2,7,2026-06-17T22:00:42.618Z,"=IFERROR(INDEX(tbl_Lookup_Exercises[Category],MATCH(tbl_Exercises[[#This Row],[ExerciseName]],tbl_Lookup_Exercises[ExerciseName],0)),""Unknown"")"
E-20260617-2121,S-20260617-01,Single-Arm Overhead Cable Extension,2,20.0,11.0,,,,3.0,1.0,3.0,1-2,,The overhead extension feels good on the anterior capsule. Seems to have ‘loosened’ following the chest work; D-Grip; Tempo 3-1-3; RIR 1-2,7,2026-06-17T22:03:38.811Z,"=IFERROR(INDEX(tbl_Lookup_Exercises[Category],MATCH(tbl_Exercises[[#This Row],[ExerciseName]],tbl_Lookup_Exercises[ExerciseName],0)),""Unknown"")"
E-20260617-2122,S-20260617-01,Single-Arm Overhead Cable Extension,3,20.0,8.0,,,,3.0,1.0,3.0,1,,The overhead extension feels good on the anterior capsule. Seems to have ‘loosened’ following the chest work; D-Grip; Tempo 3-1-3; RIR 1,7,2026-06-17T22:06:08.515Z,"=IFERROR(INDEX(tbl_Lookup_Exercises[Category],MATCH(tbl_Exercises[[#This Row],[ExerciseName]],tbl_Lookup_Exercises[ExerciseName],0)),""Unknown"")"
E-20260617-2123,S-20260617-01,Single-Arm Overhead Cable Extension,4,20.0,8.0,,,,3.0,1.0,3.0,1,,D-Grip; Tempo 3-1-3; RIR 1,7,2026-06-17T22:09:47.971Z,"=IFERROR(INDEX(tbl_Lookup_Exercises[Category],MATCH(tbl_Exercises[[#This Row],[ExerciseName]],tbl_Lookup_Exercises[ExerciseName],0)),""Unknown"")"
E-20260617-2124,S-20260617-01,High Cable Tricep Pushdown,1,60.0,10.0,,,,2.0,1.0,2.0,1-2,,Tempo 2-1-2; RIR 1-2; how should be wrist break or bend? ,7,2026-06-17T22:11:27.419Z,"=IFERROR(INDEX(tbl_Lookup_Exercises[Category],MATCH(tbl_Exercises[[#This Row],[ExerciseName]],tbl_Lookup_Exercises[ExerciseName],0)),""Unknown"")"
E-20260617-2125,S-20260617-01,High Cable Tricep Pushdown,2,60.0,9.0,,,,2.0,1.0,2.0,1-2,,Tempo 2-1-2; RIR 1-2; how should be wrist break or bend? ,7,2026-06-17T22:12:59.910Z,"=IFERROR(INDEX(tbl_Lookup_Exercises[Category],MATCH(tbl_Exercises[[#This Row],[ExerciseName]],tbl_Lookup_Exercises[ExerciseName],0)),""Unknown"")"
E-20260617-2126,S-20260617-01,High Cable Tricep Pushdown,3,65.0,7.5,,,,2.0,1.0,2.0,1-2,,Tempo 2-1-2; RIR 1-2; I think I’m doing too much ROM,7,2026-06-17T22:15:13.690Z,"=IFERROR(INDEX(tbl_Lookup_Exercises[Category],MATCH(tbl_Exercises[[#This Row],[ExerciseName]],tbl_Lookup_Exercises[ExerciseName],0)),""Unknown"")"
E-20260617-2127,S-20260617-01,Plate Pinch,1,50.0,,60.0,,,,,,,,60 sec,7,2026-06-17T22:18:14.902Z,"=IFERROR(INDEX(tbl_Lookup_Exercises[Category],MATCH(tbl_Exercises[[#This Row],[ExerciseName]],tbl_Lookup_Exercises[ExerciseName],0)),""Unknown"")"
E-20260617-2128,S-20260617-01,Plate Pinch,2,50.0,,60.0,,,,,,,,60 sec,7,2026-06-17T22:20:19.074Z,"=IFERROR(INDEX(tbl_Lookup_Exercises[Category],MATCH(tbl_Exercises[[#This Row],[ExerciseName]],tbl_Lookup_Exercises[ExerciseName],0)),""Unknown"")"
E-20260617-2129,S-20260617-01,Plate Pinch,3,50.0,,60.0,,,,,,,,50 sec,7,2026-06-17T22:22:35.698Z,"=IFERROR(INDEX(tbl_Lookup_Exercises[Category],MATCH(tbl_Exercises[[#This Row],[ExerciseName]],tbl_Lookup_Exercises[ExerciseName],0)),""Unknown"")"
E-20260617-2130,S-20260617-01,Dead Hang,1,0.0,,60.0,,,,,,,,55 sec,7,2026-06-17T22:24:52.589Z,"=IFERROR(INDEX(tbl_Lookup_Exercises[Category],MATCH(tbl_Exercises[[#This Row],[ExerciseName]],tbl_Lookup_Exercises[ExerciseName],0)),""Unknown"")"
E-20260617-2131,S-20260617-01,Dead Hang,2,0.0,,60.0,,,,,,,,50 sec barely!,7,2026-06-17T22:27:32.955Z,"=IFERROR(INDEX(tbl_Lookup_Exercises[Category],MATCH(tbl_Exercises[[#This Row],[ExerciseName]],tbl_Lookup_Exercises[ExerciseName],0)),""Unknown"")"
E-20260618-2132,S-20260618-01,Treadmill Walking,1,,,360.0,0.65,km,,,,,,"4.1 mph, 5% incline",7,2026-06-18T21:14:56.662Z,"=IFERROR(INDEX(tbl_Lookup_Exercises[Category],MATCH(tbl_Exercises[[#This Row],[ExerciseName]],tbl_Lookup_Exercises[ExerciseName],0)),""Unknown"")"
E-20260618-2133,S-20260618-01,Goblet Squat,1,40.0,10.0,,,,3.0,1.0,1.0,2,,Tempo: 3-1-1; RIR 2,7,2026-06-18T21:17:13.640Z,"=IFERROR(INDEX(tbl_Lookup_Exercises[Category],MATCH(tbl_Exercises[[#This Row],[ExerciseName]],tbl_Lookup_Exercises[ExerciseName],0)),""Unknown"")"
E-20260618-2134,S-20260618-01,Goblet Squat,2,50.0,10.0,,,,3.0,1.0,1.0,2,,Tempo: 3-1-1; RIR 2,7,2026-06-18T21:19:18.853Z,"=IFERROR(INDEX(tbl_Lookup_Exercises[Category],MATCH(tbl_Exercises[[#This Row],[ExerciseName]],tbl_Lookup_Exercises[ExerciseName],0)),""Unknown"")"
E-20260618-2135,S-20260618-01,Goblet Squat,3,60.0,10.0,,,,3.0,1.0,1.0,1-2,,Tempo: 3-1-1; RIR 1-2,7,2026-06-18T21:21:39.161Z,"=IFERROR(INDEX(tbl_Lookup_Exercises[Category],MATCH(tbl_Exercises[[#This Row],[ExerciseName]],tbl_Lookup_Exercises[ExerciseName],0)),""Unknown"")"
E-20260618-2136,S-20260618-01,Dumbbell Romanian Deadlift,1,150.0,8.0,,,,3.0,1.0,1.0,2,,Tempo 3-1-1; RIR 2,7,2026-06-18T21:24:27.965Z,"=IFERROR(INDEX(tbl_Lookup_Exercises[Category],MATCH(tbl_Exercises[[#This Row],[ExerciseName]],tbl_Lookup_Exercises[ExerciseName],0)),""Unknown"")"
E-20260618-2137,S-20260618-01,Dumbbell Romanian Deadlift,2,150.0,8.0,,,,3.0,1.0,1.0,2,,Tempo 3-1-1; RIR 2,7,2026-06-18T21:27:22.153Z,"=IFERROR(INDEX(tbl_Lookup_Exercises[Category],MATCH(tbl_Exercises[[#This Row],[ExerciseName]],tbl_Lookup_Exercises[ExerciseName],0)),""Unknown"")"
E-20260618-2138,S-20260618-01,Dumbbell Romanian Deadlift,3,150.0,8.0,,,,3.0,1.0,1.0,2,,Tempo 3-1-1; RIR 2,7,2026-06-18T21:30:23.275Z,"=IFERROR(INDEX(tbl_Lookup_Exercises[Category],MATCH(tbl_Exercises[[#This Row],[ExerciseName]],tbl_Lookup_Exercises[ExerciseName],0)),""Unknown"")"
E-20260618-2139,S-20260618-01,Walking Lunges,1,25.0,,12.0,,,2.0,1.0,1.0,2,,12 per leg; tempo 2-1-1; RIR 2,7,2026-06-18T21:34:23.016Z,"=IFERROR(INDEX(tbl_Lookup_Exercises[Category],MATCH(tbl_Exercises[[#This Row],[ExerciseName]],tbl_Lookup_Exercises[ExerciseName],0)),""Unknown"")"
E-20260618-2140,S-20260618-01,Walking Lunges,2,25.0,,12.0,,,2.0,1.0,1.0,2,,12 per leg; tempo 2-1-1; RIR 2,7,2026-06-18T21:37:16.871Z,"=IFERROR(INDEX(tbl_Lookup_Exercises[Category],MATCH(tbl_Exercises[[#This Row],[ExerciseName]],tbl_Lookup_Exercises[ExerciseName],0)),""Unknown"")"
E-20260618-2141,S-20260618-01,Farmer's Walk,1,150.0,,60.0,,,,,,,,,7,2026-06-18T21:41:39.086Z,"=IFERROR(INDEX(tbl_Lookup_Exercises[Category],MATCH(tbl_Exercises[[#This Row],[ExerciseName]],tbl_Lookup_Exercises[ExerciseName],0)),""Unknown"")"
E-20260618-2142,S-20260618-01,Farmer's Walk,2,150.0,,49.199999999999996,,,,,,,,,7,2026-06-18T21:44:41.702Z,"=IFERROR(INDEX(tbl_Lookup_Exercises[Category],MATCH(tbl_Exercises[[#This Row],[ExerciseName]],tbl_Lookup_Exercises[ExerciseName],0)),""Unknown"")"
E-20260618-2143,S-20260618-01,Farmer's Walk,3,150.0,,40.2,,,,,,,,Right grip forearm failing today,7,2026-06-18T21:47:29.420Z,"=IFERROR(INDEX(tbl_Lookup_Exercises[Category],MATCH(tbl_Exercises[[#This Row],[ExerciseName]],tbl_Lookup_Exercises[ExerciseName],0)),""Unknown"")"
E-20260618-2144,S-20260618-01,Farmer's Walk,4,150.0,,40.800000000000004,,,,,,,,Fatigue in mid back; Right grip forearm failing today,7,2026-06-18T21:50:24.515Z,"=IFERROR(INDEX(tbl_Lookup_Exercises[Category],MATCH(tbl_Exercises[[#This Row],[ExerciseName]],tbl_Lookup_Exercises[ExerciseName],0)),""Unknown"")"
E-20260618-2145,S-20260618-01,Farmer's Walk,5,150.0,,36.0,,,,,,,,Focused all sets on deliberately walking a slow steady pace; Fatigue in mid back; Right grip forearm failing today,7,2026-06-18T21:54:02.885Z,"=IFERROR(INDEX(tbl_Lookup_Exercises[Category],MATCH(tbl_Exercises[[#This Row],[ExerciseName]],tbl_Lookup_Exercises[ExerciseName],0)),""Unknown"")"
E-20260618-2146,S-20260618-01,Anchored Single Arm Dumbbell Curl,1,35.0,8.0,,,,2.0,2.0,2.0,2,,Tempo 2-2-2; RIR 2,7,2026-06-18T21:58:33.244Z,"=IFERROR(INDEX(tbl_Lookup_Exercises[Category],MATCH(tbl_Exercises[[#This Row],[ExerciseName]],tbl_Lookup_Exercises[ExerciseName],0)),""Unknown"")"
E-20260618-2147,S-20260618-01,Anchored Single Arm Dumbbell Curl,2,35.0,8.0,,,,2.0,2.0,2.0,1-2,,Tempo 2-2-2; RIR 1-2,7,2026-06-18T22:02:10.540Z,"=IFERROR(INDEX(tbl_Lookup_Exercises[Category],MATCH(tbl_Exercises[[#This Row],[ExerciseName]],tbl_Lookup_Exercises[ExerciseName],0)),""Unknown"")"
E-20260618-2148,S-20260618-01,Anchored Single Arm Dumbbell Curl,3,35.0,6.5,,,,2.0,2.0,2.0,1-2,,Tempo 2-2-2; RIR 1-2,7,2026-06-18T22:04:32.250Z,"=IFERROR(INDEX(tbl_Lookup_Exercises[Category],MATCH(tbl_Exercises[[#This Row],[ExerciseName]],tbl_Lookup_Exercises[ExerciseName],0)),""Unknown"")"
E-20260618-2149,S-20260618-01,Anchored Single Arm Dumbbell Curl,4,35.0,6.5,,,,2.0,2.0,2.0,1-2,,Tempo 2-2-2; RIR 1-2,7,2026-06-18T22:05:33.941Z,"=IFERROR(INDEX(tbl_Lookup_Exercises[Category],MATCH(tbl_Exercises[[#This Row],[ExerciseName]],tbl_Lookup_Exercises[ExerciseName],0)),""Unknown"")"
E-20260618-2150,S-20260618-01,High Cable Tricep Pushdown,1,70.0,10.0,,,,2.0,1.0,2.0,1-2,,Tempo 2-1-2; RIR 1-2; ROM 90-100 degree on eccentric ,7,2026-06-18T22:09:06.318Z,"=IFERROR(INDEX(tbl_Lookup_Exercises[Category],MATCH(tbl_Exercises[[#This Row],[ExerciseName]],tbl_Lookup_Exercises[ExerciseName],0)),""Unknown"")"
E-20260618-2151,S-20260618-01,High Cable Tricep Pushdown,2,70.0,9.5,,,,2.0,1.0,2.0,1-2,,Tempo 2-1-2; RIR 1-2; ROM 90-100 degree on eccentric ,7,2026-06-18T22:10:58.598Z,"=IFERROR(INDEX(tbl_Lookup_Exercises[Category],MATCH(tbl_Exercises[[#This Row],[ExerciseName]],tbl_Lookup_Exercises[ExerciseName],0)),""Unknown"")"
E-20260618-2152,S-20260618-01,High Cable Tricep Pushdown,3,75.0,8.0,,,,2.0,1.0,2.0,1-2,,Kept focus on maintaining tension; Tempo 2-1-2; RIR 1-2; ROM 90-100 degree on eccentric ,7,2026-06-18T22:14:06.515Z,"=IFERROR(INDEX(tbl_Lookup_Exercises[Category],MATCH(tbl_Exercises[[#This Row],[ExerciseName]],tbl_Lookup_Exercises[ExerciseName],0)),""Unknown"")"
E-20260618-2153,S-20260618-01,Plate Pinch,1,50.0,,60.0,,,,,,,,55 seconds,7,2026-06-18T22:16:31.109Z,"=IFERROR(INDEX(tbl_Lookup_Exercises[Category],MATCH(tbl_Exercises[[#This Row],[ExerciseName]],tbl_Lookup_Exercises[ExerciseName],0)),""Unknown"")"
E-20260618-2154,S-20260618-01,Plate Pinch,2,50.0,,60.0,,,,,,,,55 seconds,7,2026-06-18T22:18:28.198Z,"=IFERROR(INDEX(tbl_Lookup_Exercises[Category],MATCH(tbl_Exercises[[#This Row],[ExerciseName]],tbl_Lookup_Exercises[ExerciseName],0)),""Unknown"")"
E-20260618-2155,S-20260618-01,Plate Pinch,3,50.0,,60.0,,,,,,,,40 seconds,7,2026-06-18T22:21:21.863Z,"=IFERROR(INDEX(tbl_Lookup_Exercises[Category],MATCH(tbl_Exercises[[#This Row],[ExerciseName]],tbl_Lookup_Exercises[ExerciseName],0)),""Unknown"")"
E-20260618-2156,S-20260618-01,Dead Hang,1,0.0,,60.0,,,,,,,,52 seconds,7,2026-06-18T22:23:24.586Z,"=IFERROR(INDEX(tbl_Lookup_Exercises[Category],MATCH(tbl_Exercises[[#This Row],[ExerciseName]],tbl_Lookup_Exercises[ExerciseName],0)),""Unknown"")"
E-20260618-2157,S-20260618-01,Dead Hang,2,0.0,,60.0,,,,,,,,40 seconds; grip slipped,7,2026-06-18T22:25:36.718Z,"=IFERROR(INDEX(tbl_Lookup_Exercises[Category],MATCH(tbl_Exercises[[#This Row],[ExerciseName]],tbl_Lookup_Exercises[ExerciseName],0)),""Unknown"")"
E-20260620-2158,S-20260620-01,Treadmill Walking,1,,,360.0,0.65,km,,,,,,,7,2026-06-20T14:47:00.793Z,"=IFERROR(INDEX(tbl_Lookup_Exercises[Category],MATCH(tbl_Exercises[[#This Row],[ExerciseName]],tbl_Lookup_Exercises[ExerciseName],0)),""Unknown"")"
E-20260620-2159,S-20260620-01,Farmer's Walk,1,150.0,,66.0,,,,,,,,"2 mph, .5% incline",7,2026-06-20T14:57:53.345Z,"=IFERROR(INDEX(tbl_Lookup_Exercises[Category],MATCH(tbl_Exercises[[#This Row],[ExerciseName]],tbl_Lookup_Exercises[ExerciseName],0)),""Unknown"")"
E-20260620-2160,S-20260620-01,Farmer's Walk,2,150.0,,60.0,,,,,,,,"2 mph, .5% incline",7,2026-06-20T14:59:58.050Z,"=IFERROR(INDEX(tbl_Lookup_Exercises[Category],MATCH(tbl_Exercises[[#This Row],[ExerciseName]],tbl_Lookup_Exercises[ExerciseName],0)),""Unknown"")"
E-20260620-2161,S-20260620-01,Farmer's Walk,3,150.0,,55.2,,,,,,,,"2 mph, .5% incline",7,2026-06-20T15:02:55.999Z,"=IFERROR(INDEX(tbl_Lookup_Exercises[Category],MATCH(tbl_Exercises[[#This Row],[ExerciseName]],tbl_Lookup_Exercises[ExerciseName],0)),""Unknown"")"
E-20260620-2162,S-20260620-01,Farmer's Walk,4,150.0,,49.8,,,,,,,,"2 mph, .5% incline",7,2026-06-20T15:05:47.411Z,"=IFERROR(INDEX(tbl_Lookup_Exercises[Category],MATCH(tbl_Exercises[[#This Row],[ExerciseName]],tbl_Lookup_Exercises[ExerciseName],0)),""Unknown"")"
E-20260620-2163,S-20260620-01,Farmer's Walk,5,150.0,,49.8,,,,,,,,"2 mph, .5% incline",7,2026-06-20T15:08:48.721Z,"=IFERROR(INDEX(tbl_Lookup_Exercises[Category],MATCH(tbl_Exercises[[#This Row],[ExerciseName]],tbl_Lookup_Exercises[ExerciseName],0)),""Unknown"")"
E-20260620-2164,S-20260620-01,Anchored Single Arm Dumbbell Curl,1,35.0,8.0,,,,2.0,2.0,2.0,1-2,,Tempo 2-2-2; RIR 1-2; started w left,7,2026-06-20T15:13:46.523Z,"=IFERROR(INDEX(tbl_Lookup_Exercises[Category],MATCH(tbl_Exercises[[#This Row],[ExerciseName]],tbl_Lookup_Exercises[ExerciseName],0)),""Unknown"")"
E-20260620-2165,S-20260620-01,Anchored Single Arm Dumbbell Curl,2,35.0,8.0,,,,2.0,2.0,2.0,1,,Tempo 2-2-2; RIR 1; started w left,7,2026-06-20T15:16:34.977Z,"=IFERROR(INDEX(tbl_Lookup_Exercises[Category],MATCH(tbl_Exercises[[#This Row],[ExerciseName]],tbl_Lookup_Exercises[ExerciseName],0)),""Unknown"")"
E-20260620-2166,S-20260620-01,Anchored Single Arm Dumbbell Curl,3,35.0,6.0,,,,2.0,2.0,2.0,1,,Tempo 2-2-2; RIR 1; started w left,7,2026-06-20T15:19:02.498Z,"=IFERROR(INDEX(tbl_Lookup_Exercises[Category],MATCH(tbl_Exercises[[#This Row],[ExerciseName]],tbl_Lookup_Exercises[ExerciseName],0)),""Unknown"")"
E-20260620-2167,S-20260620-01,Anchored Single Arm Dumbbell Curl,4,35.0,6.0,,,,2.0,2.0,2.0,1,,Tempo 2-2-2; RIR 1; started w left; left contraction still a little less force than right ,7,2026-06-20T15:22:11.889Z,"=IFERROR(INDEX(tbl_Lookup_Exercises[Category],MATCH(tbl_Exercises[[#This Row],[ExerciseName]],tbl_Lookup_Exercises[ExerciseName],0)),""Unknown"")"
E-20260620-2168,S-20260620-01,Single-Arm Overhead Cable Extension,1,20.0,12.0,,,,3.0,1.0,3.0,2,,Tempo 3-1-3; RIR 2,7,2026-06-20T15:25:07.701Z,"=IFERROR(INDEX(tbl_Lookup_Exercises[Category],MATCH(tbl_Exercises[[#This Row],[ExerciseName]],tbl_Lookup_Exercises[ExerciseName],0)),""Unknown"")"
E-20260620-2169,S-20260620-01,Single-Arm Overhead Cable Extension,2,20.0,12.0,,,,3.0,1.0,3.0,1-2,,Tempo 3-1-3; RIR 1-2,7,2026-06-20T15:28:18.479Z,"=IFERROR(INDEX(tbl_Lookup_Exercises[Category],MATCH(tbl_Exercises[[#This Row],[ExerciseName]],tbl_Lookup_Exercises[ExerciseName],0)),""Unknown"")"
E-20260620-2170,S-20260620-01,Single-Arm Overhead Cable Extension,3,20.0,10.0,,,,3.0,1.0,3.0,1-2,,Tempo 3-1-3; RIR 1-2,7,2026-06-20T15:31:15.940Z,"=IFERROR(INDEX(tbl_Lookup_Exercises[Category],MATCH(tbl_Exercises[[#This Row],[ExerciseName]],tbl_Lookup_Exercises[ExerciseName],0)),""Unknown"")"
E-20260620-2171,S-20260620-01,Single-Arm Overhead Cable Extension,4,20.0,10.0,,,,3.0,1.0,3.0,1,,Tempo 3-1-3; RIR 1,7,2026-06-20T15:34:14.793Z,"=IFERROR(INDEX(tbl_Lookup_Exercises[Category],MATCH(tbl_Exercises[[#This Row],[ExerciseName]],tbl_Lookup_Exercises[ExerciseName],0)),""Unknown"")"
E-20260620-2172,S-20260620-01,High Cable Tricep Pushdown,1,70.0,8.0,,,,2.0,1.0,2.0,2,,Tempo 2-1-2; RIR 2; shoulder started rolling forward as ROM started creeping higher toward 7-8; stopped when shoulder roll started ,7,2026-06-20T15:39:56.363Z,"=IFERROR(INDEX(tbl_Lookup_Exercises[Category],MATCH(tbl_Exercises[[#This Row],[ExerciseName]],tbl_Lookup_Exercises[ExerciseName],0)),""Unknown"")"
E-20260620-2173,S-20260620-01,High Cable Tricep Pushdown,2,70.0,7.0,,,,2.0,1.0,2.0,2,,Tempo 2-1-2; RIR 2; shoulder started rolling forward as ROM started creeping higher toward 7-8; stopped when shoulder roll started ,7,2026-06-20T15:40:05.258Z,"=IFERROR(INDEX(tbl_Lookup_Exercises[Category],MATCH(tbl_Exercises[[#This Row],[ExerciseName]],tbl_Lookup_Exercises[ExerciseName],0)),""Unknown"")"
E-20260620-2174,S-20260620-01,High Cable Tricep Pushdown,3,60.0,11.0,,,,,,,,,Kneeling position and lowered weight took on ROM fora set; my ROM is still too far but 90-100 feels like cheating,7,2026-06-20T15:42:15.272Z,"=IFERROR(INDEX(tbl_Lookup_Exercises[Category],MATCH(tbl_Exercises[[#This Row],[ExerciseName]],tbl_Lookup_Exercises[ExerciseName],0)),""Unknown"")"
E-20260620-2175,S-20260620-01,High Cable Tricep Pushdown,4,70.0,9.0,,,,,,,,,Stopped around 90 degrees; Kneeling position and lowered weight took on ROM fora set; my ROM is still too far but 90-100 feels like cheating,7,2026-06-20T15:44:49.361Z,"=IFERROR(INDEX(tbl_Lookup_Exercises[Category],MATCH(tbl_Exercises[[#This Row],[ExerciseName]],tbl_Lookup_Exercises[ExerciseName],0)),""Unknown"")"
E-20260620-2176,S-20260620-01,Hammer Curls with Rope and Cable,1,20.0,12.0,,,,2.0,1.0,2.0,2+,,Tempo 2-1-2; RIR 2+,7,2026-06-20T15:48:10.481Z,"=IFERROR(INDEX(tbl_Lookup_Exercises[Category],MATCH(tbl_Exercises[[#This Row],[ExerciseName]],tbl_Lookup_Exercises[ExerciseName],0)),""Unknown"")"
E-20260620-2177,S-20260620-01,Hammer Curls with Rope and Cable,2,25.0,12.0,,,,2.0,1.0,2.0,1-2,,Tempo 2-1-2; RIR 1-2,7,2026-06-20T15:52:05.357Z,"=IFERROR(INDEX(tbl_Lookup_Exercises[Category],MATCH(tbl_Exercises[[#This Row],[ExerciseName]],tbl_Lookup_Exercises[ExerciseName],0)),""Unknown"")"
E-20260620-2178,S-20260620-01,Hammer Curls with Rope and Cable,3,25.0,12.0,,,,2.0,1.0,2.0,1,,Tempo 2-1-2; RIR 1,7,2026-06-20T15:55:35.316Z,"=IFERROR(INDEX(tbl_Lookup_Exercises[Category],MATCH(tbl_Exercises[[#This Row],[ExerciseName]],tbl_Lookup_Exercises[ExerciseName],0)),""Unknown"")"
E-20260620-2179,S-20260620-01,Plate Pinch,1,50.0,,64.80000000000001,,,,,,,,65/60,7,2026-06-20T15:58:51.852Z,"=IFERROR(INDEX(tbl_Lookup_Exercises[Category],MATCH(tbl_Exercises[[#This Row],[ExerciseName]],tbl_Lookup_Exercises[ExerciseName],0)),""Unknown"")"
E-20260620-2180,S-20260620-01,Plate Pinch,2,50.0,,60.0,,,,,,,,,7,2026-06-20T16:01:04.033Z,"=IFERROR(INDEX(tbl_Lookup_Exercises[Category],MATCH(tbl_Exercises[[#This Row],[ExerciseName]],tbl_Lookup_Exercises[ExerciseName],0)),""Unknown"")"
E-20260620-2181,S-20260620-01,Plate Pinch,3,50.0,,45.0,,,,,,,,,7,2026-06-20T16:03:20.559Z,"=IFERROR(INDEX(tbl_Lookup_Exercises[Category],MATCH(tbl_Exercises[[#This Row],[ExerciseName]],tbl_Lookup_Exercises[ExerciseName],0)),""Unknown"")"
E-20260620-2182,S-20260620-01,Dead Hang,1,0.0,,49.8,,,,,,,,50/60=0.833; slipping grip no tread on bar,7,2026-06-20T16:05:40.117Z,"=IFERROR(INDEX(tbl_Lookup_Exercises[Category],MATCH(tbl_Exercises[[#This Row],[ExerciseName]],tbl_Lookup_Exercises[ExerciseName],0)),""Unknown"")"
E-20260620-2183,S-20260620-01,Dead Hang,2,0.0,,39.6,,,,,,,,; slipping grip no tread on bar,7,2026-06-20T16:07:29.660Z,"=IFERROR(INDEX(tbl_Lookup_Exercises[Category],MATCH(tbl_Exercises[[#This Row],[ExerciseName]],tbl_Lookup_Exercises[ExerciseName],0)),""Unknown"")"
E-20260620-2184,S-20260620-01,Endless Rope,1,,,30.0,0.0,km,,,,,,Slight anterior capsule trigger on right side at the initial reach/grab/pull on the rope. ,7,2026-06-20T16:09:09.942Z,"=IFERROR(INDEX(tbl_Lookup_Exercises[Category],MATCH(tbl_Exercises[[#This Row],[ExerciseName]],tbl_Lookup_Exercises[ExerciseName],0)),""Unknown"")"
E-20260620-2185,S-20260620-01,Endless Rope,2,,,30.0,0.0,km,,,,,,Slight anterior capsule trigger on right side at the initial reach/grab/pull on the rope. ,7,2026-06-20T16:10:14.557Z,"=IFERROR(INDEX(tbl_Lookup_Exercises[Category],MATCH(tbl_Exercises[[#This Row],[ExerciseName]],tbl_Lookup_Exercises[ExerciseName],0)),""Unknown"")"
E-20260622-2186,S-20260622-01,Treadmill Walking,1,,,364.0,0.68,km,,,,,,"4.2mph, 5% incline ",7,2026-06-22T15:07:35.515Z,"=IFERROR(INDEX(tbl_Lookup_Exercises[Category],MATCH(tbl_Exercises[[#This Row],[ExerciseName]],tbl_Lookup_Exercises[ExerciseName],0)),""Unknown"")"
E-20260622-2187,S-20260622-01,Band Pull Aparts,1,0.0,15.0,,,,,,,,,Red band,7,2026-06-22T15:10:06.536Z,"=IFERROR(INDEX(tbl_Lookup_Exercises[Category],MATCH(tbl_Exercises[[#This Row],[ExerciseName]],tbl_Lookup_Exercises[ExerciseName],0)),""Unknown"")"
E-20260622-2188,S-20260622-01,Serratus Wall Slides (banded),1,0.0,8.0,,,,,,,,,Red band,7,2026-06-22T15:10:17.647Z,"=IFERROR(INDEX(tbl_Lookup_Exercises[Category],MATCH(tbl_Exercises[[#This Row],[ExerciseName]],tbl_Lookup_Exercises[ExerciseName],0)),""Unknown"")"
E-20260622-2189,S-20260622-01,Serratus Wall Slides (banded),2,0.0,8.0,,,,,,,,,Red band,7,2026-06-22T15:12:24.991Z,"=IFERROR(INDEX(tbl_Lookup_Exercises[Category],MATCH(tbl_Exercises[[#This Row],[ExerciseName]],tbl_Lookup_Exercises[ExerciseName],0)),""Unknown"")"
E-20260622-2190,S-20260622-01,Band Pull Aparts,2,0.0,15.0,,,,,,,,,Red band,7,2026-06-22T15:12:28.222Z,"=IFERROR(INDEX(tbl_Lookup_Exercises[Category],MATCH(tbl_Exercises[[#This Row],[ExerciseName]],tbl_Lookup_Exercises[ExerciseName],0)),""Unknown"")"
E-20260622-2191,S-20260622-01,Farmer's Walk,1,150.0,,64.80000000000001,,,,,,,,"2 mph, .5% incline 65/60=1.0833",7,2026-06-22T15:16:31.642Z,"=IFERROR(INDEX(tbl_Lookup_Exercises[Category],MATCH(tbl_Exercises[[#This Row],[ExerciseName]],tbl_Lookup_Exercises[ExerciseName],0)),""Unknown"")"
E-20260622-2192,S-20260622-01,Farmer's Walk,2,150.0,,60.0,,,,,,,,"2 mph, .5% incline ",7,2026-06-22T15:19:18.044Z,"=IFERROR(INDEX(tbl_Lookup_Exercises[Category],MATCH(tbl_Exercises[[#This Row],[ExerciseName]],tbl_Lookup_Exercises[ExerciseName],0)),""Unknown"")"
E-20260622-2193,S-20260622-01,Farmer's Walk,3,150.0,,55.800000000000004,,,,,,,,"2 mph, .5% incline 56/60=0.933",7,2026-06-22T15:22:20.927Z,"=IFERROR(INDEX(tbl_Lookup_Exercises[Category],MATCH(tbl_Exercises[[#This Row],[ExerciseName]],tbl_Lookup_Exercises[ExerciseName],0)),""Unknown"")"
E-20260622-2194,S-20260622-01,Farmer's Walk,4,150.0,,52.2,,,,,,,,"2 mph, .5% incline 52/60=0.867",7,2026-06-22T15:25:13.136Z,"=IFERROR(INDEX(tbl_Lookup_Exercises[Category],MATCH(tbl_Exercises[[#This Row],[ExerciseName]],tbl_Lookup_Exercises[ExerciseName],0)),""Unknown"")"
E-20260622-2195,S-20260622-01,Farmer's Walk,5,150.0,,49.8,,,,,,,,"2 mph, .5% incline ",7,2026-06-22T15:28:09.634Z,"=IFERROR(INDEX(tbl_Lookup_Exercises[Category],MATCH(tbl_Exercises[[#This Row],[ExerciseName]],tbl_Lookup_Exercises[ExerciseName],0)),""Unknown"")"
E-20260622-2196,S-20260622-01,Machine Row,1,205.0,7.0,,,,2.0,1.0,1.0,1-2,,Tempo 2-1-1; RIR 1-2,7,2026-06-22T15:32:28.206Z,"=IFERROR(INDEX(tbl_Lookup_Exercises[Category],MATCH(tbl_Exercises[[#This Row],[ExerciseName]],tbl_Lookup_Exercises[ExerciseName],0)),""Unknown"")"
E-20260622-2197,S-20260622-01,Machine Row,2,210.0,7.0,,,,2.0,1.0,1.0,1-2,,Tempo 2-1-1; RIR 1-2,7,2026-06-22T15:36:03.747Z,"=IFERROR(INDEX(tbl_Lookup_Exercises[Category],MATCH(tbl_Exercises[[#This Row],[ExerciseName]],tbl_Lookup_Exercises[ExerciseName],0)),""Unknown"")"
E-20260622-2198,S-20260622-01,Machine Row,3,210.0,6.0,,,,2.0,1.0,1.0,1,,Tempo 2-1-1; RIR 1,7,2026-06-22T15:39:36.613Z,"=IFERROR(INDEX(tbl_Lookup_Exercises[Category],MATCH(tbl_Exercises[[#This Row],[ExerciseName]],tbl_Lookup_Exercises[ExerciseName],0)),""Unknown"")"
E-20260622-2199,S-20260622-01,Machine Row,4,210.0,5.5,,,,2.0,1.0,1.0,1,,Tempo 2-1-1; RIR 1; poor squeeze on 6,7,2026-06-22T15:43:17.782Z,"=IFERROR(INDEX(tbl_Lookup_Exercises[Category],MATCH(tbl_Exercises[[#This Row],[ExerciseName]],tbl_Lookup_Exercises[ExerciseName],0)),""Unknown"")"
E-20260622-2200,S-20260622-01,Body Row,1,0.0,8.0,,,,2.0,2.0,1.0,1-2,,Tempo 2-2-1; RIR 1-2,7,2026-06-22T15:45:30.568Z,"=IFERROR(INDEX(tbl_Lookup_Exercises[Category],MATCH(tbl_Exercises[[#This Row],[ExerciseName]],tbl_Lookup_Exercises[ExerciseName],0)),""Unknown"")"
E-20260622-2201,S-20260622-01,Body Row,2,0.0,8.0,,,,2.0,2.0,1.0,1-2,,Tempo 2-2-1; RIR 1-2,7,2026-06-22T15:47:25.205Z,"=IFERROR(INDEX(tbl_Lookup_Exercises[Category],MATCH(tbl_Exercises[[#This Row],[ExerciseName]],tbl_Lookup_Exercises[ExerciseName],0)),""Unknown"")"
E-20260622-2202,S-20260622-01,Body Row,3,0.0,8.0,,,,2.0,2.0,1.0,1-2,,Tempo 2-2-1; RIR 1-2; right slipping from sweat fatigue ,7,2026-06-22T15:49:44.140Z,"=IFERROR(INDEX(tbl_Lookup_Exercises[Category],MATCH(tbl_Exercises[[#This Row],[ExerciseName]],tbl_Lookup_Exercises[ExerciseName],0)),""Unknown"")"
E-20260622-2203,S-20260622-01,Anchored Single Arm Dumbbell Curl,1,35.0,7.0,,,,2.0,2.0,2.0,1-2,,Started with left; tempo 2-2-2; RIR 1-2,7,2026-06-22T15:54:01.882Z,"=IFERROR(INDEX(tbl_Lookup_Exercises[Category],MATCH(tbl_Exercises[[#This Row],[ExerciseName]],tbl_Lookup_Exercises[ExerciseName],0)),""Unknown"")"
E-20260622-2204,S-20260622-01,Anchored Single Arm Dumbbell Curl,2,35.0,7.0,,,,2.0,2.0,2.0,1-2,,Started with left; tempo 2-2-2; RIR 1-2,7,2026-06-22T16:02:07.884Z,"=IFERROR(INDEX(tbl_Lookup_Exercises[Category],MATCH(tbl_Exercises[[#This Row],[ExerciseName]],tbl_Lookup_Exercises[ExerciseName],0)),""Unknown"")"
E-20260622-2205,S-20260622-01,Anchored Single Arm Dumbbell Curl,3,35.0,7.0,,,,2.0,2.0,2.0,1,,Started with left; tempo 2-2-2; RIR 1,7,2026-06-22T16:02:13.153Z,"=IFERROR(INDEX(tbl_Lookup_Exercises[Category],MATCH(tbl_Exercises[[#This Row],[ExerciseName]],tbl_Lookup_Exercises[ExerciseName],0)),""Unknown"")"
E-20260622-2206,S-20260622-01,Anchored Single Arm Dumbbell Curl,4,35.0,5.5,,,,2.0,2.0,2.0,1,,Started with left; tempo 2-2-2; RIR 1,7,2026-06-22T16:04:58.686Z,"=IFERROR(INDEX(tbl_Lookup_Exercises[Category],MATCH(tbl_Exercises[[#This Row],[ExerciseName]],tbl_Lookup_Exercises[ExerciseName],0)),""Unknown"")"
E-20260622-2207,S-20260622-01,Single-Arm Overhead Cable Extension,1,20.0,12.0,,,,3.0,1.0,3.0,2,,Tempo 3-1-3; RIR 2,7,2026-06-22T16:08:18.829Z,"=IFERROR(INDEX(tbl_Lookup_Exercises[Category],MATCH(tbl_Exercises[[#This Row],[ExerciseName]],tbl_Lookup_Exercises[ExerciseName],0)),""Unknown"")"
E-20260622-2208,S-20260622-01,Single-Arm Overhead Cable Extension,2,20.0,12.0,,,,3.0,1.0,3.0,2,,Tempo 3-1-3; RIR 2,7,2026-06-22T16:12:34.737Z,"=IFERROR(INDEX(tbl_Lookup_Exercises[Category],MATCH(tbl_Exercises[[#This Row],[ExerciseName]],tbl_Lookup_Exercises[ExerciseName],0)),""Unknown"")"
E-20260622-2209,S-20260622-01,Single-Arm Overhead Cable Extension,3,20.0,11.0,,,,3.0,1.0,3.0,1,,Tempo 3-1-3; RIR 1,7,2026-06-22T16:16:00.714Z,"=IFERROR(INDEX(tbl_Lookup_Exercises[Category],MATCH(tbl_Exercises[[#This Row],[ExerciseName]],tbl_Lookup_Exercises[ExerciseName],0)),""Unknown"")"
E-20260622-2210,S-20260622-01,Single-Arm Overhead Cable Extension,4,20.0,9.0,,,,3.0,1.0,3.0,1,,Tempo 3-1-3; RIR 1,7,2026-06-22T16:18:49.475Z,"=IFERROR(INDEX(tbl_Lookup_Exercises[Category],MATCH(tbl_Exercises[[#This Row],[ExerciseName]],tbl_Lookup_Exercises[ExerciseName],0)),""Unknown"")"
E-20260622-2211,S-20260622-01,Plate Pinch,1,50.0,,70.19999999999999,,,,,,,,,7,2026-06-22T16:27:07.810Z,"=IFERROR(INDEX(tbl_Lookup_Exercises[Category],MATCH(tbl_Exercises[[#This Row],[ExerciseName]],tbl_Lookup_Exercises[ExerciseName],0)),""Unknown"")"
E-20260622-2212,S-20260622-01,Plate Pinch,2,50.0,,49.8,,,,,,,,Left slipped first ,7,2026-06-22T16:27:17.526Z,"=IFERROR(INDEX(tbl_Lookup_Exercises[Category],MATCH(tbl_Exercises[[#This Row],[ExerciseName]],tbl_Lookup_Exercises[ExerciseName],0)),""Unknown"")"
E-20260622-2213,S-20260622-01,Plate Pinch,3,50.0,,45.0,,,,,,,,Left slipped first ,7,2026-06-22T16:27:20.270Z,"=IFERROR(INDEX(tbl_Lookup_Exercises[Category],MATCH(tbl_Exercises[[#This Row],[ExerciseName]],tbl_Lookup_Exercises[ExerciseName],0)),""Unknown"")"
E-20260622-2214,S-20260622-01,Dead Hang,1,0.0,,55.2,,,,,,,,55/60=0.917,7,2026-06-22T16:29:09.062Z,"=IFERROR(INDEX(tbl_Lookup_Exercises[Category],MATCH(tbl_Exercises[[#This Row],[ExerciseName]],tbl_Lookup_Exercises[ExerciseName],0)),""Unknown"")"
E-20260622-2215,S-20260622-01,Dead Hang,2,0.0,,45.0,,,,,,,,,7,2026-06-22T16:31:09.017Z,"=IFERROR(INDEX(tbl_Lookup_Exercises[Category],MATCH(tbl_Exercises[[#This Row],[ExerciseName]],tbl_Lookup_Exercises[ExerciseName],0)),""Unknown"")"
E-20260623-2216,S-20260623-01,Treadmill Walking,1,,,360.0,0.68,km,,,,,,"4.2 mph, 5% incline ",7,2026-06-23T17:24:09.842Z,"=IFERROR(INDEX(tbl_Lookup_Exercises[Category],MATCH(tbl_Exercises[[#This Row],[ExerciseName]],tbl_Lookup_Exercises[ExerciseName],0)),""Unknown"")"
E-20260623-2217,S-20260623-01,Band Pull Aparts,1,0.0,12.0,,,,,,,,,Red band,7,2026-06-23T17:26:16.392Z,"=IFERROR(INDEX(tbl_Lookup_Exercises[Category],MATCH(tbl_Exercises[[#This Row],[ExerciseName]],tbl_Lookup_Exercises[ExerciseName],0)),""Unknown"")"
E-20260623-2218,S-20260623-01,Serratus Wall Slides (banded),1,0.0,8.0,,,,,,,,,,7,2026-06-23T17:26:18.322Z,"=IFERROR(INDEX(tbl_Lookup_Exercises[Category],MATCH(tbl_Exercises[[#This Row],[ExerciseName]],tbl_Lookup_Exercises[ExerciseName],0)),""Unknown"")"
E-20260623-2219,S-20260623-01,Band Pull Aparts,2,0.0,12.0,,,,,,,,,Red band,7,2026-06-23T17:26:20.492Z,"=IFERROR(INDEX(tbl_Lookup_Exercises[Category],MATCH(tbl_Exercises[[#This Row],[ExerciseName]],tbl_Lookup_Exercises[ExerciseName],0)),""Unknown"")"
E-20260623-2220,S-20260623-01,Serratus Wall Slides (banded),2,0.0,8.0,,,,,,,,,,7,2026-06-23T17:26:21.746Z,"=IFERROR(INDEX(tbl_Lookup_Exercises[Category],MATCH(tbl_Exercises[[#This Row],[ExerciseName]],tbl_Lookup_Exercises[ExerciseName],0)),""Unknown"")"
E-20260623-2221,S-20260623-01,Neutral Grip Dumbbell Floor Press,1,130.0,8.0,,,,3.0,1.0,1.0,2,,Tempo 3-1-1; RIR 2,7,2026-06-23T17:31:48.724Z,"=IFERROR(INDEX(tbl_Lookup_Exercises[Category],MATCH(tbl_Exercises[[#This Row],[ExerciseName]],tbl_Lookup_Exercises[ExerciseName],0)),""Unknown"")"
E-20260623-2222,S-20260623-01,Neutral Grip Dumbbell Floor Press,2,140.0,8.0,,,,3.0,1.0,1.0,1-2,,Tempo 3-1-1; RIR 1-2,7,2026-06-23T17:34:56.974Z,"=IFERROR(INDEX(tbl_Lookup_Exercises[Category],MATCH(tbl_Exercises[[#This Row],[ExerciseName]],tbl_Lookup_Exercises[ExerciseName],0)),""Unknown"")"
E-20260623-2223,S-20260623-01,Neutral Grip Dumbbell Floor Press,3,140.0,6.0,,,,3.0,1.0,1.0,1-2,,Tempo 3-1-1; RIR 1-2,7,2026-06-23T17:37:52.367Z,"=IFERROR(INDEX(tbl_Lookup_Exercises[Category],MATCH(tbl_Exercises[[#This Row],[ExerciseName]],tbl_Lookup_Exercises[ExerciseName],0)),""Unknown"")"
E-20260623-2224,S-20260623-01,Neutral Grip Dumbbell Floor Press,4,140.0,6.0,,,,3.0,1.0,1.0,1-2,,Tempo 3-1-1; RIR 1-2,7,2026-06-23T17:41:06.027Z,"=IFERROR(INDEX(tbl_Lookup_Exercises[Category],MATCH(tbl_Exercises[[#This Row],[ExerciseName]],tbl_Lookup_Exercises[ExerciseName],0)),""Unknown"")"
E-20260623-2225,S-20260623-01,Machine Chest Press,1,100.0,10.0,,,,2.0,1.0,2.0,2,,Tempo 2-1-2; RIR 2; seat at 3,7,2026-06-23T17:46:06.475Z,"=IFERROR(INDEX(tbl_Lookup_Exercises[Category],MATCH(tbl_Exercises[[#This Row],[ExerciseName]],tbl_Lookup_Exercises[ExerciseName],0)),""Unknown"")"
E-20260623-2226,S-20260623-01,Machine Chest Press,2,105.0,8.0,,,,2.0,1.0,2.0,1,,Tempo 2-1-2; RIR 1; seat at 3; bars at 2 (slightly different chest press machine from weeks 1 & 2),7,2026-06-23T17:48:11.526Z,"=IFERROR(INDEX(tbl_Lookup_Exercises[Category],MATCH(tbl_Exercises[[#This Row],[ExerciseName]],tbl_Lookup_Exercises[ExerciseName],0)),""Unknown"")"
E-20260623-2227,S-20260623-01,Machine Chest Press,3,105.0,6.0,,,,2.0,1.0,2.0,1,,Tempo 2-1-2; RIR 1; seat at 3; bars at 2 (slightly different chest press machine from weeks 1 & 2),7,2026-06-23T17:49:44.689Z,"=IFERROR(INDEX(tbl_Lookup_Exercises[Category],MATCH(tbl_Exercises[[#This Row],[ExerciseName]],tbl_Lookup_Exercises[ExerciseName],0)),""Unknown"")"
E-20260623-2228,S-20260623-01,Machine Chest Press,4,105.0,8.0,,,,2.0,1.0,2.0,1,,Strict no Tempo 2-1-2; RIR 1; seat at 3; bars at 2 (slightly different chest press machine from weeks 1 & 2),7,2026-06-23T17:51:37.742Z,"=IFERROR(INDEX(tbl_Lookup_Exercises[Category],MATCH(tbl_Exercises[[#This Row],[ExerciseName]],tbl_Lookup_Exercises[ExerciseName],0)),""Unknown"")"
E-20260623-2229,S-20260623-01,Cable Fly (Standing),1,20.0,12.0,,,,2.0,2.0,2.0,2+,,Tempo 2-2-2; RIR 2+; had the cuff available today so it was much more comfortable ,7,2026-06-23T17:55:49.115Z,"=IFERROR(INDEX(tbl_Lookup_Exercises[Category],MATCH(tbl_Exercises[[#This Row],[ExerciseName]],tbl_Lookup_Exercises[ExerciseName],0)),""Unknown"")"
E-20260623-2230,S-20260623-01,Cable Fly (Standing),2,30.0,12.0,,,,2.0,2.0,2.0,2+,,Split stance for a bit more balance to control the fly; Tempo 2-2-2; RIR 2+; had the cuff available today so it was much more comfortable ,7,2026-06-23T17:59:05.693Z,"=IFERROR(INDEX(tbl_Lookup_Exercises[Category],MATCH(tbl_Exercises[[#This Row],[ExerciseName]],tbl_Lookup_Exercises[ExerciseName],0)),""Unknown"")"
E-20260623-2231,S-20260623-01,Cable Fly (Standing),3,30.0,15.0,,,,2.0,2.0,2.0,1+,,Tempo 2-2-2; RIR 1+; had the cuff available today so it was much more comfortable ,7,2026-06-23T18:03:15.177Z,"=IFERROR(INDEX(tbl_Lookup_Exercises[Category],MATCH(tbl_Exercises[[#This Row],[ExerciseName]],tbl_Lookup_Exercises[ExerciseName],0)),""Unknown"")"
E-20260623-2232,S-20260623-01,Single-Arm Overhead Cable Extension,1,20.0,11.0,,,,3.0,1.0,3.0,1-2,,Left fatigued quicker; tempo 3-1-3; RIR 1-2,7,2026-06-23T18:06:36.755Z,"=IFERROR(INDEX(tbl_Lookup_Exercises[Category],MATCH(tbl_Exercises[[#This Row],[ExerciseName]],tbl_Lookup_Exercises[ExerciseName],0)),""Unknown"")"
E-20260623-2233,S-20260623-01,Single-Arm Overhead Cable Extension,2,20.0,10.0,,,,3.0,1.0,3.0,1-2,,tempo 3-1-3; RIR 1-2,7,2026-06-23T18:09:58.410Z,"=IFERROR(INDEX(tbl_Lookup_Exercises[Category],MATCH(tbl_Exercises[[#This Row],[ExerciseName]],tbl_Lookup_Exercises[ExerciseName],0)),""Unknown"")"
E-20260623-2234,S-20260623-01,Single-Arm Overhead Cable Extension,3,20.0,9.0,,,,3.0,1.0,3.0,1-2,,tempo 3-1-3; RIR 1-2,7,2026-06-23T18:12:47.383Z,"=IFERROR(INDEX(tbl_Lookup_Exercises[Category],MATCH(tbl_Exercises[[#This Row],[ExerciseName]],tbl_Lookup_Exercises[ExerciseName],0)),""Unknown"")"
E-20260623-2235,S-20260623-01,Single-Arm Overhead Cable Extension,4,22.5,8.0,,,,3.0,1.0,3.0,1,,tempo 3-1-3; RIR 1,7,2026-06-23T18:15:47.468Z,"=IFERROR(INDEX(tbl_Lookup_Exercises[Category],MATCH(tbl_Exercises[[#This Row],[ExerciseName]],tbl_Lookup_Exercises[ExerciseName],0)),""Unknown"")"
E-20260623-2236,S-20260623-01,High Cable Tricep Pushdown,1,70.0,8.0,,,,2.0,1.0,2.0,1-2,,Tempo 2-1-2; RIR 1-2,7,2026-06-23T18:18:24.484Z,"=IFERROR(INDEX(tbl_Lookup_Exercises[Category],MATCH(tbl_Exercises[[#This Row],[ExerciseName]],tbl_Lookup_Exercises[ExerciseName],0)),""Unknown"")"
E-20260623-2237,S-20260623-01,High Cable Tricep Pushdown,2,60.0,8.0,,,,2.0,1.0,2.0,1-2,,Slow control Tempo 2-1-2; RIR 1-2; free standing. No back support like the other PFnot sure if that matters but this feels much more controlled with better ROM regardless of previous weight this feels more like time under tension in the shortened position ,7,2026-06-23T18:22:09.819Z,"=IFERROR(INDEX(tbl_Lookup_Exercises[Category],MATCH(tbl_Exercises[[#This Row],[ExerciseName]],tbl_Lookup_Exercises[ExerciseName],0)),""Unknown"")"
E-20260623-2238,S-20260623-01,High Cable Tricep Pushdown,3,60.0,6.5,,,,2.0,1.0,2.0,1,,Slow control Tempo 2-1-2; RIR 1; free standing. No back support like the other PFnot sure if that matters but this feels much more controlled with better ROM regardless of previous weight this feels more like time under tension in the shortened position ,7,2026-06-23T18:23:06.096Z,"=IFERROR(INDEX(tbl_Lookup_Exercises[Category],MATCH(tbl_Exercises[[#This Row],[ExerciseName]],tbl_Lookup_Exercises[ExerciseName],0)),""Unknown"")"
E-20260623-2239,S-20260623-01,High Cable Tricep Pushdown,4,60.0,7.0,,,,2.0,1.0,2.0,1,,More an engagement too; Slow control Tempo 2-1-2; RIR 1; free standing. No back support like the other PFnot sure if that matters but this feels much more controlled with better ROM regardless of previous weight this feels more like time under tension in the shortened position ,7,2026-06-23T18:24:55.563Z,"=IFERROR(INDEX(tbl_Lookup_Exercises[Category],MATCH(tbl_Exercises[[#This Row],[ExerciseName]],tbl_Lookup_Exercises[ExerciseName],0)),""Unknown"")"
E-20260623-2240,S-20260623-01,Plate Pinch,1,50.0,,75.0,,,,,,,,75/60=1.25 minutes ,7,2026-06-23T18:28:09.001Z,"=IFERROR(INDEX(tbl_Lookup_Exercises[Category],MATCH(tbl_Exercises[[#This Row],[ExerciseName]],tbl_Lookup_Exercises[ExerciseName],0)),""Unknown"")"
E-20260623-2241,S-20260623-01,Plate Pinch,2,50.0,,45.0,,,,,,,,Left slip,7,2026-06-23T18:29:45.146Z,"=IFERROR(INDEX(tbl_Lookup_Exercises[Category],MATCH(tbl_Exercises[[#This Row],[ExerciseName]],tbl_Lookup_Exercises[ExerciseName],0)),""Unknown"")"
E-20260623-2242,S-20260623-01,Plate Pinch,3,50.0,,60.0,,,,,,,,Left slip,7,2026-06-23T18:32:17.052Z,"=IFERROR(INDEX(tbl_Lookup_Exercises[Category],MATCH(tbl_Exercises[[#This Row],[ExerciseName]],tbl_Lookup_Exercises[ExerciseName],0)),""Unknown"")"
E-20260623-2243,S-20260623-01,Dead Hang,1,0.0,,60.0,,,,,,,,60 seconds ,7,2026-06-23T18:34:40.378Z,"=IFERROR(INDEX(tbl_Lookup_Exercises[Category],MATCH(tbl_Exercises[[#This Row],[ExerciseName]],tbl_Lookup_Exercises[ExerciseName],0)),""Unknown"")"
E-20260623-2244,S-20260623-01,Dead Hang,2,0.0,,52.2,,,,,,,,52/60=0.867,7,2026-06-23T18:37:09.640Z,"=IFERROR(INDEX(tbl_Lookup_Exercises[Category],MATCH(tbl_Exercises[[#This Row],[ExerciseName]],tbl_Lookup_Exercises[ExerciseName],0)),""Unknown"")"
E-20260623-2245,S-20260623-01,Rowing,1,,,450.0,2.0,km,,,,,,Capacity finish,7,2026-06-23T18:48:26.468Z,"=IFERROR(INDEX(tbl_Lookup_Exercises[Category],MATCH(tbl_Exercises[[#This Row],[ExerciseName]],tbl_Lookup_Exercises[ExerciseName],0)),""Unknown"")"
E-20260625-2246,S-20260625-01,Treadmill Walking,1,,,360.0,0.67,km,,,,,,"4.2 mph, 5% incline",7,2026-06-25T14:56:24.650Z,"=IFERROR(INDEX(tbl_Lookup_Exercises[Category],MATCH(tbl_Exercises[[#This Row],[ExerciseName]],tbl_Lookup_Exercises[ExerciseName],0)),""Unknown"")"
E-20260625-2247,S-20260625-01,Goblet Squat,1,55.0,10.0,,,,3.0,1.0,1.0,2,,Tempo 3-1-1; RIR 2,7,2026-06-25T15:01:48.950Z,"=IFERROR(INDEX(tbl_Lookup_Exercises[Category],MATCH(tbl_Exercises[[#This Row],[ExerciseName]],tbl_Lookup_Exercises[ExerciseName],0)),""Unknown"")"
E-20260625-2248,S-20260625-01,Goblet Squat,2,65.0,10.0,,,,3.0,1.0,1.0,2,,Tempo 3-1-1; RIR 2,7,2026-06-25T15:04:38.769Z,"=IFERROR(INDEX(tbl_Lookup_Exercises[Category],MATCH(tbl_Exercises[[#This Row],[ExerciseName]],tbl_Lookup_Exercises[ExerciseName],0)),""Unknown"")"
E-20260625-2249,S-20260625-01,Goblet Squat,3,75.0,9.0,,,,3.0,1.0,1.0,1-2,,Tempo 3-1-1; RIR 1-2,7,2026-06-25T15:07:54.246Z,"=IFERROR(INDEX(tbl_Lookup_Exercises[Category],MATCH(tbl_Exercises[[#This Row],[ExerciseName]],tbl_Lookup_Exercises[ExerciseName],0)),""Unknown"")"
E-20260625-2250,S-20260625-01,Dumbbell Romanian Deadlift,1,150.0,8.0,,,,3.0,1.0,1.0,2+,,Tempo 3-1-1; RIR 2+,7,2026-06-25T15:10:07.862Z,"=IFERROR(INDEX(tbl_Lookup_Exercises[Category],MATCH(tbl_Exercises[[#This Row],[ExerciseName]],tbl_Lookup_Exercises[ExerciseName],0)),""Unknown"")"
E-20260625-2251,S-20260625-01,Dumbbell Romanian Deadlift,2,150.0,8.0,,,,3.0,1.0,1.0,2+,,Tempo 3-1-1; RIR 2+,7,2026-06-25T15:12:59.461Z,"=IFERROR(INDEX(tbl_Lookup_Exercises[Category],MATCH(tbl_Exercises[[#This Row],[ExerciseName]],tbl_Lookup_Exercises[ExerciseName],0)),""Unknown"")"
E-20260625-2252,S-20260625-01,Dumbbell Romanian Deadlift,3,150.0,9.0,,,,3.0,1.0,1.0,2+,,Tempo 3-1-1; RIR 2+,7,2026-06-25T15:16:11.319Z,"=IFERROR(INDEX(tbl_Lookup_Exercises[Category],MATCH(tbl_Exercises[[#This Row],[ExerciseName]],tbl_Lookup_Exercises[ExerciseName],0)),""Unknown"")"
E-20260625-2253,S-20260625-01,Walking Lunges,1,30.0,,12.0,,,2.0,,,2,,Tempo 2-1–1; RIR 2,7,2026-06-25T15:19:02.492Z,"=IFERROR(INDEX(tbl_Lookup_Exercises[Category],MATCH(tbl_Exercises[[#This Row],[ExerciseName]],tbl_Lookup_Exercises[ExerciseName],0)),""Unknown"")"
E-20260625-2254,S-20260625-01,Walking Lunges,2,30.0,,12.0,,,2.0,,,2,,Tempo 2-1–1; RIR 2,7,2026-06-25T15:21:56.073Z,"=IFERROR(INDEX(tbl_Lookup_Exercises[Category],MATCH(tbl_Exercises[[#This Row],[ExerciseName]],tbl_Lookup_Exercises[ExerciseName],0)),""Unknown"")"
E-20260625-2255,S-20260625-01,Farmer's Walk,1,150.0,,60.0,,,,,,,,"2 mph, 0.5% incline ",7,2026-06-25T15:26:06.719Z,"=IFERROR(INDEX(tbl_Lookup_Exercises[Category],MATCH(tbl_Exercises[[#This Row],[ExerciseName]],tbl_Lookup_Exercises[ExerciseName],0)),""Unknown"")"
E-20260625-2256,S-20260625-01,Farmer's Walk,2,150.0,,54.0,,,,,,,,"2 mph, 0.5% incline 54/60=0.9",7,2026-06-25T15:29:20.595Z,"=IFERROR(INDEX(tbl_Lookup_Exercises[Category],MATCH(tbl_Exercises[[#This Row],[ExerciseName]],tbl_Lookup_Exercises[ExerciseName],0)),""Unknown"")"
E-20260625-2257,S-20260625-01,Farmer's Walk,3,150.0,,46.2,,,,,,,,"2 mph, 0.5% incline 46/60=0.767",7,2026-06-25T15:32:13.578Z,"=IFERROR(INDEX(tbl_Lookup_Exercises[Category],MATCH(tbl_Exercises[[#This Row],[ExerciseName]],tbl_Lookup_Exercises[ExerciseName],0)),""Unknown"")"
E-20260625-2258,S-20260625-01,Farmer's Walk,4,150.0,,45.0,,,,,,,,"2 mph, 0.5% incline /60=",7,2026-06-25T15:34:57.100Z,"=IFERROR(INDEX(tbl_Lookup_Exercises[Category],MATCH(tbl_Exercises[[#This Row],[ExerciseName]],tbl_Lookup_Exercises[ExerciseName],0)),""Unknown"")"
E-20260625-2259,S-20260625-01,Farmer's Walk,5,150.0,,43.199999999999996,,,,,,,,"Lower back getting a little fatigued but good to go. It’s expected fatigue given the earlier exercises; 2 mph, 0.5% incline /60=",7,2026-06-25T15:38:02.656Z,"=IFERROR(INDEX(tbl_Lookup_Exercises[Category],MATCH(tbl_Exercises[[#This Row],[ExerciseName]],tbl_Lookup_Exercises[ExerciseName],0)),""Unknown"")"
E-20260625-2260,S-20260625-01,Anchored Single Arm Dumbbell Curl,1,35.0,8.0,,,,2.0,2.0,2.0,1-2,,Left side first; tempo 2-2-2; RIR 1-2,7,2026-06-25T15:42:32.290Z,"=IFERROR(INDEX(tbl_Lookup_Exercises[Category],MATCH(tbl_Exercises[[#This Row],[ExerciseName]],tbl_Lookup_Exercises[ExerciseName],0)),""Unknown"")"
E-20260625-2261,S-20260625-01,Anchored Single Arm Dumbbell Curl,2,35.0,7.0,,,,2.0,2.0,2.0,1-2,,Left side first; tempo 2-2-2; RIR 1-2,7,2026-06-25T15:45:23.947Z,"=IFERROR(INDEX(tbl_Lookup_Exercises[Category],MATCH(tbl_Exercises[[#This Row],[ExerciseName]],tbl_Lookup_Exercises[ExerciseName],0)),""Unknown"")"
E-20260625-2262,S-20260625-01,Anchored Single Arm Dumbbell Curl,3,35.0,6.0,,,,2.0,2.0,2.0,1-2,,Left side first; tempo 2-2-2; RIR 1-2,7,2026-06-25T15:47:54.006Z,"=IFERROR(INDEX(tbl_Lookup_Exercises[Category],MATCH(tbl_Exercises[[#This Row],[ExerciseName]],tbl_Lookup_Exercises[ExerciseName],0)),""Unknown"")"
E-20260625-2263,S-20260625-01,Anchored Single Arm Dumbbell Curl,4,35.0,6.0,,,,2.0,2.0,2.0,1-2,,Left side first; tempo 2-2-2; RIR 1-2,7,2026-06-25T15:50:59.382Z,"=IFERROR(INDEX(tbl_Lookup_Exercises[Category],MATCH(tbl_Exercises[[#This Row],[ExerciseName]],tbl_Lookup_Exercises[ExerciseName],0)),""Unknown"")"
E-20260625-2264,S-20260625-01,High Cable Tricep Pushdown,1,60.0,10.0,,,,2.0,1.0,2.0,2,,ROM 90-100 degrees; tempo 2-1-2; RIR 2,7,2026-06-25T15:53:20.806Z,"=IFERROR(INDEX(tbl_Lookup_Exercises[Category],MATCH(tbl_Exercises[[#This Row],[ExerciseName]],tbl_Lookup_Exercises[ExerciseName],0)),""Unknown"")"
E-20260625-2265,S-20260625-01,High Cable Tricep Pushdown,2,62.5,10.0,,,,2.0,1.0,2.0,2,,ROM 90-100 degrees; tempo 2-1-2; RIR 2,7,2026-06-25T15:55:33.164Z,"=IFERROR(INDEX(tbl_Lookup_Exercises[Category],MATCH(tbl_Exercises[[#This Row],[ExerciseName]],tbl_Lookup_Exercises[ExerciseName],0)),""Unknown"")"
E-20260625-2266,S-20260625-01,High Cable Tricep Pushdown,3,65.0,9.0,,,,2.0,1.0,2.0,1-2,,ROM 90-100 degrees; tempo 2-1-2; RIR 1-2,7,2026-06-25T15:57:35.740Z,"=IFERROR(INDEX(tbl_Lookup_Exercises[Category],MATCH(tbl_Exercises[[#This Row],[ExerciseName]],tbl_Lookup_Exercises[ExerciseName],0)),""Unknown"")"
E-20260625-2267,S-20260625-01,High Cable Tricep Pushdown,4,65.0,7.0,,,,2.0,1.0,2.0,1-2,,ROM 90-100 degrees; tempo 2-1-2; RIR 1-2,7,2026-06-25T15:59:53.256Z,"=IFERROR(INDEX(tbl_Lookup_Exercises[Category],MATCH(tbl_Exercises[[#This Row],[ExerciseName]],tbl_Lookup_Exercises[ExerciseName],0)),""Unknown"")"
E-20260625-2268,S-20260625-01,Plate Pinch,1,50.0,,70.19999999999999,,,,,,,,70/60=1.167,7,2026-06-25T16:03:43.751Z,"=IFERROR(INDEX(tbl_Lookup_Exercises[Category],MATCH(tbl_Exercises[[#This Row],[ExerciseName]],tbl_Lookup_Exercises[ExerciseName],0)),""Unknown"")"
E-20260625-2269,S-20260625-01,Plate Pinch,2,50.0,,52.8,,,,,,,,53/60=0.883 right slipping first ,7,2026-06-25T16:05:41.911Z,"=IFERROR(INDEX(tbl_Lookup_Exercises[Category],MATCH(tbl_Exercises[[#This Row],[ExerciseName]],tbl_Lookup_Exercises[ExerciseName],0)),""Unknown"")"
E-20260625-2270,S-20260625-01,Plate Pinch,3,50.0,,45.6,,,,,,,,      right slipping first ,7,2026-06-25T16:08:56.859Z,"=IFERROR(INDEX(tbl_Lookup_Exercises[Category],MATCH(tbl_Exercises[[#This Row],[ExerciseName]],tbl_Lookup_Exercises[ExerciseName],0)),""Unknown"")"
E-20260625-2271,S-20260625-01,Dead Hang,1,0.0,,49.8,,,,,,,,50/60=0.833,7,2026-06-25T16:10:37.399Z,"=IFERROR(INDEX(tbl_Lookup_Exercises[Category],MATCH(tbl_Exercises[[#This Row],[ExerciseName]],tbl_Lookup_Exercises[ExerciseName],0)),""Unknown"")"
E-20260625-2272,S-20260625-01,Dead Hang,2,0.0,,45.0,,,,,,,,Left slip ,7,2026-06-25T16:12:29.446Z,"=IFERROR(INDEX(tbl_Lookup_Exercises[Category],MATCH(tbl_Exercises[[#This Row],[ExerciseName]],tbl_Lookup_Exercises[ExerciseName],0)),""Unknown"")"
E-20260627-2273,S-20260627-01,Treadmill Walking,1,,,363.0,0.69,km,,,,,,"4.3 mph, 5% incline; nostril breathing only",7,2026-06-27T12:13:39.159Z,"=IFERROR(INDEX(tbl_Lookup_Exercises[Category],MATCH(tbl_Exercises[[#This Row],[ExerciseName]],tbl_Lookup_Exercises[ExerciseName],0)),""Unknown"")"
E-20260627-2274,S-20260627-01,Farmer's Walk,1,150.0,,75.0,,,,,,,,"2 mph, 0.5% incline. Room on the tank",7,2026-06-27T12:23:02.917Z,"=IFERROR(INDEX(tbl_Lookup_Exercises[Category],MATCH(tbl_Exercises[[#This Row],[ExerciseName]],tbl_Lookup_Exercises[ExerciseName],0)),""Unknown"")"
E-20260627-2275,S-20260627-01,Farmer's Walk,2,150.0,,64.80000000000001,,,,,,,,"2 mph, 0.5% incline. 65/60=1.0833",7,2026-06-27T12:26:42.455Z,"=IFERROR(INDEX(tbl_Lookup_Exercises[Category],MATCH(tbl_Exercises[[#This Row],[ExerciseName]],tbl_Lookup_Exercises[ExerciseName],0)),""Unknown"")"
E-20260627-2276,S-20260627-01,Farmer's Walk,3,150.0,,60.0,,,,,,,,"2 mph, 0.5% incline",7,2026-06-27T12:30:11.941Z,"=IFERROR(INDEX(tbl_Lookup_Exercises[Category],MATCH(tbl_Exercises[[#This Row],[ExerciseName]],tbl_Lookup_Exercises[ExerciseName],0)),""Unknown"")"
E-20260627-2277,S-20260627-01,Farmer's Walk,4,150.0,,49.8,,,,,,,,"2 mph, 0.5% incline",7,2026-06-27T12:33:15.946Z,"=IFERROR(INDEX(tbl_Lookup_Exercises[Category],MATCH(tbl_Exercises[[#This Row],[ExerciseName]],tbl_Lookup_Exercises[ExerciseName],0)),""Unknown"")"
E-20260627-2278,S-20260627-01,Farmer's Walk,5,150.0,,49.8,,,,,,,,"2 mph, 0.5% incline",7,2026-06-27T12:36:42.368Z,"=IFERROR(INDEX(tbl_Lookup_Exercises[Category],MATCH(tbl_Exercises[[#This Row],[ExerciseName]],tbl_Lookup_Exercises[ExerciseName],0)),""Unknown"")"
E-20260627-2279,S-20260627-01,Anchored Single Arm Dumbbell Curl,1,35.0,8.0,,,,2.0,2.0,2.0,1-2,,Tempo 2-2-2; RIR 1-2; left first,7,2026-06-27T12:40:19.147Z,"=IFERROR(INDEX(tbl_Lookup_Exercises[Category],MATCH(tbl_Exercises[[#This Row],[ExerciseName]],tbl_Lookup_Exercises[ExerciseName],0)),""Unknown"")"
E-20260627-2280,S-20260627-01,Anchored Single Arm Dumbbell Curl,2,35.0,8.0,,,,2.0,2.0,2.0,1-2,,Tempo 2-2-2; RIR 1-2; left first,7,2026-06-27T12:43:03.440Z,"=IFERROR(INDEX(tbl_Lookup_Exercises[Category],MATCH(tbl_Exercises[[#This Row],[ExerciseName]],tbl_Lookup_Exercises[ExerciseName],0)),""Unknown"")"
E-20260627-2281,S-20260627-01,Anchored Single Arm Dumbbell Curl,3,35.0,6.0,,,,2.0,2.0,2.0,1,,Tempo 2-2-2; RIR 1; left contraction failed first on 6 but got a good squeeze ROM,7,2026-06-27T12:46:31.592Z,"=IFERROR(INDEX(tbl_Lookup_Exercises[Category],MATCH(tbl_Exercises[[#This Row],[ExerciseName]],tbl_Lookup_Exercises[ExerciseName],0)),""Unknown"")"
E-20260627-2282,S-20260627-01,Anchored Single Arm Dumbbell Curl,4,35.0,6.0,,,,2.0,2.0,2.0,1,,Tempo 2-2-2; RIR 1; left contraction failed first on 6 but got a good squeeze ROM,7,2026-06-27T12:49:35.219Z,"=IFERROR(INDEX(tbl_Lookup_Exercises[Category],MATCH(tbl_Exercises[[#This Row],[ExerciseName]],tbl_Lookup_Exercises[ExerciseName],0)),""Unknown"")"
E-20260627-2283,S-20260627-01,Single-Arm Overhead Cable Extension,1,20.0,12.0,,,,3.0,1.0,3.0,2,,Tempo 3-1-3; RIR 2,7,2026-06-27T12:52:36.618Z,"=IFERROR(INDEX(tbl_Lookup_Exercises[Category],MATCH(tbl_Exercises[[#This Row],[ExerciseName]],tbl_Lookup_Exercises[ExerciseName],0)),""Unknown"")"
E-20260627-2284,S-20260627-01,Single-Arm Overhead Cable Extension,2,20.0,12.0,,,,3.0,1.0,3.0,1-2,,Tempo 3-1-3; RIR 1-2,7,2026-06-27T12:56:00.163Z,"=IFERROR(INDEX(tbl_Lookup_Exercises[Category],MATCH(tbl_Exercises[[#This Row],[ExerciseName]],tbl_Lookup_Exercises[ExerciseName],0)),""Unknown"")"
E-20260627-2285,S-20260627-01,Single-Arm Overhead Cable Extension,3,22.5,10.0,,,,3.0,1.0,3.0,1,,Tempo 3-1-3; RIR 1,7,2026-06-27T12:59:16.877Z,"=IFERROR(INDEX(tbl_Lookup_Exercises[Category],MATCH(tbl_Exercises[[#This Row],[ExerciseName]],tbl_Lookup_Exercises[ExerciseName],0)),""Unknown"")"
E-20260627-2286,S-20260627-01,Single-Arm Overhead Cable Extension,4,22.5,9.0,,,,3.0,1.0,3.0,0-1,,Tempo 3-1-3; RIR 0-1,7,2026-06-27T13:02:23.672Z,"=IFERROR(INDEX(tbl_Lookup_Exercises[Category],MATCH(tbl_Exercises[[#This Row],[ExerciseName]],tbl_Lookup_Exercises[ExerciseName],0)),""Unknown"")"
E-20260627-2287,S-20260627-01,High Cable Tricep Pushdown,1,60.0,10.0,,,,2.0,1.0,2.0,2,,Tempo 2-1-2; RIR 2,7,2026-06-27T13:04:30.073Z,"=IFERROR(INDEX(tbl_Lookup_Exercises[Category],MATCH(tbl_Exercises[[#This Row],[ExerciseName]],tbl_Lookup_Exercises[ExerciseName],0)),""Unknown"")"
E-20260627-2288,S-20260627-01,High Cable Tricep Pushdown,2,60.0,9.0,,,,2.0,1.0,2.0,1-2,,Tempo 2-1-2; RIR 1-2,7,2026-06-27T13:06:24.047Z,"=IFERROR(INDEX(tbl_Lookup_Exercises[Category],MATCH(tbl_Exercises[[#This Row],[ExerciseName]],tbl_Lookup_Exercises[ExerciseName],0)),""Unknown"")"
E-20260627-2289,S-20260627-01,High Cable Tricep Pushdown,3,65.0,7.0,,,,2.0,1.0,2.0,1,,Tempo 2-1-2; RIR 1,7,2026-06-27T13:08:18.328Z,"=IFERROR(INDEX(tbl_Lookup_Exercises[Category],MATCH(tbl_Exercises[[#This Row],[ExerciseName]],tbl_Lookup_Exercises[ExerciseName],0)),""Unknown"")"
E-20260627-2290,S-20260627-01,High Cable Tricep Pushdown,4,65.0,6.5,,,,2.0,1.0,2.0,1,,Tempo 2-1-2; RIR 1,7,2026-06-27T13:09:59.926Z,"=IFERROR(INDEX(tbl_Lookup_Exercises[Category],MATCH(tbl_Exercises[[#This Row],[ExerciseName]],tbl_Lookup_Exercises[ExerciseName],0)),""Unknown"")"
E-20260627-2291,S-20260627-01,Hammer Curls with Rope and Cable,1,25.0,12.0,,,,2.0,2.0,2.0,2,,Tempo 2-2-2; RIR 2,7,2026-06-27T13:13:28.701Z,"=IFERROR(INDEX(tbl_Lookup_Exercises[Category],MATCH(tbl_Exercises[[#This Row],[ExerciseName]],tbl_Lookup_Exercises[ExerciseName],0)),""Unknown"")"
E-20260627-2292,S-20260627-01,Hammer Curls with Rope and Cable,2,30.0,9.0,,,,2.0,1.0,2.0,1-2,,Tempo 2-1-2; RIR 1-2,7,2026-06-27T13:16:31.253Z,"=IFERROR(INDEX(tbl_Lookup_Exercises[Category],MATCH(tbl_Exercises[[#This Row],[ExerciseName]],tbl_Lookup_Exercises[ExerciseName],0)),""Unknown"")"
E-20260627-2293,S-20260627-01,Hammer Curls with Rope and Cable,3,30.0,7.0,,,,2.0,1.0,2.0,1,,Tempo 2-1-2; RIR 1,7,2026-06-27T13:19:06.895Z,"=IFERROR(INDEX(tbl_Lookup_Exercises[Category],MATCH(tbl_Exercises[[#This Row],[ExerciseName]],tbl_Lookup_Exercises[ExerciseName],0)),""Unknown"")"
E-20260627-2294,S-20260627-01,Plate Pinch,1,50.0,,73.2,,,,,,,,73/60=1.217,7,2026-06-27T13:22:25.370Z,"=IFERROR(INDEX(tbl_Lookup_Exercises[Category],MATCH(tbl_Exercises[[#This Row],[ExerciseName]],tbl_Lookup_Exercises[ExerciseName],0)),""Unknown"")"
E-20260627-2295,S-20260627-01,Plate Pinch,2,50.0,,58.8,,,,,,,,59/60=0.983 left slipped first,7,2026-06-27T13:24:38.583Z,"=IFERROR(INDEX(tbl_Lookup_Exercises[Category],MATCH(tbl_Exercises[[#This Row],[ExerciseName]],tbl_Lookup_Exercises[ExerciseName],0)),""Unknown"")"
E-20260627-2296,S-20260627-01,Plate Pinch,3,50.0,,46.800000000000004,,,,,,,,47/60=0.783,7,2026-06-27T13:27:31.892Z,"=IFERROR(INDEX(tbl_Lookup_Exercises[Category],MATCH(tbl_Exercises[[#This Row],[ExerciseName]],tbl_Lookup_Exercises[ExerciseName],0)),""Unknown"")"
E-20260627-2297,S-20260627-01,Dead Hang,1,0.0,,55.2,,,,,,,,55/60=0.917,7,2026-06-27T13:29:45.163Z,"=IFERROR(INDEX(tbl_Lookup_Exercises[Category],MATCH(tbl_Exercises[[#This Row],[ExerciseName]],tbl_Lookup_Exercises[ExerciseName],0)),""Unknown"")"
E-20260627-2298,S-20260627-01,Dead Hang,2,0.0,,49.8,,,,,,,,,7,2026-06-27T13:32:03.932Z,"=IFERROR(INDEX(tbl_Lookup_Exercises[Category],MATCH(tbl_Exercises[[#This Row],[ExerciseName]],tbl_Lookup_Exercises[ExerciseName],0)),""Unknown"")"
E-20260627-2299,S-20260627-01,Rowing,1,,,463.0,2.0,km,,,,,,Capacity finish ,7,2026-06-27T13:42:47.023Z,"=IFERROR(INDEX(tbl_Lookup_Exercises[Category],MATCH(tbl_Exercises[[#This Row],[ExerciseName]],tbl_Lookup_Exercises[ExerciseName],0)),""Unknown"")"
E-20260629-2300,S-20260629-01,Treadmill Walking,1,,,363.0,0.69,km,,,,,,4.3 mph; 5% incline,7,2026-06-29T13:52:58.855Z,"=IFERROR(INDEX(tbl_Lookup_Exercises[Category],MATCH(tbl_Exercises[[#This Row],[ExerciseName]],tbl_Lookup_Exercises[ExerciseName],0)),""Unknown"")"
E-20260629-2301,S-20260629-01,Band Pull Aparts,1,0.0,15.0,,,,,,,,,,7,2026-06-29T14:02:26.401Z,"=IFERROR(INDEX(tbl_Lookup_Exercises[Category],MATCH(tbl_Exercises[[#This Row],[ExerciseName]],tbl_Lookup_Exercises[ExerciseName],0)),""Unknown"")"
E-20260629-2302,S-20260629-01,Band Pull Aparts,2,0.0,15.0,,,,,,,,,,7,2026-06-29T14:02:27.628Z,"=IFERROR(INDEX(tbl_Lookup_Exercises[Category],MATCH(tbl_Exercises[[#This Row],[ExerciseName]],tbl_Lookup_Exercises[ExerciseName],0)),""Unknown"")"
E-20260629-2303,S-20260629-01,Serratus Wall Slides (banded),1,0.0,8.0,,,,,,,,,,7,2026-06-29T14:02:29.581Z,"=IFERROR(INDEX(tbl_Lookup_Exercises[Category],MATCH(tbl_Exercises[[#This Row],[ExerciseName]],tbl_Lookup_Exercises[ExerciseName],0)),""Unknown"")"
E-20260629-2304,S-20260629-01,Serratus Wall Slides (banded),2,0.0,8.0,,,,,,,,,,7,2026-06-29T14:02:30.271Z,"=IFERROR(INDEX(tbl_Lookup_Exercises[Category],MATCH(tbl_Exercises[[#This Row],[ExerciseName]],tbl_Lookup_Exercises[ExerciseName],0)),""Unknown"")"
E-20260629-2305,S-20260629-01,Farmer's Walk,1,150.0,,70.19999999999999,,,,,,,,70/60=1.167,7,2026-06-29T14:04:47.707Z,"=IFERROR(INDEX(tbl_Lookup_Exercises[Category],MATCH(tbl_Exercises[[#This Row],[ExerciseName]],tbl_Lookup_Exercises[ExerciseName],0)),""Unknown"")"
E-20260629-2306,S-20260629-01,Farmer's Walk,2,150.0,,64.80000000000001,,,,,,,,,7,2026-06-29T14:08:06.513Z,"=IFERROR(INDEX(tbl_Lookup_Exercises[Category],MATCH(tbl_Exercises[[#This Row],[ExerciseName]],tbl_Lookup_Exercises[ExerciseName],0)),""Unknown"")"
E-20260629-2307,S-20260629-01,Farmer's Walk,3,150.0,,55.2,,,,,,,,55/60=0.917,7,2026-06-29T14:11:31.165Z,"=IFERROR(INDEX(tbl_Lookup_Exercises[Category],MATCH(tbl_Exercises[[#This Row],[ExerciseName]],tbl_Lookup_Exercises[ExerciseName],0)),""Unknown"")"
E-20260629-2308,S-20260629-01,Farmer's Walk,4,150.0,,52.2,,,,,,,,52/60=0.867,7,2026-06-29T14:14:59.201Z,"=IFERROR(INDEX(tbl_Lookup_Exercises[Category],MATCH(tbl_Exercises[[#This Row],[ExerciseName]],tbl_Lookup_Exercises[ExerciseName],0)),""Unknown"")"
E-20260629-2309,S-20260629-01,Farmer's Walk,5,150.0,,49.8,,,,,,,,50/60=0.833,7,2026-06-29T14:18:08.946Z,"=IFERROR(INDEX(tbl_Lookup_Exercises[Category],MATCH(tbl_Exercises[[#This Row],[ExerciseName]],tbl_Lookup_Exercises[ExerciseName],0)),""Unknown"")"
E-20260629-2310,S-20260629-01,Plate Loaded Seated Row,1,140.0,8.0,,,,2.0,1.0,2.0,2,,Machine says “starting resistance is 25 lbs” but I added 70 lbs per arm; tempo 2-1-2; RIR 2,7,2026-06-29T14:26:58.723Z,"=IFERROR(INDEX(tbl_Lookup_Exercises[Category],MATCH(tbl_Exercises[[#This Row],[ExerciseName]],tbl_Lookup_Exercises[ExerciseName],0)),""Unknown"")"
E-20260629-2311,S-20260629-01,Plate Loaded Seated Row,2,160.0,7.0,,,,2.0,1.0,2.0,1-2,,80 lbs per arm; tempo 2-1-2; RIR 1-2; difficult. ,7,2026-06-29T14:28:45.603Z,"=IFERROR(INDEX(tbl_Lookup_Exercises[Category],MATCH(tbl_Exercises[[#This Row],[ExerciseName]],tbl_Lookup_Exercises[ExerciseName],0)),""Unknown"")"
E-20260629-2312,S-20260629-01,Plate Loaded Seated Row,3,160.0,6.0,,,,2.0,1.0,2.0,1-2,,80 lbs per arm; tempo 2-1-2; RIR 1-2; difficult. ,7,2026-06-29T14:30:42.009Z,"=IFERROR(INDEX(tbl_Lookup_Exercises[Category],MATCH(tbl_Exercises[[#This Row],[ExerciseName]],tbl_Lookup_Exercises[ExerciseName],0)),""Unknown"")"
E-20260629-2313,S-20260629-01,Plate Loaded Seated Row,4,160.0,5.0,,,,2.0,1.0,2.0,2,,Machine says “starting resistance is 25 lbs” but I added 70 lbs per arm; tempo 2-1-2; RIR 2,7,2026-06-29T14:34:04.783Z,"=IFERROR(INDEX(tbl_Lookup_Exercises[Category],MATCH(tbl_Exercises[[#This Row],[ExerciseName]],tbl_Lookup_Exercises[ExerciseName],0)),""Unknown"")"
E-20260629-2314,S-20260629-01,Body Row,1,0.0,8.0,,,,2.0,2.0,1.0,1-2,,Tempo 2-2-1; RIR 1-2; feet elevated ,7,2026-06-29T14:35:48.914Z,"=IFERROR(INDEX(tbl_Lookup_Exercises[Category],MATCH(tbl_Exercises[[#This Row],[ExerciseName]],tbl_Lookup_Exercises[ExerciseName],0)),""Unknown"")"
E-20260629-2315,S-20260629-01,Body Row,2,0.0,8.0,,,,2.0,2.0,1.0,1-2,,Tempo 2-2-1; RIR 1-2; feet elevated ,7,2026-06-29T14:37:45.974Z,"=IFERROR(INDEX(tbl_Lookup_Exercises[Category],MATCH(tbl_Exercises[[#This Row],[ExerciseName]],tbl_Lookup_Exercises[ExerciseName],0)),""Unknown"")"
E-20260629-2316,S-20260629-01,Body Row,3,0.0,8.0,,,,2.0,2.0,1.0,1-2,,Tempo 2-2-1; RIR 1-2; feet elevated ,7,2026-06-29T14:39:40.175Z,"=IFERROR(INDEX(tbl_Lookup_Exercises[Category],MATCH(tbl_Exercises[[#This Row],[ExerciseName]],tbl_Lookup_Exercises[ExerciseName],0)),""Unknown"")"
E-20260629-2317,S-20260629-01,Anchored Single Arm Dumbbell Curl,1,35.0,5.0,,,,,,,,,Yikes. Maybe too quick a transition from body rows to curls but the lactic acid build up is more today. ,7,2026-06-29T14:42:05.351Z,"=IFERROR(INDEX(tbl_Lookup_Exercises[Category],MATCH(tbl_Exercises[[#This Row],[ExerciseName]],tbl_Lookup_Exercises[ExerciseName],0)),""Unknown"")"
E-20260629-2318,S-20260629-01,Anchored Single Arm Dumbbell Curl,2,35.0,5.0,,,,,2.0,2.0,1-2,,Tempo controlled 2-2-2; RIR 1-2; is this a regression? Feels good but the reps aren’t there today,7,2026-06-29T14:45:18.190Z,"=IFERROR(INDEX(tbl_Lookup_Exercises[Category],MATCH(tbl_Exercises[[#This Row],[ExerciseName]],tbl_Lookup_Exercises[ExerciseName],0)),""Unknown"")"
E-20260629-2319,S-20260629-01,Anchored Single Arm Dumbbell Curl,3,35.0,5.0,,,,,2.0,2.0,1-2,,Tempo controlled 2-2-2; RIR 1-2; is this a regression? Feels good but the reps aren’t there today,7,2026-06-29T14:47:47.456Z,"=IFERROR(INDEX(tbl_Lookup_Exercises[Category],MATCH(tbl_Exercises[[#This Row],[ExerciseName]],tbl_Lookup_Exercises[ExerciseName],0)),""Unknown"")"
E-20260629-2320,S-20260629-01,Anchored Single Arm Dumbbell Curl,4,35.0,5.0,,,,,2.0,2.0,1-2,,Tempo controlled 2-2-2; RIR 1-2; is this a regression? Feels good but the reps aren’t there today,7,2026-06-29T14:50:31.044Z,"=IFERROR(INDEX(tbl_Lookup_Exercises[Category],MATCH(tbl_Exercises[[#This Row],[ExerciseName]],tbl_Lookup_Exercises[ExerciseName],0)),""Unknown"")"
E-20260629-2321,S-20260629-01,Single-Arm Overhead Cable Extension,1,20.0,12.0,,,,3.0,1.0,3.0,2,,Tempo 3-1-3; RIR 2,7,2026-06-29T14:53:35.441Z,"=IFERROR(INDEX(tbl_Lookup_Exercises[Category],MATCH(tbl_Exercises[[#This Row],[ExerciseName]],tbl_Lookup_Exercises[ExerciseName],0)),""Unknown"")"
E-20260629-2322,S-20260629-01,Single-Arm Overhead Cable Extension,2,25.0,10.0,,,,3.0,1.0,3.0,1-2,,Tempo 3-1-3; RIR 1-2; ego lift,7,2026-06-29T14:57:02.774Z,"=IFERROR(INDEX(tbl_Lookup_Exercises[Category],MATCH(tbl_Exercises[[#This Row],[ExerciseName]],tbl_Lookup_Exercises[ExerciseName],0)),""Unknown"")"
E-20260629-2323,S-20260629-01,Single-Arm Overhead Cable Extension,3,22.5,11.0,,,,3.0,1.0,3.0,1-2,,Tempo 3-1-3; RIR 1-2; ,7,2026-06-29T15:00:22.853Z,"=IFERROR(INDEX(tbl_Lookup_Exercises[Category],MATCH(tbl_Exercises[[#This Row],[ExerciseName]],tbl_Lookup_Exercises[ExerciseName],0)),""Unknown"")"
E-20260629-2324,S-20260629-01,Single-Arm Overhead Cable Extension,4,22.5,10.0,,,,3.0,1.0,3.0,1-2,,Tempo 3-1-3; RIR 1-2; ,7,2026-06-29T15:04:56.236Z,"=IFERROR(INDEX(tbl_Lookup_Exercises[Category],MATCH(tbl_Exercises[[#This Row],[ExerciseName]],tbl_Lookup_Exercises[ExerciseName],0)),""Unknown"")"
E-20260629-2325,S-20260629-01,Plate Pinch,1,50.0,,73.8,,,,,,,,74/60=1.233; fyi Coach I’m holding / pinching both simultaneously ,7,2026-06-29T15:07:43.706Z,"=IFERROR(INDEX(tbl_Lookup_Exercises[Category],MATCH(tbl_Exercises[[#This Row],[ExerciseName]],tbl_Lookup_Exercises[ExerciseName],0)),""Unknown"")"
E-20260629-2326,S-20260629-01,Plate Pinch,2,50.0,,61.800000000000004,,,,,,,,62/60=1.0333,7,2026-06-29T15:10:20.114Z,"=IFERROR(INDEX(tbl_Lookup_Exercises[Category],MATCH(tbl_Exercises[[#This Row],[ExerciseName]],tbl_Lookup_Exercises[ExerciseName],0)),""Unknown"")"
E-20260629-2327,S-20260629-01,Plate Pinch,3,50.0,,52.2,,,,,,,,52/60=0.867,7,2026-06-29T15:13:03.834Z,"=IFERROR(INDEX(tbl_Lookup_Exercises[Category],MATCH(tbl_Exercises[[#This Row],[ExerciseName]],tbl_Lookup_Exercises[ExerciseName],0)),""Unknown"")"
E-20260629-2328,S-20260629-01,Dead Hang,1,0.0,,54.0,,,,,,,,,7,2026-06-29T15:15:20.466Z,"=IFERROR(INDEX(tbl_Lookup_Exercises[Category],MATCH(tbl_Exercises[[#This Row],[ExerciseName]],tbl_Lookup_Exercises[ExerciseName],0)),""Unknown"")"
E-20260629-2329,S-20260629-01,Dead Hang,2,0.0,,54.0,,,,,,,,,7,2026-06-29T15:17:31.251Z,"=IFERROR(INDEX(tbl_Lookup_Exercises[Category],MATCH(tbl_Exercises[[#This Row],[ExerciseName]],tbl_Lookup_Exercises[ExerciseName],0)),""Unknown"")"
E-20260629-2330,S-20260629-01,Rowing,1,,,470.0,2.0,km,,,,,,Capacity finish ,7,2026-06-29T15:28:14.027Z,"=IFERROR(INDEX(tbl_Lookup_Exercises[Category],MATCH(tbl_Exercises[[#This Row],[ExerciseName]],tbl_Lookup_Exercises[ExerciseName],0)),""Unknown"")"
E-20260630-2331,S-20260630-01,Treadmill Walking,1,,,360.0,0.68,km,,,,,,"4.3 mph, 5% incline",7,2026-06-30T17:20:30.417Z,"=IFERROR(INDEX(tbl_Lookup_Exercises[Category],MATCH(tbl_Exercises[[#This Row],[ExerciseName]],tbl_Lookup_Exercises[ExerciseName],0)),""Unknown"")"
E-20260630-2332,S-20260630-01,Band Pull Aparts,1,0.0,12.0,,,,,,,,,,7,2026-06-30T17:25:22.643Z,"=IFERROR(INDEX(tbl_Lookup_Exercises[Category],MATCH(tbl_Exercises[[#This Row],[ExerciseName]],tbl_Lookup_Exercises[ExerciseName],0)),""Unknown"")"
E-20260630-2333,S-20260630-01,Band Pull Aparts,2,0.0,12.0,,,,,,,,,,7,2026-06-30T17:25:23.249Z,"=IFERROR(INDEX(tbl_Lookup_Exercises[Category],MATCH(tbl_Exercises[[#This Row],[ExerciseName]],tbl_Lookup_Exercises[ExerciseName],0)),""Unknown"")"
E-20260630-2334,S-20260630-01,Serratus Wall Slides (banded),1,0.0,8.0,,,,,,,,,,7,2026-06-30T17:25:25.102Z,"=IFERROR(INDEX(tbl_Lookup_Exercises[Category],MATCH(tbl_Exercises[[#This Row],[ExerciseName]],tbl_Lookup_Exercises[ExerciseName],0)),""Unknown"")"
E-20260630-2335,S-20260630-01,Serratus Wall Slides (banded),2,0.0,8.0,,,,,,,,,,7,2026-06-30T17:25:25.687Z,"=IFERROR(INDEX(tbl_Lookup_Exercises[Category],MATCH(tbl_Exercises[[#This Row],[ExerciseName]],tbl_Lookup_Exercises[ExerciseName],0)),""Unknown"")"
E-20260630-2336,S-20260630-01,Neutral Grip Dumbbell Floor Press,1,130.0,8.0,,,,3.0,1.0,1.0,2,,Tempo 3-1-1; RIR 2,7,2026-06-30T17:29:06.577Z,"=IFERROR(INDEX(tbl_Lookup_Exercises[Category],MATCH(tbl_Exercises[[#This Row],[ExerciseName]],tbl_Lookup_Exercises[ExerciseName],0)),""Unknown"")"
E-20260630-2337,S-20260630-01,Neutral Grip Dumbbell Floor Press,2,140.0,8.0,,,,3.0,1.0,1.0,2,,Tempo 3-1-1; RIR 2,7,2026-06-30T17:33:52.210Z,"=IFERROR(INDEX(tbl_Lookup_Exercises[Category],MATCH(tbl_Exercises[[#This Row],[ExerciseName]],tbl_Lookup_Exercises[ExerciseName],0)),""Unknown"")"
E-20260630-2338,S-20260630-01,Neutral Grip Dumbbell Floor Press,3,150.0,6.5,,,,3.0,1.0,1.0,1-2,,"Tempo 3-1-1; RIR 1-2; I thought we were doing an overload. Had to farmer carry the dbs a good 30 sec walk to get to the right bench, so will push through 75s per hand. Let’s go!! 🙌",7,2026-06-30T17:37:31.715Z,"=IFERROR(INDEX(tbl_Lookup_Exercises[Category],MATCH(tbl_Exercises[[#This Row],[ExerciseName]],tbl_Lookup_Exercises[ExerciseName],0)),""Unknown"")"
E-20260630-2339,S-20260630-01,Neutral Grip Dumbbell Floor Press,4,150.0,5.0,,,,3.0,1.0,1.0,1-2,,"Tempo 3-1-1; RIR 1-2; I thought we were doing an overload. Had to farmer carry the dbs a good 30 sec walk to get to the right bench, so will push through 75s per hand. Let’s go!! 🙌",7,2026-06-30T17:40:42.993Z,"=IFERROR(INDEX(tbl_Lookup_Exercises[Category],MATCH(tbl_Exercises[[#This Row],[ExerciseName]],tbl_Lookup_Exercises[ExerciseName],0)),""Unknown"")"
E-20260630-2340,S-20260630-01,Machine Chest Press,1,110.0,12.0,,,,2.0,1.0,2.0,1-2,,"Tempo 2-1-2; RIR 1-2; Precor - Chest Press machine; seat at 3, Little bit different machine chest press. Has a foot pedal to help get the handles in a safer shoulder starting point ",7,2026-06-30T17:45:31.103Z,"=IFERROR(INDEX(tbl_Lookup_Exercises[Category],MATCH(tbl_Exercises[[#This Row],[ExerciseName]],tbl_Lookup_Exercises[ExerciseName],0)),""Unknown"")"
E-20260630-2341,S-20260630-01,Machine Chest Press,2,115.0,12.0,,,,2.0,1.0,2.0,1-2,,"Tempo 2-1-2; RIR 1-2; seat at 3, Little bit different machine chest press. Has a foot pedal to help get the handles in a safer shoulder starting point ",7,2026-06-30T17:47:27.314Z,"=IFERROR(INDEX(tbl_Lookup_Exercises[Category],MATCH(tbl_Exercises[[#This Row],[ExerciseName]],tbl_Lookup_Exercises[ExerciseName],0)),""Unknown"")"
E-20260630-2342,S-20260630-01,Machine Chest Press,3,120.0,11.0,,,,2.0,1.0,2.0,1,,"Tempo 2-1-2; RIR 1; Precor - Chest Press machine; seat at 3, Little bit different machine chest press. Has a foot pedal to help get the handles in a safer shoulder starting point ",7,2026-06-30T17:50:37.189Z,"=IFERROR(INDEX(tbl_Lookup_Exercises[Category],MATCH(tbl_Exercises[[#This Row],[ExerciseName]],tbl_Lookup_Exercises[ExerciseName],0)),""Unknown"")"
E-20260630-2343,S-20260630-01,Machine Chest Press,4,125.0,9.0,,,,2.0,1.0,2.0,1,,"Tempo 2-1-2; RIR 1; Precor - Chest Press machine; seat at 3, Little bit different machine chest press. Has a foot pedal to help get the handles in a safer shoulder starting point ",7,2026-06-30T17:53:30.221Z,"=IFERROR(INDEX(tbl_Lookup_Exercises[Category],MATCH(tbl_Exercises[[#This Row],[ExerciseName]],tbl_Lookup_Exercises[ExerciseName],0)),""Unknown"")"
E-20260630-2344,S-20260630-01,Cable Fly (Standing),1,12.5,12.0,,,,,,,,,Warm up. No padded cuff today,7,2026-06-30T17:57:48.405Z,"=IFERROR(INDEX(tbl_Lookup_Exercises[Category],MATCH(tbl_Exercises[[#This Row],[ExerciseName]],tbl_Lookup_Exercises[ExerciseName],0)),""Unknown"")"
E-20260630-2345,S-20260630-01,Cable Fly (Standing),2,22.5,15.0,,,,2.0,2.0,2.0,2,,Working set. Tempo 2-2-2; RIR 2; No padded cuff today,7,2026-06-30T18:03:08.780Z,"=IFERROR(INDEX(tbl_Lookup_Exercises[Category],MATCH(tbl_Exercises[[#This Row],[ExerciseName]],tbl_Lookup_Exercises[ExerciseName],0)),""Unknown"")"
E-20260630-2346,S-20260630-01,Cable Fly (Standing),3,27.5,15.0,,,,2.0,2.0,2.0,1-2,,Tempo 2-2-2; RIR 1-2; Working set. No padded cuff today,7,2026-06-30T18:07:13.625Z,"=IFERROR(INDEX(tbl_Lookup_Exercises[Category],MATCH(tbl_Exercises[[#This Row],[ExerciseName]],tbl_Lookup_Exercises[ExerciseName],0)),""Unknown"")"
E-20260630-2347,S-20260630-01,Cable Fly (Standing),4,32.5,12.0,,,,2.0,2.0,2.0,1-2,,Working set. Tempo 2-2-2; RIR 1-2; No padded cuff today,7,2026-06-30T18:11:34.259Z,"=IFERROR(INDEX(tbl_Lookup_Exercises[Category],MATCH(tbl_Exercises[[#This Row],[ExerciseName]],tbl_Lookup_Exercises[ExerciseName],0)),""Unknown"")"
E-20260630-2348,S-20260630-01,Single-Arm Overhead Cable Extension,1,20.0,12.0,,,,3.0,1.0,3.0,1-2,,Tempo 3-1-3: RIR 1-2; left fatigued at 11,7,2026-06-30T18:16:20.900Z,"=IFERROR(INDEX(tbl_Lookup_Exercises[Category],MATCH(tbl_Exercises[[#This Row],[ExerciseName]],tbl_Lookup_Exercises[ExerciseName],0)),""Unknown"")"
E-20260630-2349,S-20260630-01,Single-Arm Overhead Cable Extension,2,22.5,12.0,,,,3.0,1.0,3.0,1,,Tempo 3-1-3: RIR 1; left fatigued at 11,7,2026-06-30T18:19:51.821Z,"=IFERROR(INDEX(tbl_Lookup_Exercises[Category],MATCH(tbl_Exercises[[#This Row],[ExerciseName]],tbl_Lookup_Exercises[ExerciseName],0)),""Unknown"")"
E-20260630-2350,S-20260630-01,Single-Arm Overhead Cable Extension,3,22.5,10.0,,,,3.0,1.0,3.0,1,,Tempo 3-1-3: RIR 1; left fatigued at 11,7,2026-06-30T18:23:20.978Z,"=IFERROR(INDEX(tbl_Lookup_Exercises[Category],MATCH(tbl_Exercises[[#This Row],[ExerciseName]],tbl_Lookup_Exercises[ExerciseName],0)),""Unknown"")"
E-20260630-2351,S-20260630-01,Single-Arm Overhead Cable Extension,4,22.5,9.0,,,,3.0,1.0,3.0,1,,Tempo 3-1-3: RIR 1; left fatigued at 11,7,2026-06-30T18:25:54.373Z,"=IFERROR(INDEX(tbl_Lookup_Exercises[Category],MATCH(tbl_Exercises[[#This Row],[ExerciseName]],tbl_Lookup_Exercises[ExerciseName],0)),""Unknown"")"
E-20260630-2352,S-20260630-01,High Cable Tricep Pushdown,1,60.0,9.0,,,,2.0,1.0,2.0,1-2,,Tempo 2-1-2; RIR 1-2; 90-100 degree ROM,7,2026-06-30T18:28:01.865Z,"=IFERROR(INDEX(tbl_Lookup_Exercises[Category],MATCH(tbl_Exercises[[#This Row],[ExerciseName]],tbl_Lookup_Exercises[ExerciseName],0)),""Unknown"")"
E-20260630-2353,S-20260630-01,High Cable Tricep Pushdown,2,62.5,9.0,,,,2.0,1.0,2.0,1-2,,Tempo 2-1-2; RIR 1-2; 90-100 degree ROM,7,2026-06-30T18:30:00.237Z,"=IFERROR(INDEX(tbl_Lookup_Exercises[Category],MATCH(tbl_Exercises[[#This Row],[ExerciseName]],tbl_Lookup_Exercises[ExerciseName],0)),""Unknown"")"
E-20260630-2354,S-20260630-01,High Cable Tricep Pushdown,3,62.5,8.0,,,,2.0,1.0,2.0,1-2,,Tempo 2-1-2; RIR 1-2; 90-100 degree ROM,7,2026-06-30T18:32:00.065Z,"=IFERROR(INDEX(tbl_Lookup_Exercises[Category],MATCH(tbl_Exercises[[#This Row],[ExerciseName]],tbl_Lookup_Exercises[ExerciseName],0)),""Unknown"")"
E-20260630-2355,S-20260630-01,Treadmill Walking,2,,,360.0,0.68,km,,,,,,"4.3 mph, 5% incline",7,2026-06-30T18:33:37.356Z,"=IFERROR(INDEX(tbl_Lookup_Exercises[Category],MATCH(tbl_Exercises[[#This Row],[ExerciseName]],tbl_Lookup_Exercises[ExerciseName],0)),""Unknown"")"
E-20260630-2356,S-20260630-01,High Cable Tricep Pushdown,4,65.0,6.5,,,,2.0,1.0,2.0,1,,Tempo 2-1-2; RIR 1,7,2026-06-30T18:33:57.490Z,"=IFERROR(INDEX(tbl_Lookup_Exercises[Category],MATCH(tbl_Exercises[[#This Row],[ExerciseName]],tbl_Lookup_Exercises[ExerciseName],0)),""Unknown"")"
E-20260630-2357,S-20260630-01,Plate Pinch,1,50.0,,84.0,,,,,,,,84/60=1.4,7,2026-06-30T18:37:06.941Z,"=IFERROR(INDEX(tbl_Lookup_Exercises[Category],MATCH(tbl_Exercises[[#This Row],[ExerciseName]],tbl_Lookup_Exercises[ExerciseName],0)),""Unknown"")"
E-20260630-2358,S-20260630-01,Plate Pinch,2,50.0,,58.8,,,,,,,,59/60=0.983 left slipped first ,7,2026-06-30T18:39:46.036Z,"=IFERROR(INDEX(tbl_Lookup_Exercises[Category],MATCH(tbl_Exercises[[#This Row],[ExerciseName]],tbl_Lookup_Exercises[ExerciseName],0)),""Unknown"")"
E-20260630-2359,S-20260630-01,Plate Pinch,3,50.0,,49.8,,,,,,,,,7,2026-06-30T18:42:08.829Z,"=IFERROR(INDEX(tbl_Lookup_Exercises[Category],MATCH(tbl_Exercises[[#This Row],[ExerciseName]],tbl_Lookup_Exercises[ExerciseName],0)),""Unknown"")"
E-20260630-2360,S-20260630-01,Dead Hang,1,0.0,,61.2,,,,,,,,61/60=1.0167,7,2026-06-30T18:44:18.476Z,"=IFERROR(INDEX(tbl_Lookup_Exercises[Category],MATCH(tbl_Exercises[[#This Row],[ExerciseName]],tbl_Lookup_Exercises[ExerciseName],0)),""Unknown"")"
E-20260630-2361,S-20260630-01,Dead Hang,2,0.0,,51.0,,,,,,,,51/60=0.85,7,2026-06-30T18:46:41.227Z,"=IFERROR(INDEX(tbl_Lookup_Exercises[Category],MATCH(tbl_Exercises[[#This Row],[ExerciseName]],tbl_Lookup_Exercises[ExerciseName],0)),""Unknown"")"
E-20260630-2362,S-20260630-01,Rowing,1,,,460.0,2.0,km,,,,,,Capacity finish ,7,2026-06-30T18:56:11.479Z,"=IFERROR(INDEX(tbl_Lookup_Exercises[Category],MATCH(tbl_Exercises[[#This Row],[ExerciseName]],tbl_Lookup_Exercises[ExerciseName],0)),""Unknown"")"
E-20260702-2363,S-20260702-01,Treadmill Walking,1,,,360.0,0.69,km,,,,,,Warm up,7,2026-07-02T16:16:06.094Z,"=IFERROR(INDEX(tbl_Lookup_Exercises[Category],MATCH(tbl_Exercises[[#This Row],[ExerciseName]],tbl_Lookup_Exercises[ExerciseName],0)),""Unknown"")"
E-20260702-2364,S-20260702-01,Goblet Squat,1,65.0,10.0,,,,3.0,1.0,1.0,2,,Tempo 3-1-1; RIR 2,7,2026-07-02T16:20:30.705Z,"=IFERROR(INDEX(tbl_Lookup_Exercises[Category],MATCH(tbl_Exercises[[#This Row],[ExerciseName]],tbl_Lookup_Exercises[ExerciseName],0)),""Unknown"")"
E-20260702-2365,S-20260702-01,Goblet Squat,2,70.0,10.0,,,,3.0,1.0,1.0,2,,Tempo 3-1-1; RIR 2,7,2026-07-02T16:23:24.454Z,"=IFERROR(INDEX(tbl_Lookup_Exercises[Category],MATCH(tbl_Exercises[[#This Row],[ExerciseName]],tbl_Lookup_Exercises[ExerciseName],0)),""Unknown"")"
E-20260702-2366,S-20260702-01,Goblet Squat,3,75.0,10.0,,,,3.0,1.0,1.0,1-2,,Tempo 3-1-1; RIR 1-2,7,2026-07-02T16:26:28.708Z,"=IFERROR(INDEX(tbl_Lookup_Exercises[Category],MATCH(tbl_Exercises[[#This Row],[ExerciseName]],tbl_Lookup_Exercises[ExerciseName],0)),""Unknown"")"
E-20260702-2367,S-20260702-01,Dumbbell Romanian Deadlift,1,150.0,10.0,,,,3.0,1.0,1.0,2+,,Tempo 3-1-1; RIR 2+,7,2026-07-02T16:28:48.508Z,"=IFERROR(INDEX(tbl_Lookup_Exercises[Category],MATCH(tbl_Exercises[[#This Row],[ExerciseName]],tbl_Lookup_Exercises[ExerciseName],0)),""Unknown"")"
E-20260702-2368,S-20260702-01,Dumbbell Romanian Deadlift,2,150.0,10.0,,,,3.0,1.0,1.0,2,,Tempo 3-1-1; RIR 2,7,2026-07-02T16:31:55.125Z,"=IFERROR(INDEX(tbl_Lookup_Exercises[Category],MATCH(tbl_Exercises[[#This Row],[ExerciseName]],tbl_Lookup_Exercises[ExerciseName],0)),""Unknown"")"
E-20260702-2369,S-20260702-01,Dumbbell Romanian Deadlift,3,150.0,10.0,,,,3.0,1.0,1.0,1-2,,Tempo 3-1-1; RIR 1-2,7,2026-07-02T16:35:28.525Z,"=IFERROR(INDEX(tbl_Lookup_Exercises[Category],MATCH(tbl_Exercises[[#This Row],[ExerciseName]],tbl_Lookup_Exercises[ExerciseName],0)),""Unknown"")"
E-20260702-2370,S-20260702-01,Walking Lunges,1,30.0,,12.0,,,2.0,1.0,1.0,2+,,Tempo 2-1-1; RIR 2+,7,2026-07-02T16:38:10.936Z,"=IFERROR(INDEX(tbl_Lookup_Exercises[Category],MATCH(tbl_Exercises[[#This Row],[ExerciseName]],tbl_Lookup_Exercises[ExerciseName],0)),""Unknown"")"
E-20260702-2371,S-20260702-01,Walking Lunges,2,35.0,,12.0,,,2.0,1.0,1.0,2+,,Tempo 2-1-1; RIR 2+,7,2026-07-02T16:40:50.730Z,"=IFERROR(INDEX(tbl_Lookup_Exercises[Category],MATCH(tbl_Exercises[[#This Row],[ExerciseName]],tbl_Lookup_Exercises[ExerciseName],0)),""Unknown"")"
E-20260702-2372,S-20260702-01,Farmer's Walk,1,150.0,,60.0,,,,,,,,"2 mph, 0.5% incline ",7,2026-07-02T16:44:37.492Z,"=IFERROR(INDEX(tbl_Lookup_Exercises[Category],MATCH(tbl_Exercises[[#This Row],[ExerciseName]],tbl_Lookup_Exercises[ExerciseName],0)),""Unknown"")"
E-20260702-2373,S-20260702-01,Farmer's Walk,2,150.0,,52.8,,,,,,,,"2 mph, 0.5% incline ",7,2026-07-02T16:47:17.839Z,"=IFERROR(INDEX(tbl_Lookup_Exercises[Category],MATCH(tbl_Exercises[[#This Row],[ExerciseName]],tbl_Lookup_Exercises[ExerciseName],0)),""Unknown"")"
E-20260702-2374,S-20260702-01,Farmer's Walk,3,150.0,,46.800000000000004,,,,,,,,"2 mph, 0.5% incline ",7,2026-07-02T16:50:28.846Z,"=IFERROR(INDEX(tbl_Lookup_Exercises[Category],MATCH(tbl_Exercises[[#This Row],[ExerciseName]],tbl_Lookup_Exercises[ExerciseName],0)),""Unknown"")"
E-20260702-2375,S-20260702-01,Farmer's Walk,4,150.0,,43.199999999999996,,,,,,,,"2 mph, 0.5% incline ",7,2026-07-02T16:53:04.361Z,"=IFERROR(INDEX(tbl_Lookup_Exercises[Category],MATCH(tbl_Exercises[[#This Row],[ExerciseName]],tbl_Lookup_Exercises[ExerciseName],0)),""Unknown"")"
E-20260702-2376,S-20260702-01,Farmer's Walk,5,150.0,,42.0,,,,,,,,"2 mph, 0.5% incline ",7,2026-07-02T16:55:22.567Z,"=IFERROR(INDEX(tbl_Lookup_Exercises[Category],MATCH(tbl_Exercises[[#This Row],[ExerciseName]],tbl_Lookup_Exercises[ExerciseName],0)),""Unknown"")"
E-20260702-2377,S-20260702-01,Anchored Single Arm Dumbbell Curl,1,35.0,8.0,,,,2.0,2.0,2.0,2,,"Left side first, tempo 2-2-2; RIR 2",7,2026-07-02T16:59:45.329Z,"=IFERROR(INDEX(tbl_Lookup_Exercises[Category],MATCH(tbl_Exercises[[#This Row],[ExerciseName]],tbl_Lookup_Exercises[ExerciseName],0)),""Unknown"")"
E-20260702-2378,S-20260702-01,Anchored Single Arm Dumbbell Curl,2,35.0,7.5,,,,2.0,2.0,2.0,1-2,,"Left side first, tempo 2-2-2; RIR 1-2",7,2026-07-02T17:02:39.223Z,"=IFERROR(INDEX(tbl_Lookup_Exercises[Category],MATCH(tbl_Exercises[[#This Row],[ExerciseName]],tbl_Lookup_Exercises[ExerciseName],0)),""Unknown"")"
E-20260702-2379,S-20260702-01,Anchored Single Arm Dumbbell Curl,3,35.0,6.0,,,,2.0,2.0,2.0,1,,"Left side first, tempo 2-2-2; RIR 1",7,2026-07-02T17:06:12.730Z,"=IFERROR(INDEX(tbl_Lookup_Exercises[Category],MATCH(tbl_Exercises[[#This Row],[ExerciseName]],tbl_Lookup_Exercises[ExerciseName],0)),""Unknown"")"
E-20260702-2380,S-20260702-01,Anchored Single Arm Dumbbell Curl,4,35.0,6.0,,,,2.0,2.0,2.0,1,,"Left side first, tempo 2-2-2; RIR 1",7,2026-07-02T17:08:45.714Z,"=IFERROR(INDEX(tbl_Lookup_Exercises[Category],MATCH(tbl_Exercises[[#This Row],[ExerciseName]],tbl_Lookup_Exercises[ExerciseName],0)),""Unknown"")"
E-20260702-2381,S-20260702-01,High Cable Tricep Pushdown,1,60.0,10.0,,,,2.0,2.0,2.0,2+,,Warm up: Hoist cable machine; 120 lb plate; tempo 2-2-2; RIR 2+,7,2026-07-02T17:12:26.241Z,"=IFERROR(INDEX(tbl_Lookup_Exercises[Category],MATCH(tbl_Exercises[[#This Row],[ExerciseName]],tbl_Lookup_Exercises[ExerciseName],0)),""Unknown"")"
E-20260702-2382,S-20260702-01,High Cable Tricep Pushdown,2,62.5,11.0,,,,2.0,2.0,2.0,2+,,Working set: Hoist cable machine; 120 lb plate + 5 lb block; tempo 2-2-2; RIR 2+,7,2026-07-02T17:13:45.544Z,"=IFERROR(INDEX(tbl_Lookup_Exercises[Category],MATCH(tbl_Exercises[[#This Row],[ExerciseName]],tbl_Lookup_Exercises[ExerciseName],0)),""Unknown"")"
E-20260702-2383,S-20260702-01,High Cable Tricep Pushdown,3,67.5,9.0,,,,2.0,2.0,2.0,1-2,,Working set: Hoist cable machine; 135 lb plate; tempo 2-2-2; RIR 1-2,7,2026-07-02T17:15:40.265Z,"=IFERROR(INDEX(tbl_Lookup_Exercises[Category],MATCH(tbl_Exercises[[#This Row],[ExerciseName]],tbl_Lookup_Exercises[ExerciseName],0)),""Unknown"")"
E-20260702-2384,S-20260702-01,High Cable Tricep Pushdown,4,67.5,7.0,,,,2.0,2.0,2.0,1-2,,Working set: Hoist cable machine; 135 lb plate; tempo 2-2-2; RIR 1-2,7,2026-07-02T17:17:36.462Z,"=IFERROR(INDEX(tbl_Lookup_Exercises[Category],MATCH(tbl_Exercises[[#This Row],[ExerciseName]],tbl_Lookup_Exercises[ExerciseName],0)),""Unknown"")"
E-20260702-2385,S-20260702-01,Plate Pinch,1,50.0,,64.80000000000001,,,,,,,,25 lb each hand. I’ve never done 50 lbs per hand like you prescribed   65/60=1.0833,7,2026-07-02T17:20:21.016Z,"=IFERROR(INDEX(tbl_Lookup_Exercises[Category],MATCH(tbl_Exercises[[#This Row],[ExerciseName]],tbl_Lookup_Exercises[ExerciseName],0)),""Unknown"")"
E-20260702-2386,S-20260702-01,Plate Pinch,2,50.0,,52.8,,,,,,,,Umax plates at the hotel gym. Plastic covering  little slicker than the rubber Planet Fitness plates. 25 lb each hand. I’ve never done 50 lbs per hand like you prescribed   65/60=1.0833,7,2026-07-02T17:22:28.002Z,"=IFERROR(INDEX(tbl_Lookup_Exercises[Category],MATCH(tbl_Exercises[[#This Row],[ExerciseName]],tbl_Lookup_Exercises[ExerciseName],0)),""Unknown"")"
E-20260702-2387,S-20260702-01,Plate Pinch,3,50.0,,45.0,,,,,,,,Umax plates at the hotel gym. Plastic covering  little slicker than the rubber Planet Fitness plates. 25 lb each hand. I’ve never done 50 lbs per hand like you prescribed   65/60=1.0833,7,2026-07-02T17:24:43.199Z,"=IFERROR(INDEX(tbl_Lookup_Exercises[Category],MATCH(tbl_Exercises[[#This Row],[ExerciseName]],tbl_Lookup_Exercises[ExerciseName],0)),""Unknown"")"
E-20260702-2388,S-20260702-01,Dead Hang,1,0.0,,45.0,,,,,,,,Thicker handles on Hoist machine / pull up bar ,7,2026-07-02T17:26:40.916Z,"=IFERROR(INDEX(tbl_Lookup_Exercises[Category],MATCH(tbl_Exercises[[#This Row],[ExerciseName]],tbl_Lookup_Exercises[ExerciseName],0)),""Unknown"")"
E-20260702-2389,S-20260702-01,Dead Hang,2,0.0,,45.0,,,,,,,,Thicker handles on Hoist machine / pull up bar ,7,2026-07-02T17:28:37.346Z,"=IFERROR(INDEX(tbl_Lookup_Exercises[Category],MATCH(tbl_Exercises[[#This Row],[ExerciseName]],tbl_Lookup_Exercises[ExerciseName],0)),""Unknown"")"
E-20260703-2390,S-20260703-01,Treadmill Walking,1,,,363.0,0.69,km,,,,,,"4.3 mph, 5% incline",7,2026-07-03T17:53:08.869Z,"=IFERROR(INDEX(tbl_Lookup_Exercises[Category],MATCH(tbl_Exercises[[#This Row],[ExerciseName]],tbl_Lookup_Exercises[ExerciseName],0)),""Unknown"")"
E-20260703-2391,S-20260703-01,Farmer's Walk,1,150.0,,70.19999999999999,,,,,,,,"2 mph, 0.5% incline; 70/60=1.167",7,2026-07-03T18:02:42.258Z,"=IFERROR(INDEX(tbl_Lookup_Exercises[Category],MATCH(tbl_Exercises[[#This Row],[ExerciseName]],tbl_Lookup_Exercises[ExerciseName],0)),""Unknown"")"
E-20260703-2392,S-20260703-01,Farmer's Walk,2,150.0,,64.80000000000001,,,,,,,,"2 mph, 0.5% incline; ",7,2026-07-03T18:05:45.743Z,"=IFERROR(INDEX(tbl_Lookup_Exercises[Category],MATCH(tbl_Exercises[[#This Row],[ExerciseName]],tbl_Lookup_Exercises[ExerciseName],0)),""Unknown"")"
E-20260703-2393,S-20260703-01,Farmer's Walk,3,150.0,,49.8,,,,,,,,"2 mph, 0.5% incline; 50/60=0.833",7,2026-07-03T18:08:32.726Z,"=IFERROR(INDEX(tbl_Lookup_Exercises[Category],MATCH(tbl_Exercises[[#This Row],[ExerciseName]],tbl_Lookup_Exercises[ExerciseName],0)),""Unknown"")"
E-20260703-2394,S-20260703-01,Farmer's Walk,4,150.0,,46.800000000000004,,,,,,,,"2 mph, 0.5% incline; 47/60=0.783",7,2026-07-03T18:11:19.500Z,"=IFERROR(INDEX(tbl_Lookup_Exercises[Category],MATCH(tbl_Exercises[[#This Row],[ExerciseName]],tbl_Lookup_Exercises[ExerciseName],0)),""Unknown"")"
E-20260703-2395,S-20260703-01,Farmer's Walk,5,150.0,,45.0,,,,,,,,"2 mph, 0.5% incline; ",7,2026-07-03T18:13:53.237Z,"=IFERROR(INDEX(tbl_Lookup_Exercises[Category],MATCH(tbl_Exercises[[#This Row],[ExerciseName]],tbl_Lookup_Exercises[ExerciseName],0)),""Unknown"")"
E-20260703-2396,S-20260703-01,Anchored Single Arm Dumbbell Curl,1,35.0,8.0,,,,2.0,2.0,2.0,1-2,,Tempo 2-2-2; RIR 1-2; left side first,7,2026-07-03T18:20:32.895Z,"=IFERROR(INDEX(tbl_Lookup_Exercises[Category],MATCH(tbl_Exercises[[#This Row],[ExerciseName]],tbl_Lookup_Exercises[ExerciseName],0)),""Unknown"")"
E-20260703-2397,S-20260703-01,Anchored Single Arm Dumbbell Curl,2,35.0,8.0,,,,2.0,2.0,2.0,1-2,,Tempo 2-2-2; RIR 1-2; left side first,7,2026-07-03T18:20:34.068Z,"=IFERROR(INDEX(tbl_Lookup_Exercises[Category],MATCH(tbl_Exercises[[#This Row],[ExerciseName]],tbl_Lookup_Exercises[ExerciseName],0)),""Unknown"")"
E-20260703-2398,S-20260703-01,Anchored Single Arm Dumbbell Curl,3,35.0,7.0,,,,2.0,2.0,2.0,1-2,,Tempo 2-2-2; RIR 1-2; left side first,7,2026-07-03T18:23:03.693Z,"=IFERROR(INDEX(tbl_Lookup_Exercises[Category],MATCH(tbl_Exercises[[#This Row],[ExerciseName]],tbl_Lookup_Exercises[ExerciseName],0)),""Unknown"")"
E-20260703-2399,S-20260703-01,Anchored Single Arm Dumbbell Curl,4,35.0,6.0,,,,2.0,2.0,2.0,1,,Tempo 2-2-2; RIR 1; left side first,7,2026-07-03T18:26:12.128Z,"=IFERROR(INDEX(tbl_Lookup_Exercises[Category],MATCH(tbl_Exercises[[#This Row],[ExerciseName]],tbl_Lookup_Exercises[ExerciseName],0)),""Unknown"")"
E-20260703-2400,S-20260703-01,Single-Arm Overhead Cable Extension,1,22.5,12.0,,,,3.0,,2.0,2+,,Tempo 3–1-3; RIR 2+ (maybe RIR 1-2 on left),7,2026-07-03T18:29:54.462Z,"=IFERROR(INDEX(tbl_Lookup_Exercises[Category],MATCH(tbl_Exercises[[#This Row],[ExerciseName]],tbl_Lookup_Exercises[ExerciseName],0)),""Unknown"")"
E-20260703-2401,S-20260703-01,Single-Arm Overhead Cable Extension,2,22.5,12.0,,,,3.0,,,2,,Tempo 3–1-3; RIR 2,7,2026-07-03T18:33:18.758Z,"=IFERROR(INDEX(tbl_Lookup_Exercises[Category],MATCH(tbl_Exercises[[#This Row],[ExerciseName]],tbl_Lookup_Exercises[ExerciseName],0)),""Unknown"")"
E-20260703-2402,S-20260703-01,Single-Arm Overhead Cable Extension,3,22.5,12.0,,,,3.0,,2.0,1-2,,Tempo 3–1-3; RIR 1-2,7,2026-07-03T18:36:05.753Z,"=IFERROR(INDEX(tbl_Lookup_Exercises[Category],MATCH(tbl_Exercises[[#This Row],[ExerciseName]],tbl_Lookup_Exercises[ExerciseName],0)),""Unknown"")"
E-20260703-2403,S-20260703-01,Single-Arm Overhead Cable Extension,4,22.5,11.0,,,,3.0,,2.0,1-2,,Tempo 3–1-3; RIR 1-2,7,2026-07-03T18:39:27.510Z,"=IFERROR(INDEX(tbl_Lookup_Exercises[Category],MATCH(tbl_Exercises[[#This Row],[ExerciseName]],tbl_Lookup_Exercises[ExerciseName],0)),""Unknown"")"
E-20260703-2404,S-20260703-01,High Cable Tricep Pushdown,1,62.5,11.0,,,,2.0,1.0,2.0,1-2,,Tempo 2-1-2; RIR 1-2,7,2026-07-03T18:41:31.255Z,"=IFERROR(INDEX(tbl_Lookup_Exercises[Category],MATCH(tbl_Exercises[[#This Row],[ExerciseName]],tbl_Lookup_Exercises[ExerciseName],0)),""Unknown"")"
E-20260703-2405,S-20260703-01,High Cable Tricep Pushdown,2,65.0,10.0,,,,2.0,1.0,2.0,1-2,,Tempo 2-1-2; RIR 1-2,7,2026-07-03T18:43:28.504Z,"=IFERROR(INDEX(tbl_Lookup_Exercises[Category],MATCH(tbl_Exercises[[#This Row],[ExerciseName]],tbl_Lookup_Exercises[ExerciseName],0)),""Unknown"")"
E-20260703-2406,S-20260703-01,High Cable Tricep Pushdown,3,67.5,9.0,,,,2.0,1.0,2.0,1,,Tempo 2-1-2; RIR 1,7,2026-07-03T18:45:39.524Z,"=IFERROR(INDEX(tbl_Lookup_Exercises[Category],MATCH(tbl_Exercises[[#This Row],[ExerciseName]],tbl_Lookup_Exercises[ExerciseName],0)),""Unknown"")"
E-20260703-2407,S-20260703-01,High Cable Tricep Pushdown,4,70.0,7.0,,,,2.0,1.0,2.0,1,,Tempo 2-1-2; RIR 1,7,2026-07-03T18:47:58.503Z,"=IFERROR(INDEX(tbl_Lookup_Exercises[Category],MATCH(tbl_Exercises[[#This Row],[ExerciseName]],tbl_Lookup_Exercises[ExerciseName],0)),""Unknown"")"
E-20260703-2408,S-20260703-01,Hammer Curls with Rope and Cable,1,30.0,12.0,,,,2.0,2.0,2.0,1,,Tough! Tempo 2-2-2; RIR 1,7,2026-07-03T18:52:14.190Z,"=IFERROR(INDEX(tbl_Lookup_Exercises[Category],MATCH(tbl_Exercises[[#This Row],[ExerciseName]],tbl_Lookup_Exercises[ExerciseName],0)),""Unknown"")"
E-20260703-2409,S-20260703-01,Hammer Curls with Rope and Cable,2,30.0,9.0,,,,2.0,2.0,2.0,1,,Tough! Tempo 2-2-2; RIR 1,7,2026-07-03T18:55:08.655Z,"=IFERROR(INDEX(tbl_Lookup_Exercises[Category],MATCH(tbl_Exercises[[#This Row],[ExerciseName]],tbl_Lookup_Exercises[ExerciseName],0)),""Unknown"")"
E-20260703-2410,S-20260703-01,Hammer Curls with Rope and Cable,3,30.0,7.0,,,,2.0,2.0,2.0,1,,Tough! Tempo 2-2-2; RIR 1,7,2026-07-03T18:58:14.816Z,"=IFERROR(INDEX(tbl_Lookup_Exercises[Category],MATCH(tbl_Exercises[[#This Row],[ExerciseName]],tbl_Lookup_Exercises[ExerciseName],0)),""Unknown"")"
E-20260703-2411,S-20260703-01,Plate Pinch,1,50.0,,61.2,,,,,,,,61/60=1.0167; slick XULT plates at this Planet Fitness,7,2026-07-03T19:01:51.898Z,"=IFERROR(INDEX(tbl_Lookup_Exercises[Category],MATCH(tbl_Exercises[[#This Row],[ExerciseName]],tbl_Lookup_Exercises[ExerciseName],0)),""Unknown"")"
E-20260703-2412,S-20260703-01,Plate Pinch,2,50.0,,61.800000000000004,,,,,,,,62/60=; slick XULT plates at this Planet Fitness,7,2026-07-03T19:04:19.225Z,"=IFERROR(INDEX(tbl_Lookup_Exercises[Category],MATCH(tbl_Exercises[[#This Row],[ExerciseName]],tbl_Lookup_Exercises[ExerciseName],0)),""Unknown"")"
E-20260703-2413,S-20260703-01,Plate Pinch,3,50.0,,52.8,,,,,,,,53/60=  ; slick XULT plates at this Planet Fitness,7,2026-07-03T19:06:54.238Z,"=IFERROR(INDEX(tbl_Lookup_Exercises[Category],MATCH(tbl_Exercises[[#This Row],[ExerciseName]],tbl_Lookup_Exercises[ExerciseName],0)),""Unknown"")"
E-20260703-2414,S-20260703-01,Dead Hang,1,0.0,,52.2,,,,,,,,52/60=0.867,7,2026-07-03T19:10:00.243Z,"=IFERROR(INDEX(tbl_Lookup_Exercises[Category],MATCH(tbl_Exercises[[#This Row],[ExerciseName]],tbl_Lookup_Exercises[ExerciseName],0)),""Unknown"")"
E-20260703-2415,S-20260703-01,Dead Hang,2,0.0,,48.0,,,,,,,,48/60=0.8,7,2026-07-03T19:12:34.085Z,"=IFERROR(INDEX(tbl_Lookup_Exercises[Category],MATCH(tbl_Exercises[[#This Row],[ExerciseName]],tbl_Lookup_Exercises[ExerciseName],0)),""Unknown"")"
E-20260703-2416,S-20260703-01,Rowing,1,,,469.0,2.0,km,,,,,,Athletic capacity finish ,7,2026-07-03T19:23:28.393Z,"=IFERROR(INDEX(tbl_Lookup_Exercises[Category],MATCH(tbl_Exercises[[#This Row],[ExerciseName]],tbl_Lookup_Exercises[ExerciseName],0)),""Unknown"")"
E-20260705-2417,S-20260705-01,Treadmill Walking,1,,,364.0,0.69,km,,,,,,"4.3 mph, incline 5%",8,2026-07-05T15:23:34.572Z,"=IFERROR(INDEX(tbl_Lookup_Exercises[Category],MATCH(tbl_Exercises[[#This Row],[ExerciseName]],tbl_Lookup_Exercises[ExerciseName],0)),""Unknown"")"
E-20260705-2418,S-20260705-01,Band Pull Aparts,1,0.0,15.0,,,,,,,,,Red band,8,2026-07-05T15:28:04.334Z,"=IFERROR(INDEX(tbl_Lookup_Exercises[Category],MATCH(tbl_Exercises[[#This Row],[ExerciseName]],tbl_Lookup_Exercises[ExerciseName],0)),""Unknown"")"
E-20260705-2419,S-20260705-01,Band External Rotations,1,0.0,12.0,,,,,,,,,Red band,8,2026-07-05T15:28:10.726Z,"=IFERROR(INDEX(tbl_Lookup_Exercises[Category],MATCH(tbl_Exercises[[#This Row],[ExerciseName]],tbl_Lookup_Exercises[ExerciseName],0)),""Unknown"")"
E-20260705-2420,S-20260705-01,Serratus Wall Slides (banded),1,0.0,8.0,,,,,,,,,Red band,8,2026-07-05T15:28:17.486Z,"=IFERROR(INDEX(tbl_Lookup_Exercises[Category],MATCH(tbl_Exercises[[#This Row],[ExerciseName]],tbl_Lookup_Exercises[ExerciseName],0)),""Unknown"")"
E-20260705-2421,S-20260705-01,Cat-Camel,1,0.0,10.0,,,,,,,,,Extend and depress shoulder girdle ,8,2026-07-05T15:29:43.179Z,"=IFERROR(INDEX(tbl_Lookup_Exercises[Category],MATCH(tbl_Exercises[[#This Row],[ExerciseName]],tbl_Lookup_Exercises[ExerciseName],0)),""Unknown"")"
E-20260705-2422,S-20260705-01,Band Pull Aparts,2,0.0,15.0,,,,,,,,,Red band,8,2026-07-05T15:34:44.431Z,"=IFERROR(INDEX(tbl_Lookup_Exercises[Category],MATCH(tbl_Exercises[[#This Row],[ExerciseName]],tbl_Lookup_Exercises[ExerciseName],0)),""Unknown"")"
E-20260705-2423,S-20260705-01,Band External Rotations,2,0.0,12.0,,,,,,,,,Red band,8,2026-07-05T15:34:46.316Z,"=IFERROR(INDEX(tbl_Lookup_Exercises[Category],MATCH(tbl_Exercises[[#This Row],[ExerciseName]],tbl_Lookup_Exercises[ExerciseName],0)),""Unknown"")"
E-20260705-2424,S-20260705-01,Serratus Wall Slides (banded),2,0.0,8.0,,,,,,,,,Red band,8,2026-07-05T15:34:49.529Z,"=IFERROR(INDEX(tbl_Lookup_Exercises[Category],MATCH(tbl_Exercises[[#This Row],[ExerciseName]],tbl_Lookup_Exercises[ExerciseName],0)),""Unknown"")"
E-20260705-2425,S-20260705-01,Cat-Camel,2,0.0,10.0,,,,,,,,,Extend and depress shoulder girdle ,8,2026-07-05T15:34:51.352Z,"=IFERROR(INDEX(tbl_Lookup_Exercises[Category],MATCH(tbl_Exercises[[#This Row],[ExerciseName]],tbl_Lookup_Exercises[ExerciseName],0)),""Unknown"")"
E-20260705-2426,S-20260705-01,Dead Hang,1,0.0,,30.0,,,,,,,,30 seconds ,8,2026-07-05T15:35:55.730Z,"=IFERROR(INDEX(tbl_Lookup_Exercises[Category],MATCH(tbl_Exercises[[#This Row],[ExerciseName]],tbl_Lookup_Exercises[ExerciseName],0)),""Unknown"")"
E-20260705-2427,S-20260705-01,Farmer's Walk,1,150.0,,75.0,,,,,,,,"2 mph, 0.5% incline",8,2026-07-05T15:40:04.646Z,"=IFERROR(INDEX(tbl_Lookup_Exercises[Category],MATCH(tbl_Exercises[[#This Row],[ExerciseName]],tbl_Lookup_Exercises[ExerciseName],0)),""Unknown"")"
E-20260705-2428,S-20260705-01,Farmer's Walk,2,150.0,,64.80000000000001,,,,,,,,"2 mph, 0.5% incline; 65/60=1.0833",8,2026-07-05T15:43:31.392Z,"=IFERROR(INDEX(tbl_Lookup_Exercises[Category],MATCH(tbl_Exercises[[#This Row],[ExerciseName]],tbl_Lookup_Exercises[ExerciseName],0)),""Unknown"")"
E-20260705-2429,S-20260705-01,Farmer's Walk,3,150.0,,55.2,,,,,,,,"2 mph, 0.5% incline; 55/60=0.917",8,2026-07-05T15:46:38.610Z,"=IFERROR(INDEX(tbl_Lookup_Exercises[Category],MATCH(tbl_Exercises[[#This Row],[ExerciseName]],tbl_Lookup_Exercises[ExerciseName],0)),""Unknown"")"
E-20260705-2430,S-20260705-01,Farmer's Walk,4,150.0,,49.199999999999996,,,,,,,,"2 mph, 0.5% incline; 49/60=0.817",8,2026-07-05T15:49:49.892Z,"=IFERROR(INDEX(tbl_Lookup_Exercises[Category],MATCH(tbl_Exercises[[#This Row],[ExerciseName]],tbl_Lookup_Exercises[ExerciseName],0)),""Unknown"")"
E-20260705-2431,S-20260705-01,Farmer's Walk,5,150.0,,49.199999999999996,,,,,,,,"2 mph, 0.5% incline; 49/60=0.817",8,2026-07-05T15:52:55.810Z,"=IFERROR(INDEX(tbl_Lookup_Exercises[Category],MATCH(tbl_Exercises[[#This Row],[ExerciseName]],tbl_Lookup_Exercises[ExerciseName],0)),""Unknown"")"
E-20260705-2432,S-20260705-01,Machine Row,1,190.0,10.0,,,,3.0,1.0,2.0,2,,"Tempo 3-1-2; RIR 2; chest pad at 7, seat at 5 (LifeFitness machine)",8,2026-07-05T15:57:42.419Z,"=IFERROR(INDEX(tbl_Lookup_Exercises[Category],MATCH(tbl_Exercises[[#This Row],[ExerciseName]],tbl_Lookup_Exercises[ExerciseName],0)),""Unknown"")"
E-20260705-2433,S-20260705-01,Machine Row,2,195.0,9.0,,,,3.0,1.0,2.0,1-2,,"Tempo 3-1-2; RIR 1-2; chest pad at 7, seat at 5 (LifeFitness machine)",8,2026-07-05T15:59:49.641Z,"=IFERROR(INDEX(tbl_Lookup_Exercises[Category],MATCH(tbl_Exercises[[#This Row],[ExerciseName]],tbl_Lookup_Exercises[ExerciseName],0)),""Unknown"")"
E-20260705-2434,S-20260705-01,Machine Row,3,200.0,7.0,,,,3.0,1.0,2.0,1-2,,"Tempo 3-1-2; RIR 1-2; chest pad at 7, seat at 5 (LifeFitness machine)",8,2026-07-05T16:01:53.472Z,"=IFERROR(INDEX(tbl_Lookup_Exercises[Category],MATCH(tbl_Exercises[[#This Row],[ExerciseName]],tbl_Lookup_Exercises[ExerciseName],0)),""Unknown"")"
E-20260705-2435,S-20260705-01,Machine Row,4,200.0,6.5,,,,3.0,1.0,2.0,1-2,,"Tempo 3-1-2; RIR 1-2; chest pad at 7, seat at 5 (LifeFitness machine)",8,2026-07-05T16:05:00.181Z,"=IFERROR(INDEX(tbl_Lookup_Exercises[Category],MATCH(tbl_Exercises[[#This Row],[ExerciseName]],tbl_Lookup_Exercises[ExerciseName],0)),""Unknown"")"
E-20260705-2436,S-20260705-01,Single-Arm Neutral Grip Cable Pulldown,1,50.0,12.0,,,,2.0,1.0,3.0,2,,Strict tempo 2-1-3; RIR 2; grip/forearms have some lactic acid build up,8,2026-07-05T16:09:11.120Z,"=IFERROR(INDEX(tbl_Lookup_Exercises[Category],MATCH(tbl_Exercises[[#This Row],[ExerciseName]],tbl_Lookup_Exercises[ExerciseName],0)),""Unknown"")"
E-20260705-2437,S-20260705-01,Single-Arm Neutral Grip Cable Pulldown,2,70.0,11.0,,,,2.0,1.0,3.0,1-2,,Strict tempo 2-1-3; RIR 1-2; grip/forearms have some lactic acid build up,8,2026-07-05T16:12:25.923Z,"=IFERROR(INDEX(tbl_Lookup_Exercises[Category],MATCH(tbl_Exercises[[#This Row],[ExerciseName]],tbl_Lookup_Exercises[ExerciseName],0)),""Unknown"")"
E-20260705-2438,S-20260705-01,Single-Arm Neutral Grip Cable Pulldown,3,70.0,10.0,,,,2.0,1.0,3.0,1-2,,Strict tempo 2-1-3; RIR 1-2; grip/forearms have some lactic acid build up,8,2026-07-05T16:15:45.233Z,"=IFERROR(INDEX(tbl_Lookup_Exercises[Category],MATCH(tbl_Exercises[[#This Row],[ExerciseName]],tbl_Lookup_Exercises[ExerciseName],0)),""Unknown"")"
E-20260705-2439,S-20260705-01,Incline Dumbbell Curl (Supinated),1,25.0,12.0,,,,2.0,1.0,3.0,1-2,,Tempo 2-1-3; RIR 1-2; forearms are tired; Matrix adjustable bench at 3 (~30 degrees); tempo ,8,2026-07-05T16:20:24.681Z,"=IFERROR(INDEX(tbl_Lookup_Exercises[Category],MATCH(tbl_Exercises[[#This Row],[ExerciseName]],tbl_Lookup_Exercises[ExerciseName],0)),""Unknown"")"
E-20260705-2440,S-20260705-01,Incline Dumbbell Curl (Supinated),2,25.0,10.0,,,,2.0,1.0,3.0,1-2,,Wrist on left began to break form; Tempo 2-1-3; RIR 1-2; forearms are tired; Matrix adjustable bench at 3 (~30 degrees); tempo ,8,2026-07-05T16:22:58.930Z,"=IFERROR(INDEX(tbl_Lookup_Exercises[Category],MATCH(tbl_Exercises[[#This Row],[ExerciseName]],tbl_Lookup_Exercises[ExerciseName],0)),""Unknown"")"
E-20260705-2441,S-20260705-01,Incline Dumbbell Curl (Supinated),3,25.0,9.0,,,,2.0,1.0,3.0,1-2,,Wrist on left began to break form; Tempo 2-1-3; RIR 1-2; forearms are tired; Matrix adjustable bench at 3 (~30 degrees); tempo ,8,2026-07-05T16:25:40.662Z,"=IFERROR(INDEX(tbl_Lookup_Exercises[Category],MATCH(tbl_Exercises[[#This Row],[ExerciseName]],tbl_Lookup_Exercises[ExerciseName],0)),""Unknown"")"
E-20260705-2442,S-20260705-01,Face Pull,1,30.0,15.0,,,,2.0,2.0,2.0,2,,Tempo 2-2-2; RIR 2,8,2026-07-05T16:28:17.597Z,"=IFERROR(INDEX(tbl_Lookup_Exercises[Category],MATCH(tbl_Exercises[[#This Row],[ExerciseName]],tbl_Lookup_Exercises[ExerciseName],0)),""Unknown"")"
E-20260705-2443,S-20260705-01,Face Pull,2,30.0,15.0,,,,2.0,2.0,3.0,2,,Tempo 2-2-3; RIR 2,8,2026-07-05T16:30:28.368Z,"=IFERROR(INDEX(tbl_Lookup_Exercises[Category],MATCH(tbl_Exercises[[#This Row],[ExerciseName]],tbl_Lookup_Exercises[ExerciseName],0)),""Unknown"")"
E-20260705-2444,S-20260705-01,Face Pull,3,35.0,15.0,,,,2.0,2.0,3.0,2,,Tempo 2-2-3; RIR 2,8,2026-07-05T16:33:02.279Z,"=IFERROR(INDEX(tbl_Lookup_Exercises[Category],MATCH(tbl_Exercises[[#This Row],[ExerciseName]],tbl_Lookup_Exercises[ExerciseName],0)),""Unknown"")"
E-20260705-2445,S-20260705-01,Rowing,1,,,166.0,0.75,km,,,,,,56 strokes,8,2026-07-05T16:38:06.595Z,"=IFERROR(INDEX(tbl_Lookup_Exercises[Category],MATCH(tbl_Exercises[[#This Row],[ExerciseName]],tbl_Lookup_Exercises[ExerciseName],0)),""Unknown"")"
E-20260706-2446,S-20260706-01,Treadmill Walking,1,,,363.0,0.69,km,,,,,,"4.3 mph, 5% incline ",8,2026-07-06T17:16:39.000Z,"=IFERROR(INDEX(tbl_Lookup_Exercises[Category],MATCH(tbl_Exercises[[#This Row],[ExerciseName]],tbl_Lookup_Exercises[ExerciseName],0)),""Unknown"")"
E-20260706-2447,S-20260706-01,Band Pull Aparts,1,0.0,15.0,,,,,,,,,Red band ,8,2026-07-06T17:26:38.000Z,"=IFERROR(INDEX(tbl_Lookup_Exercises[Category],MATCH(tbl_Exercises[[#This Row],[ExerciseName]],tbl_Lookup_Exercises[ExerciseName],0)),""Unknown"")"
E-20260706-2448,S-20260706-01,Band External Rotations,1,0.0,12.0,,,,,,,,,Red band,8,2026-07-06T17:26:45.000Z,"=IFERROR(INDEX(tbl_Lookup_Exercises[Category],MATCH(tbl_Exercises[[#This Row],[ExerciseName]],tbl_Lookup_Exercises[ExerciseName],0)),""Unknown"")"
E-20260706-2449,S-20260706-01,Serratus Wall Slides (banded),1,0.0,8.0,,,,,,,,,Red band ,8,2026-07-06T17:26:52.000Z,"=IFERROR(INDEX(tbl_Lookup_Exercises[Category],MATCH(tbl_Exercises[[#This Row],[ExerciseName]],tbl_Lookup_Exercises[ExerciseName],0)),""Unknown"")"
E-20260706-2450,S-20260706-01,Scap Push Ups,1,0.0,10.0,,,,,,,,,,8,2026-07-06T17:26:55.000Z,"=IFERROR(INDEX(tbl_Lookup_Exercises[Category],MATCH(tbl_Exercises[[#This Row],[ExerciseName]],tbl_Lookup_Exercises[ExerciseName],0)),""Unknown"")"
E-20260706-2451,S-20260706-01,Band Pull Aparts,2,0.0,15.0,,,,,,,,,Red band ,8,2026-07-06T17:26:59.000Z,"=IFERROR(INDEX(tbl_Lookup_Exercises[Category],MATCH(tbl_Exercises[[#This Row],[ExerciseName]],tbl_Lookup_Exercises[ExerciseName],0)),""Unknown"")"
E-20260706-2452,S-20260706-01,Band External Rotations,2,0.0,12.0,,,,,,,,,Red band,8,2026-07-06T17:27:00.000Z,"=IFERROR(INDEX(tbl_Lookup_Exercises[Category],MATCH(tbl_Exercises[[#This Row],[ExerciseName]],tbl_Lookup_Exercises[ExerciseName],0)),""Unknown"")"
E-20260706-2453,S-20260706-01,Serratus Wall Slides (banded),2,0.0,8.0,,,,,,,,,Red band ,8,2026-07-06T17:27:06.000Z,"=IFERROR(INDEX(tbl_Lookup_Exercises[Category],MATCH(tbl_Exercises[[#This Row],[ExerciseName]],tbl_Lookup_Exercises[ExerciseName],0)),""Unknown"")"
E-20260706-2454,S-20260706-01,Scap Push Ups,2,0.0,10.0,,,,,,,,,,8,2026-07-06T17:27:07.000Z,"=IFERROR(INDEX(tbl_Lookup_Exercises[Category],MATCH(tbl_Exercises[[#This Row],[ExerciseName]],tbl_Lookup_Exercises[ExerciseName],0)),""Unknown"")"
E-20260706-2455,S-20260706-01,Single Arm Cable Press (split stance),1,15.0,10.0,,,,,,,,,Light w slow and controlled tempo,8,2026-07-06T17:29:23.000Z,"=IFERROR(INDEX(tbl_Lookup_Exercises[Category],MATCH(tbl_Exercises[[#This Row],[ExerciseName]],tbl_Lookup_Exercises[ExerciseName],0)),""Unknown"")"
E-20260706-2456,S-20260706-01,Neutral Grip Dumbbell Floor Press,1,110.0,9.0,,,,3.0,1.0,2.0,1-2,,Tempo strict 3-1-2; RIR 1-2; re focusing on strict tempo with phase 8,8,2026-07-06T17:32:47.000Z,"=IFERROR(INDEX(tbl_Lookup_Exercises[Category],MATCH(tbl_Exercises[[#This Row],[ExerciseName]],tbl_Lookup_Exercises[ExerciseName],0)),""Unknown"")"
E-20260706-2457,S-20260706-01,Neutral Grip Dumbbell Floor Press,2,120.0,9.0,,,,3.0,1.0,2.0,2,,Tempo strict 3-1-2; RIR 2; re focusing on strict tempo with phase 8,8,2026-07-06T17:37:15.000Z,"=IFERROR(INDEX(tbl_Lookup_Exercises[Category],MATCH(tbl_Exercises[[#This Row],[ExerciseName]],tbl_Lookup_Exercises[ExerciseName],0)),""Unknown"")"
E-20260706-2458,S-20260706-01,Neutral Grip Dumbbell Floor Press,3,130.0,7.0,,,,3.0,1.0,2.0,1-2,,Tempo strict 3-1-2; RIR 1-2; re focusing on strict tempo with phase 8,8,2026-07-06T17:41:01.000Z,"=IFERROR(INDEX(tbl_Lookup_Exercises[Category],MATCH(tbl_Exercises[[#This Row],[ExerciseName]],tbl_Lookup_Exercises[ExerciseName],0)),""Unknown"")"
E-20260706-2459,S-20260706-01,Neutral Grip Dumbbell Floor Press,4,130.0,6.0,,,,3.0,1.0,2.0,1-2,,Slight anterior awareness/tighness on right; Tempo strict 3-1-2; RIR 1-2; re focusing on strict tempo with phase 8,8,2026-07-06T17:45:09.000Z,"=IFERROR(INDEX(tbl_Lookup_Exercises[Category],MATCH(tbl_Exercises[[#This Row],[ExerciseName]],tbl_Lookup_Exercises[ExerciseName],0)),""Unknown"")"
E-20260706-2460,S-20260706-01,Machine Chest Press,1,40.0,10.0,,,,2.0,2.0,2.0,5,,"LifeFitness machine; Seat at 3, handles at 2; Warmup: Tempo 2-2-2; RIR 5",8,2026-07-06T17:48:06.000Z,"=IFERROR(INDEX(tbl_Lookup_Exercises[Category],MATCH(tbl_Exercises[[#This Row],[ExerciseName]],tbl_Lookup_Exercises[ExerciseName],0)),""Unknown"")"
E-20260706-2461,S-20260706-01,Machine Chest Press,2,85.0,10.0,,,,3.0,1.0,2.0,2,,Tempo 3-1-2; RIR 2,8,2026-07-06T17:50:11.000Z,"=IFERROR(INDEX(tbl_Lookup_Exercises[Category],MATCH(tbl_Exercises[[#This Row],[ExerciseName]],tbl_Lookup_Exercises[ExerciseName],0)),""Unknown"")"
E-20260706-2462,S-20260706-01,Machine Chest Press,3,90.0,9.0,,,,3.0,1.0,2.0,2,,Tempo 3-1-2; RIR 2,8,2026-07-06T17:52:56.000Z,"=IFERROR(INDEX(tbl_Lookup_Exercises[Category],MATCH(tbl_Exercises[[#This Row],[ExerciseName]],tbl_Lookup_Exercises[ExerciseName],0)),""Unknown"")"
E-20260706-2463,S-20260706-01,Machine Chest Press,4,95.0,8.0,,,,3.0,1.0,2.0,1-2,,Tempo 3-1-2; RIR 1-2,8,2026-07-06T17:55:29.000Z,"=IFERROR(INDEX(tbl_Lookup_Exercises[Category],MATCH(tbl_Exercises[[#This Row],[ExerciseName]],tbl_Lookup_Exercises[ExerciseName],0)),""Unknown"")"
E-20260706-2464,S-20260706-01,Cable High To Mid Fly,1,30.0,10.0,,,,2.0,2.0,2.0,2,,15 lbs per hand; Tempo 2-2-2; RIR 2; very tight at right extension,8,2026-07-06T17:59:36.000Z,"=IFERROR(INDEX(tbl_Lookup_Exercises[Category],MATCH(tbl_Exercises[[#This Row],[ExerciseName]],tbl_Lookup_Exercises[ExerciseName],0)),""Unknown"")"
E-20260706-2465,S-20260706-01,Cable High To Mid Fly,2,30.0,9.0,,,,2.0,1.0,3.0,2,,15 lbs per hand; Tempo 2-1-3; RIR 2; very tight at right extension,8,2026-07-06T18:02:16.000Z,"=IFERROR(INDEX(tbl_Lookup_Exercises[Category],MATCH(tbl_Exercises[[#This Row],[ExerciseName]],tbl_Lookup_Exercises[ExerciseName],0)),""Unknown"")"
E-20260706-2466,S-20260706-01,Cable High To Mid Fly,3,30.0,9.0,,,,2.0,1.0,3.0,2,,15 lbs per hand; Tempo 2-1-3; RIR 2; very tight at right extension,8,2026-07-06T18:04:46.000Z,"=IFERROR(INDEX(tbl_Lookup_Exercises[Category],MATCH(tbl_Exercises[[#This Row],[ExerciseName]],tbl_Lookup_Exercises[ExerciseName],0)),""Unknown"")"
E-20260706-2467,S-20260706-01,Seated Neutral Grip DB Overhead Press,1,20.0,10.0,,,,2.0,1.0,3.0,3+,,Tempo 2-1-3; RIR 3+; Right Very tight after flys; 10 lbs per hand,8,2026-07-06T18:08:15.000Z,"=IFERROR(INDEX(tbl_Lookup_Exercises[Category],MATCH(tbl_Exercises[[#This Row],[ExerciseName]],tbl_Lookup_Exercises[ExerciseName],0)),""Unknown"")"
E-20260706-2468,S-20260706-01,Seated Neutral Grip DB Overhead Press,2,30.0,10.0,,,,2.0,1.0,3.0,2+,,Tempo 2-1-3; RIR 2+; Right Very tight after flys; 15 lbs per hand,8,2026-07-06T18:10:57.000Z,"=IFERROR(INDEX(tbl_Lookup_Exercises[Category],MATCH(tbl_Exercises[[#This Row],[ExerciseName]],tbl_Lookup_Exercises[ExerciseName],0)),""Unknown"")"
E-20260706-2469,S-20260706-01,Seated Neutral Grip DB Overhead Press,3,40.0,10.0,,,,2.0,1.0,3.0,2+,,Tempo 2-1-3; RIR 2+; Right Very tight after flys; 20 lbs per hand,8,2026-07-06T18:13:43.000Z,"=IFERROR(INDEX(tbl_Lookup_Exercises[Category],MATCH(tbl_Exercises[[#This Row],[ExerciseName]],tbl_Lookup_Exercises[ExerciseName],0)),""Unknown"")"
E-20260706-2470,S-20260706-01,Single-Arm Overhead Cable Extension,1,22.5,9.0,,,,3.0,1.0,3.0,1-2,,Tempo 3-1-3; RIR 1-2,8,2026-07-06T18:17:49.000Z,"=IFERROR(INDEX(tbl_Lookup_Exercises[Category],MATCH(tbl_Exercises[[#This Row],[ExerciseName]],tbl_Lookup_Exercises[ExerciseName],0)),""Unknown"")"
E-20260706-2471,S-20260706-01,Single-Arm Overhead Cable Extension,2,22.5,9.0,,,,2.0,1.0,3.0,1-2,,Tempo 2-1-3; RIR 1-2,8,2026-07-06T18:20:41.000Z,"=IFERROR(INDEX(tbl_Lookup_Exercises[Category],MATCH(tbl_Exercises[[#This Row],[ExerciseName]],tbl_Lookup_Exercises[ExerciseName],0)),""Unknown"")"
E-20260706-2472,S-20260706-01,Single-Arm Overhead Cable Extension,3,22.5,8.0,,,,2.0,1.0,3.0,1-2,,Tempo 2-1-3; RIR 1-2,8,2026-07-06T18:23:29.000Z,"=IFERROR(INDEX(tbl_Lookup_Exercises[Category],MATCH(tbl_Exercises[[#This Row],[ExerciseName]],tbl_Lookup_Exercises[ExerciseName],0)),""Unknown"")"
E-20260706-2473,S-20260706-01,High Cable Tricep Pushdown,1,62.5,10.0,,,,,,,1-2,,Warmup; 2-1-2; RIR 1-2,8,2026-07-06T18:25:20.000Z,"=IFERROR(INDEX(tbl_Lookup_Exercises[Category],MATCH(tbl_Exercises[[#This Row],[ExerciseName]],tbl_Lookup_Exercises[ExerciseName],0)),""Unknown"")"
E-20260706-2474,S-20260706-01,High Cable Tricep Pushdown,2,62.5,8.0,,,,,,,1-2,,Working; 2-1-3; RIR 1-2,8,2026-07-06T18:28:32.000Z,"=IFERROR(INDEX(tbl_Lookup_Exercises[Category],MATCH(tbl_Exercises[[#This Row],[ExerciseName]],tbl_Lookup_Exercises[ExerciseName],0)),""Unknown"")"
E-20260706-2475,S-20260706-01,High Cable Tricep Pushdown,3,62.5,8.0,,,,,,,1-2,,Working; 2-1-3; RIR 1-2,8,2026-07-06T18:29:29.000Z,"=IFERROR(INDEX(tbl_Lookup_Exercises[Category],MATCH(tbl_Exercises[[#This Row],[ExerciseName]],tbl_Lookup_Exercises[ExerciseName],0)),""Unknown"")"
E-20260706-2476,S-20260706-01,High Cable Tricep Pushdown,4,62.5,7.0,,,,,,,1-2,,Working; 2-1-3; RIR 1-2,8,2026-07-06T18:31:19.000Z,"=IFERROR(INDEX(tbl_Lookup_Exercises[Category],MATCH(tbl_Exercises[[#This Row],[ExerciseName]],tbl_Lookup_Exercises[ExerciseName],0)),""Unknown"")"
E-20260706-2477,S-20260706-01,Endless Rope,1,,,20.0,0.0,km,,,,,,20 sec hard ; 40 sec rest,8,2026-07-06T18:38:39.000Z,"=IFERROR(INDEX(tbl_Lookup_Exercises[Category],MATCH(tbl_Exercises[[#This Row],[ExerciseName]],tbl_Lookup_Exercises[ExerciseName],0)),""Unknown"")"
E-20260706-2478,S-20260706-01,Endless Rope,2,,,20.0,0.0,km,,,,,,20 sec hard ; 40 sec rest,8,2026-07-06T18:38:41.000Z,"=IFERROR(INDEX(tbl_Lookup_Exercises[Category],MATCH(tbl_Exercises[[#This Row],[ExerciseName]],tbl_Lookup_Exercises[ExerciseName],0)),""Unknown"")"
E-20260706-2479,S-20260706-01,Endless Rope,3,,,20.0,0.0,km,,,,,,20 sec hard ; 40 sec rest,8,2026-07-06T18:39:33.614Z,"=IFERROR(INDEX(tbl_Lookup_Exercises[Category],MATCH(tbl_Exercises[[#This Row],[ExerciseName]],tbl_Lookup_Exercises[ExerciseName],0)),""Unknown"")"
E-20260706-2480,S-20260706-01,Endless Rope,4,,,20.0,0.0,km,,,,,,20 sec hard ; 40 sec rest,8,2026-07-06T18:39:34.471Z,"=IFERROR(INDEX(tbl_Lookup_Exercises[Category],MATCH(tbl_Exercises[[#This Row],[ExerciseName]],tbl_Lookup_Exercises[ExerciseName],0)),""Unknown"")"
E-20260706-2481,S-20260706-01,Endless Rope,5,,,20.0,0.0,km,,,,,,20 sec hard ; 40 sec rest,8,2026-07-06T18:39:35.086Z,"=IFERROR(INDEX(tbl_Lookup_Exercises[Category],MATCH(tbl_Exercises[[#This Row],[ExerciseName]],tbl_Lookup_Exercises[ExerciseName],0)),""Unknown"")"
E-20260706-2482,S-20260706-01,Endless Rope,6,,,20.0,0.0,km,,,,,,20 sec hard ; 40 sec rest,8,2026-07-06T18:39:35.989Z,"=IFERROR(INDEX(tbl_Lookup_Exercises[Category],MATCH(tbl_Exercises[[#This Row],[ExerciseName]],tbl_Lookup_Exercises[ExerciseName],0)),""Unknown"")"
E-20260707-2483,S-20260707-01,Treadmill Walking,1,,,300.0,0.57,km,,,,,,Warmup: 4.3 mph 5% incline ,8,2026-07-07T19:54:28.000Z,"=IFERROR(INDEX(tbl_Lookup_Exercises[Category],MATCH(tbl_Exercises[[#This Row],[ExerciseName]],tbl_Lookup_Exercises[ExerciseName],0)),""Unknown"")"
E-20260707-2484,S-20260707-01,Prisoners Squat,1,0.0,10.0,,,,,,,,,,8,2026-07-07T20:01:51.000Z,"=IFERROR(INDEX(tbl_Lookup_Exercises[Category],MATCH(tbl_Exercises[[#This Row],[ExerciseName]],tbl_Lookup_Exercises[ExerciseName],0)),""Unknown"")"
E-20260707-2485,S-20260707-01,Hip Hinge,1,0.0,10.0,,,,,,,,,,8,2026-07-07T20:01:56.000Z,"=IFERROR(INDEX(tbl_Lookup_Exercises[Category],MATCH(tbl_Exercises[[#This Row],[ExerciseName]],tbl_Lookup_Exercises[ExerciseName],0)),""Unknown"")"
E-20260707-2486,S-20260707-01,Walking Lunges,1,0.0,,8.0,,,,,,,,Per leg,8,2026-07-07T20:02:07.000Z,"=IFERROR(INDEX(tbl_Lookup_Exercises[Category],MATCH(tbl_Exercises[[#This Row],[ExerciseName]],tbl_Lookup_Exercises[ExerciseName],0)),""Unknown"")"
E-20260707-2487,S-20260707-01,Glute Extension,1,0.0,10.0,,,,,,,,,,8,2026-07-07T20:03:10.000Z,"=IFERROR(INDEX(tbl_Lookup_Exercises[Category],MATCH(tbl_Exercises[[#This Row],[ExerciseName]],tbl_Lookup_Exercises[ExerciseName],0)),""Unknown"")"
E-20260707-2488,S-20260707-01,Standing Calf Raise,1,0.0,15.0,,,,,,,,,,8,2026-07-07T20:03:13.000Z,"=IFERROR(INDEX(tbl_Lookup_Exercises[Category],MATCH(tbl_Exercises[[#This Row],[ExerciseName]],tbl_Lookup_Exercises[ExerciseName],0)),""Unknown"")"
E-20260707-2489,S-20260707-01,Prisoners Squat,2,0.0,10.0,,,,,,,,,,8,2026-07-07T20:03:17.000Z,"=IFERROR(INDEX(tbl_Lookup_Exercises[Category],MATCH(tbl_Exercises[[#This Row],[ExerciseName]],tbl_Lookup_Exercises[ExerciseName],0)),""Unknown"")"
E-20260707-2490,S-20260707-01,Hip Hinge,2,0.0,10.0,,,,,,,,,,8,2026-07-07T20:03:18.000Z,"=IFERROR(INDEX(tbl_Lookup_Exercises[Category],MATCH(tbl_Exercises[[#This Row],[ExerciseName]],tbl_Lookup_Exercises[ExerciseName],0)),""Unknown"")"
E-20260707-2491,S-20260707-01,Walking Lunges,2,0.0,,8.0,,,,,,,,Per leg,8,2026-07-07T20:03:20.000Z,"=IFERROR(INDEX(tbl_Lookup_Exercises[Category],MATCH(tbl_Exercises[[#This Row],[ExerciseName]],tbl_Lookup_Exercises[ExerciseName],0)),""Unknown"")"
E-20260707-2492,S-20260707-01,Glute Extension,2,0.0,10.0,,,,,,,,,,8,2026-07-07T20:04:00.000Z,"=IFERROR(INDEX(tbl_Lookup_Exercises[Category],MATCH(tbl_Exercises[[#This Row],[ExerciseName]],tbl_Lookup_Exercises[ExerciseName],0)),""Unknown"")"
E-20260707-2493,S-20260707-01,Standing Calf Raise,2,0.0,15.0,,,,,,,,,,8,2026-07-07T20:04:38.000Z,"=IFERROR(INDEX(tbl_Lookup_Exercises[Category],MATCH(tbl_Exercises[[#This Row],[ExerciseName]],tbl_Lookup_Exercises[ExerciseName],0)),""Unknown"")"
E-20260707-2494,S-20260707-01,Goblet Squat,1,65.0,10.0,,,,3.0,1.0,2.0,2,,Tempo 3-1-2; RIR 2,8,2026-07-07T20:07:53.000Z,"=IFERROR(INDEX(tbl_Lookup_Exercises[Category],MATCH(tbl_Exercises[[#This Row],[ExerciseName]],tbl_Lookup_Exercises[ExerciseName],0)),""Unknown"")"
E-20260707-2495,S-20260707-01,Goblet Squat,2,70.0,10.0,,,,3.0,1.0,2.0,2,,Tempo 3-1-2; RIR 2,8,2026-07-07T20:11:18.000Z,"=IFERROR(INDEX(tbl_Lookup_Exercises[Category],MATCH(tbl_Exercises[[#This Row],[ExerciseName]],tbl_Lookup_Exercises[ExerciseName],0)),""Unknown"")"
E-20260707-2496,S-20260707-01,Goblet Squat,3,75.0,10.0,,,,3.0,1.0,2.0,1-2,,Tempo 3-1-2; RIR 1-2,8,2026-07-07T20:14:52.000Z,"=IFERROR(INDEX(tbl_Lookup_Exercises[Category],MATCH(tbl_Exercises[[#This Row],[ExerciseName]],tbl_Lookup_Exercises[ExerciseName],0)),""Unknown"")"
E-20260707-2497,S-20260707-01,Goblet Squat,4,75.0,8.0,,,,3.0,1.0,2.0,1-2,,Lower back beginning to feel a little fatigue; Tempo 3-1-2; RIR 1-2,8,2026-07-07T20:17:56.000Z,"=IFERROR(INDEX(tbl_Lookup_Exercises[Category],MATCH(tbl_Exercises[[#This Row],[ExerciseName]],tbl_Lookup_Exercises[ExerciseName],0)),""Unknown"")"
E-20260707-2498,S-20260707-01,Dumbbell Romanian Deadlift,1,150.0,10.0,,,,3.0,1.0,2.0,2+,,Tempo 3-1-2; RIR 2+,8,2026-07-07T20:20:31.000Z,"=IFERROR(INDEX(tbl_Lookup_Exercises[Category],MATCH(tbl_Exercises[[#This Row],[ExerciseName]],tbl_Lookup_Exercises[ExerciseName],0)),""Unknown"")"
E-20260707-2499,S-20260707-01,Dumbbell Romanian Deadlift,2,150.0,10.0,,,,3.0,1.0,2.0,2+,,Tempo 3-1-2; RIR 2+,8,2026-07-07T20:23:31.000Z,"=IFERROR(INDEX(tbl_Lookup_Exercises[Category],MATCH(tbl_Exercises[[#This Row],[ExerciseName]],tbl_Lookup_Exercises[ExerciseName],0)),""Unknown"")"
E-20260707-2500,S-20260707-01,Dumbbell Romanian Deadlift,3,150.0,11.0,,,,3.0,1.0,2.0,1-2,,Tempo 3-1-2; RIR 1-2,8,2026-07-07T20:26:32.000Z,"=IFERROR(INDEX(tbl_Lookup_Exercises[Category],MATCH(tbl_Exercises[[#This Row],[ExerciseName]],tbl_Lookup_Exercises[ExerciseName],0)),""Unknown"")"
E-20260707-2501,S-20260707-01,Farmer's Walk,1,150.0,,60.0,,,,,,,,"2 mph, 0.5% incline; forearms fatigue from RDLs",8,2026-07-07T20:31:04.000Z,"=IFERROR(INDEX(tbl_Lookup_Exercises[Category],MATCH(tbl_Exercises[[#This Row],[ExerciseName]],tbl_Lookup_Exercises[ExerciseName],0)),""Unknown"")"
E-20260707-2502,S-20260707-01,Farmer's Walk,2,150.0,,49.8,,,,,,,,"50/60=   2 mph, 0.5% incline; forearms fatigue from RDLs",8,2026-07-07T20:33:50.000Z,"=IFERROR(INDEX(tbl_Lookup_Exercises[Category],MATCH(tbl_Exercises[[#This Row],[ExerciseName]],tbl_Lookup_Exercises[ExerciseName],0)),""Unknown"")"
E-20260707-2503,S-20260707-01,Farmer's Walk,3,150.0,,48.0,,,,,,,,"48/60=   2 mph, 0.5% incline; forearms fatigue from RDLs",8,2026-07-07T20:36:39.000Z,"=IFERROR(INDEX(tbl_Lookup_Exercises[Category],MATCH(tbl_Exercises[[#This Row],[ExerciseName]],tbl_Lookup_Exercises[ExerciseName],0)),""Unknown"")"
E-20260707-2504,S-20260707-01,Farmer's Walk,4,150.0,,40.2,,,,,,,,"Tough after essentially 4 minutes of farmer “hold” via RDLs; =   2 mph, 0.5% incline; forearms fatigue from RDLs",8,2026-07-07T20:39:23.000Z,"=IFERROR(INDEX(tbl_Lookup_Exercises[Category],MATCH(tbl_Exercises[[#This Row],[ExerciseName]],tbl_Lookup_Exercises[ExerciseName],0)),""Unknown"")"
E-20260707-2505,S-20260707-01,Bulgarian Split Squat,1,0.0,8.0,,,,3.0,1.0,2.0,3+,,Warmup: Lower back getting pretty tight; slightly left of vertebrae; tempo 3-1-2; RIR 3+,8,2026-07-07T20:44:16.000Z,"=IFERROR(INDEX(tbl_Lookup_Exercises[Category],MATCH(tbl_Exercises[[#This Row],[ExerciseName]],tbl_Lookup_Exercises[ExerciseName],0)),""Unknown"")"
E-20260707-2506,S-20260707-01,Bulgarian Split Squat,2,20.0,8.0,,,,3.0,1.0,2.0,2+,,Working set: tempo 3-1-2; RIR 2+,8,2026-07-07T20:46:48.000Z,"=IFERROR(INDEX(tbl_Lookup_Exercises[Category],MATCH(tbl_Exercises[[#This Row],[ExerciseName]],tbl_Lookup_Exercises[ExerciseName],0)),""Unknown"")"
E-20260707-2507,S-20260707-01,Bulgarian Split Squat,3,30.0,8.0,,,,3.0,1.0,2.0,2,,Working set: tempo 3-1-2; RIR 2,8,2026-07-07T20:49:17.000Z,"=IFERROR(INDEX(tbl_Lookup_Exercises[Category],MATCH(tbl_Exercises[[#This Row],[ExerciseName]],tbl_Lookup_Exercises[ExerciseName],0)),""Unknown"")"
E-20260707-2508,S-20260707-01,Bulgarian Split Squat,4,40.0,8.0,,,,3.0,1.0,2.0,2,,"30 lbs kettlebell on working leg side, 10 lb kb on offside; Working set: tempo 3-1-2; RIR 2",8,2026-07-07T20:54:04.000Z,"=IFERROR(INDEX(tbl_Lookup_Exercises[Category],MATCH(tbl_Exercises[[#This Row],[ExerciseName]],tbl_Lookup_Exercises[ExerciseName],0)),""Unknown"")"
E-20260707-2509,S-20260707-01,Barbell Standing Calf Raise,1,0.0,12.0,,,,2.0,1.0,3.0,3+,,Warmup: tempo 2-1-3; RIR 3+,8,2026-07-07T20:57:04.000Z,"=IFERROR(INDEX(tbl_Lookup_Exercises[Category],MATCH(tbl_Exercises[[#This Row],[ExerciseName]],tbl_Lookup_Exercises[ExerciseName],0)),""Unknown"")"
E-20260707-2510,S-20260707-01,Barbell Standing Calf Raise,2,50.0,15.0,,,,2.0,1.0,3.0,3+,,Working set: tempo 2-1-3; RIR 3+,8,2026-07-07T20:59:00.000Z,"=IFERROR(INDEX(tbl_Lookup_Exercises[Category],MATCH(tbl_Exercises[[#This Row],[ExerciseName]],tbl_Lookup_Exercises[ExerciseName],0)),""Unknown"")"
E-20260707-2511,S-20260707-01,Barbell Standing Calf Raise,3,70.0,15.0,,,,2.0,1.0,3.0,2+,,Working set: tempo 2-1-3; RIR 2+,8,2026-07-07T21:01:39.000Z,"=IFERROR(INDEX(tbl_Lookup_Exercises[Category],MATCH(tbl_Exercises[[#This Row],[ExerciseName]],tbl_Lookup_Exercises[ExerciseName],0)),""Unknown"")"
E-20260707-2512,S-20260707-01,Barbell Standing Calf Raise,4,90.0,15.0,,,,2.0,1.0,3.0,2+,,Working set: tempo 2-1-3; RIR 2+,8,2026-07-07T21:05:17.000Z,"=IFERROR(INDEX(tbl_Lookup_Exercises[Category],MATCH(tbl_Exercises[[#This Row],[ExerciseName]],tbl_Lookup_Exercises[ExerciseName],0)),""Unknown"")"
E-20260707-2513,S-20260707-01,Rowing,1,,,215.0,1.0,km,,,,,,Capacity finish,8,2026-07-07T21:11:46.000Z,"=IFERROR(INDEX(tbl_Lookup_Exercises[Category],MATCH(tbl_Exercises[[#This Row],[ExerciseName]],tbl_Lookup_Exercises[ExerciseName],0)),""Unknown"")"
E-20260708-2514,S-20260708-01,Treadmill Walking,1,,,300.0,0.57,km,,,,,,"4.3 mph, 5% incline",8,2026-07-08T18:33:40.000Z,"=IFERROR(INDEX(tbl_Lookup_Exercises[Category],MATCH(tbl_Exercises[[#This Row],[ExerciseName]],tbl_Lookup_Exercises[ExerciseName],0)),""Unknown"")"
E-20260708-2515,S-20260708-01,Band Pull Aparts,1,0.0,15.0,,,,,,,,,Red band,8,2026-07-08T18:38:23.000Z,"=IFERROR(INDEX(tbl_Lookup_Exercises[Category],MATCH(tbl_Exercises[[#This Row],[ExerciseName]],tbl_Lookup_Exercises[ExerciseName],0)),""Unknown"")"
E-20260708-2516,S-20260708-01,Band External Rotations,1,0.0,12.0,,,,,,,,,Red band ,8,2026-07-08T18:38:32.000Z,"=IFERROR(INDEX(tbl_Lookup_Exercises[Category],MATCH(tbl_Exercises[[#This Row],[ExerciseName]],tbl_Lookup_Exercises[ExerciseName],0)),""Unknown"")"
E-20260708-2517,S-20260708-01,Serratus Wall Slides (banded),1,0.0,8.0,,,,,,,,,Red band ,8,2026-07-08T18:38:39.000Z,"=IFERROR(INDEX(tbl_Lookup_Exercises[Category],MATCH(tbl_Exercises[[#This Row],[ExerciseName]],tbl_Lookup_Exercises[ExerciseName],0)),""Unknown"")"
E-20260708-2518,S-20260708-01,Scap Push Ups,1,0.0,10.0,,,,,,,,,,8,2026-07-08T18:38:43.000Z,"=IFERROR(INDEX(tbl_Lookup_Exercises[Category],MATCH(tbl_Exercises[[#This Row],[ExerciseName]],tbl_Lookup_Exercises[ExerciseName],0)),""Unknown"")"
E-20260708-2519,S-20260708-01,Band Pull Aparts,2,0.0,15.0,,,,,,,,,Red band,8,2026-07-08T18:42:53.000Z,"=IFERROR(INDEX(tbl_Lookup_Exercises[Category],MATCH(tbl_Exercises[[#This Row],[ExerciseName]],tbl_Lookup_Exercises[ExerciseName],0)),""Unknown"")"
E-20260708-2520,S-20260708-01,Band External Rotations,2,0.0,12.0,,,,,,,,,Red band ,8,2026-07-08T18:42:55.000Z,"=IFERROR(INDEX(tbl_Lookup_Exercises[Category],MATCH(tbl_Exercises[[#This Row],[ExerciseName]],tbl_Lookup_Exercises[ExerciseName],0)),""Unknown"")"
E-20260708-2521,S-20260708-01,Serratus Wall Slides (banded),2,0.0,8.0,,,,,,,,,Red band ,8,2026-07-08T18:42:56.000Z,"=IFERROR(INDEX(tbl_Lookup_Exercises[Category],MATCH(tbl_Exercises[[#This Row],[ExerciseName]],tbl_Lookup_Exercises[ExerciseName],0)),""Unknown"")"
E-20260708-2522,S-20260708-01,Scap Push Ups,2,0.0,10.0,,,,,,,,,,8,2026-07-08T18:43:03.000Z,"=IFERROR(INDEX(tbl_Lookup_Exercises[Category],MATCH(tbl_Exercises[[#This Row],[ExerciseName]],tbl_Lookup_Exercises[ExerciseName],0)),""Unknown"")"
E-20260708-2523,S-20260708-01,Alternate Seated DB Curl,1,30.0,10.0,,,,2.0,1.0,3.0,2,,Tempo 2-1-3; RIR 2,8,2026-07-08T18:46:29.000Z,"=IFERROR(INDEX(tbl_Lookup_Exercises[Category],MATCH(tbl_Exercises[[#This Row],[ExerciseName]],tbl_Lookup_Exercises[ExerciseName],0)),""Unknown"")"
E-20260708-2524,S-20260708-01,Alternate Seated DB Curl,2,30.0,10.0,,,,2.0,1.0,3.0,2,,Tempo 2-1-3; RIR 2; left contraction a little lacking on 10,8,2026-07-08T18:49:19.000Z,"=IFERROR(INDEX(tbl_Lookup_Exercises[Category],MATCH(tbl_Exercises[[#This Row],[ExerciseName]],tbl_Lookup_Exercises[ExerciseName],0)),""Unknown"")"
E-20260708-2525,S-20260708-01,Alternate Seated DB Curl,3,30.0,10.0,,,,2.0,1.0,3.0,1-2,,Tempo 2-1-3; RIR 1-2; left contraction a little lacking on 10,8,2026-07-08T18:52:36.000Z,"=IFERROR(INDEX(tbl_Lookup_Exercises[Category],MATCH(tbl_Exercises[[#This Row],[ExerciseName]],tbl_Lookup_Exercises[ExerciseName],0)),""Unknown"")"
E-20260708-2526,S-20260708-01,Single-Arm Overhead Cable Extension,1,22.5,10.0,,,,2.0,1.0,3.0,2+,,Tempo 2-1-3; RIR 2+,8,2026-07-08T18:56:24.000Z,"=IFERROR(INDEX(tbl_Lookup_Exercises[Category],MATCH(tbl_Exercises[[#This Row],[ExerciseName]],tbl_Lookup_Exercises[ExerciseName],0)),""Unknown"")"
E-20260708-2527,S-20260708-01,Single-Arm Overhead Cable Extension,2,22.5,10.0,,,,2.0,1.0,3.0,2,,Tempo 2-1-3; RIR 2,8,2026-07-08T18:59:12.000Z,"=IFERROR(INDEX(tbl_Lookup_Exercises[Category],MATCH(tbl_Exercises[[#This Row],[ExerciseName]],tbl_Lookup_Exercises[ExerciseName],0)),""Unknown"")"
E-20260708-2528,S-20260708-01,Single-Arm Overhead Cable Extension,3,25.0,9.0,,,,2.0,1.0,3.0,1-2,,Tempo 2-1-3; RIR 1-2; left fatigued at 8-9,8,2026-07-08T19:02:31.000Z,"=IFERROR(INDEX(tbl_Lookup_Exercises[Category],MATCH(tbl_Exercises[[#This Row],[ExerciseName]],tbl_Lookup_Exercises[ExerciseName],0)),""Unknown"")"
E-20260708-2529,S-20260708-01,Single Arm Rope Curl (extended Arm Position ),1,25.0,12.0,,,,2.0,1.0,3.0,2,,Tempo 2-1-3; RIR 2,8,2026-07-08T19:06:18.000Z,"=IFERROR(INDEX(tbl_Lookup_Exercises[Category],MATCH(tbl_Exercises[[#This Row],[ExerciseName]],tbl_Lookup_Exercises[ExerciseName],0)),""Unknown"")"
E-20260708-2530,S-20260708-01,Single Arm Rope Curl (extended Arm Position ),2,27.5,12.0,,,,2.0,1.0,3.0,1,,Tempo 2-1-3; RIR 1,8,2026-07-08T19:09:44.000Z,"=IFERROR(INDEX(tbl_Lookup_Exercises[Category],MATCH(tbl_Exercises[[#This Row],[ExerciseName]],tbl_Lookup_Exercises[ExerciseName],0)),""Unknown"")"
E-20260708-2531,S-20260708-01,Single Arm Rope Curl (extended Arm Position ),3,27.5,10.0,,,,2.0,1.0,3.0,1-2,,Tempo 2-1-3; RIR 1-2,8,2026-07-08T19:14:18.000Z,"=IFERROR(INDEX(tbl_Lookup_Exercises[Category],MATCH(tbl_Exercises[[#This Row],[ExerciseName]],tbl_Lookup_Exercises[ExerciseName],0)),""Unknown"")"
E-20260708-2532,S-20260708-01,High Cable Tricep Pushdown,1,62.5,10.0,,,,2.0,1.0,3.0,2,,Tempo 2-1-3; RIR 2,8,2026-07-08T19:16:06.000Z,"=IFERROR(INDEX(tbl_Lookup_Exercises[Category],MATCH(tbl_Exercises[[#This Row],[ExerciseName]],tbl_Lookup_Exercises[ExerciseName],0)),""Unknown"")"
E-20260708-2533,S-20260708-01,High Cable Tricep Pushdown,2,62.5,10.0,,,,2.0,1.0,3.0,2,,Tempo 2-1-3; RIR 2,8,2026-07-08T19:18:18.000Z,"=IFERROR(INDEX(tbl_Lookup_Exercises[Category],MATCH(tbl_Exercises[[#This Row],[ExerciseName]],tbl_Lookup_Exercises[ExerciseName],0)),""Unknown"")"
E-20260708-2534,S-20260708-01,High Cable Tricep Pushdown,3,65.0,7.0,,,,2.0,1.0,3.0,2,,Tempo 2-1-3; RIR 2,8,2026-07-08T19:20:22.000Z,"=IFERROR(INDEX(tbl_Lookup_Exercises[Category],MATCH(tbl_Exercises[[#This Row],[ExerciseName]],tbl_Lookup_Exercises[ExerciseName],0)),""Unknown"")"
E-20260708-2535,S-20260708-01,Face Pull (w External Rotation),1,25.0,15.0,,,,2.0,2.0,3.0,2,,Tempo 2-2-3; RIR 2,8,2026-07-08T19:24:25.000Z,"=IFERROR(INDEX(tbl_Lookup_Exercises[Category],MATCH(tbl_Exercises[[#This Row],[ExerciseName]],tbl_Lookup_Exercises[ExerciseName],0)),""Unknown"")"
E-20260708-2536,S-20260708-01,Face Pull (w External Rotation),2,30.0,15.0,,,,2.0,2.0,3.0,2,,Tempo 2-2-3; RIR 2,8,2026-07-08T19:26:49.000Z,"=IFERROR(INDEX(tbl_Lookup_Exercises[Category],MATCH(tbl_Exercises[[#This Row],[ExerciseName]],tbl_Lookup_Exercises[ExerciseName],0)),""Unknown"")"
E-20260708-2537,S-20260708-01,Face Pull (w External Rotation),3,30.0,15.0,,,,2.0,2.0,3.0,2,,Tempo 2-2-3; RIR 2,8,2026-07-08T19:29:22.000Z,"=IFERROR(INDEX(tbl_Lookup_Exercises[Category],MATCH(tbl_Exercises[[#This Row],[ExerciseName]],tbl_Lookup_Exercises[ExerciseName],0)),""Unknown"")"
E-20260708-2538,S-20260708-01,Farmer’s Hold,1,150.0,,60.0,,,,,,,,,8,2026-07-08T19:34:36.000Z,"=IFERROR(INDEX(tbl_Lookup_Exercises[Category],MATCH(tbl_Exercises[[#This Row],[ExerciseName]],tbl_Lookup_Exercises[ExerciseName],0)),""Unknown"")"
E-20260708-2539,S-20260708-01,Farmer’s Hold,2,150.0,,55.2,,,,,,,,60 second rest btwn set 1 & 2; 55/60=0.917,8,2026-07-08T19:35:07.000Z,"=IFERROR(INDEX(tbl_Lookup_Exercises[Category],MATCH(tbl_Exercises[[#This Row],[ExerciseName]],tbl_Lookup_Exercises[ExerciseName],0)),""Unknown"")"
E-20260708-2540,S-20260708-01,Farmer’s Hold,3,150.0,,60.0,,,,,,,,90 second rest btwn set 2 & 3; ,8,2026-07-08T19:37:11.000Z,"=IFERROR(INDEX(tbl_Lookup_Exercises[Category],MATCH(tbl_Exercises[[#This Row],[ExerciseName]],tbl_Lookup_Exercises[ExerciseName],0)),""Unknown"")"
E-20260708-2541,S-20260708-01,Farmer’s Hold,4,150.0,,55.2,,,,,,,,Left started rolling to fingers ,8,2026-07-08T19:40:05.000Z,"=IFERROR(INDEX(tbl_Lookup_Exercises[Category],MATCH(tbl_Exercises[[#This Row],[ExerciseName]],tbl_Lookup_Exercises[ExerciseName],0)),""Unknown"")"
E-20260708-2542,S-20260708-01,Rowing,1,,,60.0,0.25,km,,,,,,"20 sec sprint, 40 sec controlled smooth",8,2026-07-08T19:48:50.000Z,"=IFERROR(INDEX(tbl_Lookup_Exercises[Category],MATCH(tbl_Exercises[[#This Row],[ExerciseName]],tbl_Lookup_Exercises[ExerciseName],0)),""Unknown"")"
E-20260708-2543,S-20260708-01,Rowing,2,,,60.0,0.27,km,,,,,,"20 sec sprint, 40 sec controlled smooth",8,2026-07-08T19:48:57.000Z,"=IFERROR(INDEX(tbl_Lookup_Exercises[Category],MATCH(tbl_Exercises[[#This Row],[ExerciseName]],tbl_Lookup_Exercises[ExerciseName],0)),""Unknown"")"
E-20260708-2544,S-20260708-01,Rowing,3,,,60.0,0.27,km,,,,,,"20 sec sprint, 40 sec controlled smooth",8,2026-07-08T19:48:58.000Z,"=IFERROR(INDEX(tbl_Lookup_Exercises[Category],MATCH(tbl_Exercises[[#This Row],[ExerciseName]],tbl_Lookup_Exercises[ExerciseName],0)),""Unknown"")"
E-20260708-2545,S-20260708-01,Rowing,4,,,60.0,0.27,km,,,,,,"20 sec sprint, 40 sec controlled smooth",8,2026-07-08T19:48:59.000Z,"=IFERROR(INDEX(tbl_Lookup_Exercises[Category],MATCH(tbl_Exercises[[#This Row],[ExerciseName]],tbl_Lookup_Exercises[ExerciseName],0)),""Unknown"")"
E-20260708-2546,S-20260708-01,Rowing,5,,,60.0,0.27,km,,,,,,"20 sec sprint, 40 sec controlled smooth",8,2026-07-08T19:49:00.000Z,"=IFERROR(INDEX(tbl_Lookup_Exercises[Category],MATCH(tbl_Exercises[[#This Row],[ExerciseName]],tbl_Lookup_Exercises[ExerciseName],0)),""Unknown"")"
E-20260708-2547,S-20260708-01,Rowing,6,,,60.0,0.27,km,,,,,,,8,2026-07-08T19:50:03.887Z,"=IFERROR(INDEX(tbl_Lookup_Exercises[Category],MATCH(tbl_Exercises[[#This Row],[ExerciseName]],tbl_Lookup_Exercises[ExerciseName],0)),""Unknown"")"
E-20260710-2548,S-20260710-01,Treadmill Walking,1,,,300.0,0.57,km,,,,,,"4.3 mph, 5% incline",8,2026-07-10T16:15:32.998Z,"=IFERROR(INDEX(tbl_Lookup_Exercises[Category],MATCH(tbl_Exercises[[#This Row],[ExerciseName]],tbl_Lookup_Exercises[ExerciseName],0)),""Unknown"")"
E-20260710-2549,S-20260710-01,Band Pull Aparts,1,0.0,15.0,,,,,,,,,Red band ,8,2026-07-10T16:25:37.211Z,"=IFERROR(INDEX(tbl_Lookup_Exercises[Category],MATCH(tbl_Exercises[[#This Row],[ExerciseName]],tbl_Lookup_Exercises[ExerciseName],0)),""Unknown"")"
E-20260710-2550,S-20260710-01,Band External Rotations,1,0.0,12.0,,,,,,,,,Red band ,8,2026-07-10T16:25:43.535Z,"=IFERROR(INDEX(tbl_Lookup_Exercises[Category],MATCH(tbl_Exercises[[#This Row],[ExerciseName]],tbl_Lookup_Exercises[ExerciseName],0)),""Unknown"")"
E-20260710-2551,S-20260710-01,Serratus Wall Slides (banded),1,0.0,8.0,,,,,,,,,Red band ,8,2026-07-10T16:25:46.984Z,"=IFERROR(INDEX(tbl_Lookup_Exercises[Category],MATCH(tbl_Exercises[[#This Row],[ExerciseName]],tbl_Lookup_Exercises[ExerciseName],0)),""Unknown"")"
E-20260710-2552,S-20260710-01,Cat-Camel,1,0.0,10.0,,,,,,,,,,8,2026-07-10T16:25:49.053Z,"=IFERROR(INDEX(tbl_Lookup_Exercises[Category],MATCH(tbl_Exercises[[#This Row],[ExerciseName]],tbl_Lookup_Exercises[ExerciseName],0)),""Unknown"")"
E-20260710-2553,S-20260710-01,Band Pull Aparts,2,0.0,15.0,,,,,,,,,Red band ,8,2026-07-10T16:25:52.048Z,"=IFERROR(INDEX(tbl_Lookup_Exercises[Category],MATCH(tbl_Exercises[[#This Row],[ExerciseName]],tbl_Lookup_Exercises[ExerciseName],0)),""Unknown"")"
E-20260710-2554,S-20260710-01,Band External Rotations,2,0.0,12.0,,,,,,,,,Red band ,8,2026-07-10T16:25:53.253Z,"=IFERROR(INDEX(tbl_Lookup_Exercises[Category],MATCH(tbl_Exercises[[#This Row],[ExerciseName]],tbl_Lookup_Exercises[ExerciseName],0)),""Unknown"")"
E-20260710-2555,S-20260710-01,Serratus Wall Slides (banded),2,0.0,8.0,,,,,,,,,Red band ,8,2026-07-10T16:25:54.424Z,"=IFERROR(INDEX(tbl_Lookup_Exercises[Category],MATCH(tbl_Exercises[[#This Row],[ExerciseName]],tbl_Lookup_Exercises[ExerciseName],0)),""Unknown"")"
E-20260710-2556,S-20260710-01,Cat-Camel,2,0.0,10.0,,,,,,,,,,8,2026-07-10T16:25:55.998Z,"=IFERROR(INDEX(tbl_Lookup_Exercises[Category],MATCH(tbl_Exercises[[#This Row],[ExerciseName]],tbl_Lookup_Exercises[ExerciseName],0)),""Unknown"")"
E-20260710-2557,S-20260710-01,Farmer's Walk,1,150.0,,75.0,,,,,,,,"2mph, 0.5% incline",8,2026-07-10T16:30:16.532Z,"=IFERROR(INDEX(tbl_Lookup_Exercises[Category],MATCH(tbl_Exercises[[#This Row],[ExerciseName]],tbl_Lookup_Exercises[ExerciseName],0)),""Unknown"")"
E-20260710-2558,S-20260710-01,Farmer's Walk,2,150.0,,70.19999999999999,,,,,,,,"67/60=   2mph, 0.5% incline",8,2026-07-10T16:32:51.163Z,"=IFERROR(INDEX(tbl_Lookup_Exercises[Category],MATCH(tbl_Exercises[[#This Row],[ExerciseName]],tbl_Lookup_Exercises[ExerciseName],0)),""Unknown"")"
E-20260710-2559,S-20260710-01,Farmer's Walk,3,150.0,,55.2,,,,,,,," Both grips failed at same time; 55/60=   2mph, 0.5% incline",8,2026-07-10T16:35:32.708Z,"=IFERROR(INDEX(tbl_Lookup_Exercises[Category],MATCH(tbl_Exercises[[#This Row],[ExerciseName]],tbl_Lookup_Exercises[ExerciseName],0)),""Unknown"")"
E-20260710-2560,S-20260710-01,Farmer's Walk,4,150.0,,52.2,,,,,,,," 52/60=   Both grips failed at same time; 55/60=   2mph, 0.5% incline",8,2026-07-10T16:38:30.498Z,"=IFERROR(INDEX(tbl_Lookup_Exercises[Category],MATCH(tbl_Exercises[[#This Row],[ExerciseName]],tbl_Lookup_Exercises[ExerciseName],0)),""Unknown"")"
E-20260710-2561,S-20260710-01,Machine Row,1,190.0,10.0,,,,3.0,1.0,2.0,1-2,,"Chest pad at 7, seat at 5; Tempo 3-1-2; RIR 1-2",8,2026-07-10T16:42:50.776Z,"=IFERROR(INDEX(tbl_Lookup_Exercises[Category],MATCH(tbl_Exercises[[#This Row],[ExerciseName]],tbl_Lookup_Exercises[ExerciseName],0)),""Unknown"")"
E-20260710-2562,S-20260710-01,Machine Row,2,195.0,10.0,,,,3.0,1.0,2.0,1-2,,Tempo 3-1-2; RIR 1-2,8,2026-07-10T16:45:26.569Z,"=IFERROR(INDEX(tbl_Lookup_Exercises[Category],MATCH(tbl_Exercises[[#This Row],[ExerciseName]],tbl_Lookup_Exercises[ExerciseName],0)),""Unknown"")"
E-20260710-2563,S-20260710-01,Machine Row,3,200.0,8.0,,,,3.0,1.0,2.0,1,,Tempo 3-1-2; RIR 1,8,2026-07-10T16:47:45.393Z,"=IFERROR(INDEX(tbl_Lookup_Exercises[Category],MATCH(tbl_Exercises[[#This Row],[ExerciseName]],tbl_Lookup_Exercises[ExerciseName],0)),""Unknown"")"
E-20260710-2564,S-20260710-01,Machine Row,4,200.0,8.0,,,,3.0,1.0,2.0,1,,Tempo 3-1-2; RIR 1,8,2026-07-10T16:51:21.509Z,"=IFERROR(INDEX(tbl_Lookup_Exercises[Category],MATCH(tbl_Exercises[[#This Row],[ExerciseName]],tbl_Lookup_Exercises[ExerciseName],0)),""Unknown"")"
E-20260710-2565,S-20260710-01,Single-Arm Neutral Grip Cable Pulldown,1,65.0,11.0,,,,2.0,1.0,3.0,2,,Strict tempo 2-1-3; RIR 2; grip/forearms have some lactic acid build up; grip failed first on left,8,2026-07-10T16:56:02.852Z,"=IFERROR(INDEX(tbl_Lookup_Exercises[Category],MATCH(tbl_Exercises[[#This Row],[ExerciseName]],tbl_Lookup_Exercises[ExerciseName],0)),""Unknown"")"
E-20260710-2566,S-20260710-01,Single-Arm Neutral Grip Cable Pulldown,2,70.0,12.0,,,,2.0,1.0,3.0,2,,Strict tempo 2-1-3; RIR 2; grip/forearms have some lactic acid build up; grip failed first on left,8,2026-07-10T17:00:04.272Z,"=IFERROR(INDEX(tbl_Lookup_Exercises[Category],MATCH(tbl_Exercises[[#This Row],[ExerciseName]],tbl_Lookup_Exercises[ExerciseName],0)),""Unknown"")"
E-20260710-2567,S-20260710-01,Single-Arm Neutral Grip Cable Pulldown,3,70.0,11.0,,,,2.0,1.0,3.0,1-2,,Strict tempo 2-1-3; RIR 1-2; grip/forearms have some lactic acid build up; grip failed first on left,8,2026-07-10T17:04:04.865Z,"=IFERROR(INDEX(tbl_Lookup_Exercises[Category],MATCH(tbl_Exercises[[#This Row],[ExerciseName]],tbl_Lookup_Exercises[ExerciseName],0)),""Unknown"")"
E-20260710-2568,S-20260710-01,Incline Dumbbell Curl (Supinated),1,25.0,10.0,,,,2.0,1.0,3.0,1-2,,Whoops. Thought this was alternate curl. First set was flow and controlled alternating curl. Tempo 2-1-3; RIR 1-2,8,2026-07-10T17:08:55.099Z,"=IFERROR(INDEX(tbl_Lookup_Exercises[Category],MATCH(tbl_Exercises[[#This Row],[ExerciseName]],tbl_Lookup_Exercises[ExerciseName],0)),""Unknown"")"
E-20260710-2569,S-20260710-01,Incline Dumbbell Curl (Supinated),2,25.0,12.0,,,,2.0,1.0,3.0,1-2,,Tempo 2-1-3; RIR 1-2,8,2026-07-10T17:11:41.146Z,"=IFERROR(INDEX(tbl_Lookup_Exercises[Category],MATCH(tbl_Exercises[[#This Row],[ExerciseName]],tbl_Lookup_Exercises[ExerciseName],0)),""Unknown"")"
E-20260710-2570,S-20260710-01,Incline Dumbbell Curl (Supinated),3,25.0,11.0,,,,2.0,1.0,3.0,1-2,,Tempo 2-1-3; RIR 1-2,8,2026-07-10T17:15:12.400Z,"=IFERROR(INDEX(tbl_Lookup_Exercises[Category],MATCH(tbl_Exercises[[#This Row],[ExerciseName]],tbl_Lookup_Exercises[ExerciseName],0)),""Unknown"")"
E-20260710-2571,S-20260710-01,Face Pull,1,32.5,15.0,,,,2.0,2.0,3.0,2+,,Tempo 2-2-3; RIR 2+,8,2026-07-10T17:18:13.475Z,"=IFERROR(INDEX(tbl_Lookup_Exercises[Category],MATCH(tbl_Exercises[[#This Row],[ExerciseName]],tbl_Lookup_Exercises[ExerciseName],0)),""Unknown"")"
E-20260710-2572,S-20260710-01,Face Pull,2,35.0,15.0,,,,2.0,2.0,3.0,2+,,Tempo 2-2-3; RIR 2+,8,2026-07-10T17:20:33.176Z,"=IFERROR(INDEX(tbl_Lookup_Exercises[Category],MATCH(tbl_Exercises[[#This Row],[ExerciseName]],tbl_Lookup_Exercises[ExerciseName],0)),""Unknown"")"
E-20260710-2573,S-20260710-01,Face Pull,3,35.0,15.0,,,,2.0,2.0,3.0,2,,Tempo 2-2-3; RIR 2,8,2026-07-10T17:23:16.260Z,"=IFERROR(INDEX(tbl_Lookup_Exercises[Category],MATCH(tbl_Exercises[[#This Row],[ExerciseName]],tbl_Lookup_Exercises[ExerciseName],0)),""Unknown"")"
E-20260710-2574,S-20260710-01,Rowing,1,,,360.0,1.55,km,,,,,,Capacity finish ,8,2026-07-10T17:31:50.141Z,"=IFERROR(INDEX(tbl_Lookup_Exercises[Category],MATCH(tbl_Exercises[[#This Row],[ExerciseName]],tbl_Lookup_Exercises[ExerciseName],0)),""Unknown"")"
E-20260711-2575,S-20260711-01,Treadmill Walking,1,,,300.0,0.57,km,,,,,,Warmup,8,2026-07-11T14:10:01.940Z,"=IFERROR(INDEX(tbl_Lookup_Exercises[Category],MATCH(tbl_Exercises[[#This Row],[ExerciseName]],tbl_Lookup_Exercises[ExerciseName],0)),""Unknown"")"
E-20260711-2576,S-20260711-01,Band Pull Aparts,1,0.0,15.0,,,,,,,,,Red band,8,2026-07-11T14:15:42.542Z,"=IFERROR(INDEX(tbl_Lookup_Exercises[Category],MATCH(tbl_Exercises[[#This Row],[ExerciseName]],tbl_Lookup_Exercises[ExerciseName],0)),""Unknown"")"
E-20260711-2577,S-20260711-01,Band External Rotations,1,0.0,12.0,,,,,,,,,Red band,8,2026-07-11T14:15:49.453Z,"=IFERROR(INDEX(tbl_Lookup_Exercises[Category],MATCH(tbl_Exercises[[#This Row],[ExerciseName]],tbl_Lookup_Exercises[ExerciseName],0)),""Unknown"")"
E-20260711-2578,S-20260711-01,Serratus Wall Slides (banded),1,0.0,8.0,,,,,,,,,Red band,8,2026-07-11T14:15:53.407Z,"=IFERROR(INDEX(tbl_Lookup_Exercises[Category],MATCH(tbl_Exercises[[#This Row],[ExerciseName]],tbl_Lookup_Exercises[ExerciseName],0)),""Unknown"")"
E-20260711-2579,S-20260711-01,Scap Push Ups,1,0.0,10.0,,,,,,,,,,8,2026-07-11T14:15:55.176Z,"=IFERROR(INDEX(tbl_Lookup_Exercises[Category],MATCH(tbl_Exercises[[#This Row],[ExerciseName]],tbl_Lookup_Exercises[ExerciseName],0)),""Unknown"")"
E-20260711-2580,S-20260711-01,Band Pull Aparts,2,0.0,15.0,,,,,,,,,Red band,8,2026-07-11T14:20:42.241Z,"=IFERROR(INDEX(tbl_Lookup_Exercises[Category],MATCH(tbl_Exercises[[#This Row],[ExerciseName]],tbl_Lookup_Exercises[ExerciseName],0)),""Unknown"")"
E-20260711-2581,S-20260711-01,Band External Rotations,2,0.0,12.0,,,,,,,,,Red band,8,2026-07-11T14:20:43.685Z,"=IFERROR(INDEX(tbl_Lookup_Exercises[Category],MATCH(tbl_Exercises[[#This Row],[ExerciseName]],tbl_Lookup_Exercises[ExerciseName],0)),""Unknown"")"
E-20260711-2582,S-20260711-01,Serratus Wall Slides (banded),2,0.0,8.0,,,,,,,,,Red band,8,2026-07-11T14:20:44.889Z,"=IFERROR(INDEX(tbl_Lookup_Exercises[Category],MATCH(tbl_Exercises[[#This Row],[ExerciseName]],tbl_Lookup_Exercises[ExerciseName],0)),""Unknown"")"
E-20260711-2583,S-20260711-01,Scap Push Ups,2,0.0,10.0,,,,,,,,,,8,2026-07-11T14:20:46.542Z,"=IFERROR(INDEX(tbl_Lookup_Exercises[Category],MATCH(tbl_Exercises[[#This Row],[ExerciseName]],tbl_Lookup_Exercises[ExerciseName],0)),""Unknown"")"
E-20260711-2584,S-20260711-01,Single Arm Cable Press (split stance),1,15.0,10.0,,,,,,,,,Warmup,8,2026-07-11T14:22:34.997Z,"=IFERROR(INDEX(tbl_Lookup_Exercises[Category],MATCH(tbl_Exercises[[#This Row],[ExerciseName]],tbl_Lookup_Exercises[ExerciseName],0)),""Unknown"")"
E-20260711-2585,S-20260711-01,Neutral Grip Dumbbell Floor Press,1,110.0,10.0,,,,3.0,1.0,2.0,1-2,,Tempo 3-1-2; RIR 1-2; right anterior tight at eccentric and pause/press. Not pain but definitely a more tightness below the anterior cap,8,2026-07-11T14:27:46.507Z,"=IFERROR(INDEX(tbl_Lookup_Exercises[Category],MATCH(tbl_Exercises[[#This Row],[ExerciseName]],tbl_Lookup_Exercises[ExerciseName],0)),""Unknown"")"
E-20260711-2586,S-20260711-01,Neutral Grip Dumbbell Floor Press,2,120.0,10.0,,,,3.0,1.0,2.0,1-2,,Tempo 3-1-2; RIR 1-2; right anterior tight at eccentric and pause/press. Not pain but definitely a more tightness below the anterior cap,8,2026-07-11T14:30:27.463Z,"=IFERROR(INDEX(tbl_Lookup_Exercises[Category],MATCH(tbl_Exercises[[#This Row],[ExerciseName]],tbl_Lookup_Exercises[ExerciseName],0)),""Unknown"")"
E-20260711-2587,S-20260711-01,Neutral Grip Dumbbell Floor Press,3,130.0,8.0,,,,3.0,1.0,2.0,1-2,,Tempo 3-1-2; RIR 1-2,8,2026-07-11T14:34:53.760Z,"=IFERROR(INDEX(tbl_Lookup_Exercises[Category],MATCH(tbl_Exercises[[#This Row],[ExerciseName]],tbl_Lookup_Exercises[ExerciseName],0)),""Unknown"")"
E-20260711-2588,S-20260711-01,Neutral Grip Dumbbell Floor Press,4,130.0,6.0,,,,3.0,1.0,2.0,1,,Tempo 3-1-2; RIR 1; shifted to a slight radial tilt and it felt better in my capsule,8,2026-07-11T14:39:25.744Z,"=IFERROR(INDEX(tbl_Lookup_Exercises[Category],MATCH(tbl_Exercises[[#This Row],[ExerciseName]],tbl_Lookup_Exercises[ExerciseName],0)),""Unknown"")"
E-20260711-2589,S-20260711-01,Machine Chest Press,1,90.0,10.0,,,,3.0,1.0,2.0,2,,Slight ulnar tilt with these fixed grips felt better on right cap; tempo 3-1-2; RIR 2,8,2026-07-11T14:41:42.659Z,"=IFERROR(INDEX(tbl_Lookup_Exercises[Category],MATCH(tbl_Exercises[[#This Row],[ExerciseName]],tbl_Lookup_Exercises[ExerciseName],0)),""Unknown"")"
E-20260711-2590,S-20260711-01,Machine Chest Press,2,90.0,10.0,,,,3.0,1.0,2.0,2,,Slight ulnar tilt with these fixed grips felt better on right cap; tempo 3-1-2; RIR 2,8,2026-07-11T14:43:42.765Z,"=IFERROR(INDEX(tbl_Lookup_Exercises[Category],MATCH(tbl_Exercises[[#This Row],[ExerciseName]],tbl_Lookup_Exercises[ExerciseName],0)),""Unknown"")"
E-20260711-2591,S-20260711-01,Machine Chest Press,3,95.0,9.0,,,,3.0,1.0,2.0,1-2,,Slight ulnar tilt with these fixed grips felt better on right cap; tempo 3-1-2; RIR 1-2,8,2026-07-11T14:46:48.398Z,"=IFERROR(INDEX(tbl_Lookup_Exercises[Category],MATCH(tbl_Exercises[[#This Row],[ExerciseName]],tbl_Lookup_Exercises[ExerciseName],0)),""Unknown"")"
E-20260711-2592,S-20260711-01,Cable High To Mid Fly,1,20.0,10.0,,,,2.0,2.0,3.0,2,,Tempo 2-2-3; RIR 2; cap right on superior; slightly shortened ROM,8,2026-07-11T14:51:16.652Z,"=IFERROR(INDEX(tbl_Lookup_Exercises[Category],MATCH(tbl_Exercises[[#This Row],[ExerciseName]],tbl_Lookup_Exercises[ExerciseName],0)),""Unknown"")"
E-20260711-2593,S-20260711-01,Cable High To Mid Fly,2,25.0,11.0,,,,2.0,2.0,3.0,2,,Tempo 2-2-3; RIR 2;,8,2026-07-11T14:54:21.879Z,"=IFERROR(INDEX(tbl_Lookup_Exercises[Category],MATCH(tbl_Exercises[[#This Row],[ExerciseName]],tbl_Lookup_Exercises[ExerciseName],0)),""Unknown"")"
E-20260711-2594,S-20260711-01,Cable High To Mid Fly,3,30.0,11.0,,,,2.0,2.0,3.0,2,,Tempo 2-2-3; RIR 2; I think I found the correct movement path and effective ROM,8,2026-07-11T14:57:44.168Z,"=IFERROR(INDEX(tbl_Lookup_Exercises[Category],MATCH(tbl_Exercises[[#This Row],[ExerciseName]],tbl_Lookup_Exercises[ExerciseName],0)),""Unknown"")"
E-20260711-2595,S-20260711-01,Seated Neutral Grip DB Overhead Press,1,30.0,10.0,,,,2.0,1.0,3.0,2,,Tempo 2-1-3; RIR 2,8,2026-07-11T15:01:08.408Z,"=IFERROR(INDEX(tbl_Lookup_Exercises[Category],MATCH(tbl_Exercises[[#This Row],[ExerciseName]],tbl_Lookup_Exercises[ExerciseName],0)),""Unknown"")"
E-20260711-2596,S-20260711-01,Seated Neutral Grip DB Overhead Press,2,30.0,10.0,,,,2.0,1.0,3.0,2,,Tempo 2-1-3; RIR 2,8,2026-07-11T15:04:04.144Z,"=IFERROR(INDEX(tbl_Lookup_Exercises[Category],MATCH(tbl_Exercises[[#This Row],[ExerciseName]],tbl_Lookup_Exercises[ExerciseName],0)),""Unknown"")"
E-20260711-2597,S-20260711-01,Seated Neutral Grip DB Overhead Press,3,40.0,10.0,,,,2.0,1.0,3.0,1-2,,Tempo 2-1-3; RIR 1-2,8,2026-07-11T15:06:45.440Z,"=IFERROR(INDEX(tbl_Lookup_Exercises[Category],MATCH(tbl_Exercises[[#This Row],[ExerciseName]],tbl_Lookup_Exercises[ExerciseName],0)),""Unknown"")"
E-20260711-2598,S-20260711-01,Single-Arm Overhead Cable Extension,1,25.0,9.0,,,,2.0,1.0,3.0,1-2,,Left fatigued first at 5. Switched to right and did 9 then finished remaining 4 without issue on left. Tempo 2-1-3; RIR 1-2,8,2026-07-11T15:10:17.428Z,"=IFERROR(INDEX(tbl_Lookup_Exercises[Category],MATCH(tbl_Exercises[[#This Row],[ExerciseName]],tbl_Lookup_Exercises[ExerciseName],0)),""Unknown"")"
E-20260711-2599,S-20260711-01,Single-Arm Overhead Cable Extension,2,25.0,8.0,,,,2.0,1.0,3.0,1-2,,Left fatigued first at 8. Tempo 2-1-3; RIR 1-2,8,2026-07-11T15:13:36.775Z,"=IFERROR(INDEX(tbl_Lookup_Exercises[Category],MATCH(tbl_Exercises[[#This Row],[ExerciseName]],tbl_Lookup_Exercises[ExerciseName],0)),""Unknown"")"
E-20260711-2600,S-20260711-01,Single-Arm Overhead Cable Extension,3,25.0,7.0,,,,2.0,1.0,3.0,1-2,,Not happy with today’s overhead extensions; Left fatigued first. Tempo 2-1-3; RIR 1-2,8,2026-07-11T15:16:53.934Z,"=IFERROR(INDEX(tbl_Lookup_Exercises[Category],MATCH(tbl_Exercises[[#This Row],[ExerciseName]],tbl_Lookup_Exercises[ExerciseName],0)),""Unknown"")"
E-20260711-2601,S-20260711-01,High Cable Tricep Pushdown,1,62.5,10.0,,,,2.0,1.0,3.0,2+,,Tempo 2-1-3; RIR 2+,8,2026-07-11T15:20:44.805Z,"=IFERROR(INDEX(tbl_Lookup_Exercises[Category],MATCH(tbl_Exercises[[#This Row],[ExerciseName]],tbl_Lookup_Exercises[ExerciseName],0)),""Unknown"")"
E-20260711-2602,S-20260711-01,High Cable Tricep Pushdown,2,65.0,8.0,,,,2.0,1.0,3.0,1-2,,Tempo 2-1-3; RIR 1-2; I got sucked into increasing the weight cause set 1 was very easy,8,2026-07-11T15:23:10.109Z,"=IFERROR(INDEX(tbl_Lookup_Exercises[Category],MATCH(tbl_Exercises[[#This Row],[ExerciseName]],tbl_Lookup_Exercises[ExerciseName],0)),""Unknown"")"
E-20260711-2603,S-20260711-01,High Cable Tricep Pushdown,3,65.0,8.0,,,,2.0,1.0,3.0,1-2,,Tempo 2-1-3; RIR 1-2;,8,2026-07-11T15:25:29.132Z,"=IFERROR(INDEX(tbl_Lookup_Exercises[Category],MATCH(tbl_Exercises[[#This Row],[ExerciseName]],tbl_Lookup_Exercises[ExerciseName],0)),""Unknown"")"
E-20260711-2604,S-20260711-01,Endless Rope,1,,,20.0,0.0,km,,,,,,20 sec hard ; 40 sec rest,8,2026-07-11T15:33:16.476Z,"=IFERROR(INDEX(tbl_Lookup_Exercises[Category],MATCH(tbl_Exercises[[#This Row],[ExerciseName]],tbl_Lookup_Exercises[ExerciseName],0)),""Unknown"")"
E-20260711-2605,S-20260711-01,Endless Rope,2,,,20.0,0.0,km,,,,,,20 sec hard ; 40 sec rest,8,2026-07-11T15:33:17.157Z,"=IFERROR(INDEX(tbl_Lookup_Exercises[Category],MATCH(tbl_Exercises[[#This Row],[ExerciseName]],tbl_Lookup_Exercises[ExerciseName],0)),""Unknown"")"
E-20260711-2606,S-20260711-01,Endless Rope,3,,,20.0,0.0,km,,,,,,20 sec hard ; 40 sec rest,8,2026-07-11T15:33:17.926Z,"=IFERROR(INDEX(tbl_Lookup_Exercises[Category],MATCH(tbl_Exercises[[#This Row],[ExerciseName]],tbl_Lookup_Exercises[ExerciseName],0)),""Unknown"")"
E-20260711-2607,S-20260711-01,Endless Rope,4,,,20.0,0.0,km,,,,,,20 sec hard ; 40 sec rest,8,2026-07-11T15:33:18.595Z,"=IFERROR(INDEX(tbl_Lookup_Exercises[Category],MATCH(tbl_Exercises[[#This Row],[ExerciseName]],tbl_Lookup_Exercises[ExerciseName],0)),""Unknown"")"
E-20260711-2608,S-20260711-01,Endless Rope,5,,,20.0,0.0,km,,,,,,20 sec hard ; 40 sec rest,8,2026-07-11T15:33:19.282Z,"=IFERROR(INDEX(tbl_Lookup_Exercises[Category],MATCH(tbl_Exercises[[#This Row],[ExerciseName]],tbl_Lookup_Exercises[ExerciseName],0)),""Unknown"")"
E-20260711-2609,S-20260711-01,Endless Rope,6,,,20.0,0.0,km,,,,,,20 sec hard ; 40 sec rest,8,2026-07-11T15:33:19.973Z,"=IFERROR(INDEX(tbl_Lookup_Exercises[Category],MATCH(tbl_Exercises[[#This Row],[ExerciseName]],tbl_Lookup_Exercises[ExerciseName],0)),""Unknown"")"
E-20260713-2610,S-20260713-01,Treadmill Walking,1,,,300.0,0.57,km,,,,,,"4.3mph, 5% incline",8,2026-07-13T14:54:08.800Z,"=IFERROR(INDEX(tbl_Lookup_Exercises[Category],MATCH(tbl_Exercises[[#This Row],[ExerciseName]],tbl_Lookup_Exercises[ExerciseName],0)),""Unknown"")"
E-20260713-2611,S-20260713-01,Prisoners Squat,1,0.0,10.0,,,,,,,,,,8,2026-07-13T15:02:03.482Z,"=IFERROR(INDEX(tbl_Lookup_Exercises[Category],MATCH(tbl_Exercises[[#This Row],[ExerciseName]],tbl_Lookup_Exercises[ExerciseName],0)),""Unknown"")"
E-20260713-2612,S-20260713-01,Hip Hinge,1,0.0,10.0,,,,,,,,,,8,2026-07-13T15:02:05.087Z,"=IFERROR(INDEX(tbl_Lookup_Exercises[Category],MATCH(tbl_Exercises[[#This Row],[ExerciseName]],tbl_Lookup_Exercises[ExerciseName],0)),""Unknown"")"
E-20260713-2613,S-20260713-01,Walking Lunges,1,0.0,,8.0,,,,,,,,,8,2026-07-13T15:02:06.827Z,"=IFERROR(INDEX(tbl_Lookup_Exercises[Category],MATCH(tbl_Exercises[[#This Row],[ExerciseName]],tbl_Lookup_Exercises[ExerciseName],0)),""Unknown"")"
E-20260713-2614,S-20260713-01,Glute Extension,1,0.0,10.0,,,,,,,,,,8,2026-07-13T15:02:08.283Z,"=IFERROR(INDEX(tbl_Lookup_Exercises[Category],MATCH(tbl_Exercises[[#This Row],[ExerciseName]],tbl_Lookup_Exercises[ExerciseName],0)),""Unknown"")"
E-20260713-2615,S-20260713-01,Standing Calf Raise,1,0.0,15.0,,,,,,,,,,8,2026-07-13T15:02:09.706Z,"=IFERROR(INDEX(tbl_Lookup_Exercises[Category],MATCH(tbl_Exercises[[#This Row],[ExerciseName]],tbl_Lookup_Exercises[ExerciseName],0)),""Unknown"")"
E-20260713-2616,S-20260713-01,Prisoners Squat,2,0.0,10.0,,,,,,,,,,8,2026-07-13T15:03:37.270Z,"=IFERROR(INDEX(tbl_Lookup_Exercises[Category],MATCH(tbl_Exercises[[#This Row],[ExerciseName]],tbl_Lookup_Exercises[ExerciseName],0)),""Unknown"")"
E-20260713-2617,S-20260713-01,Hip Hinge,2,0.0,10.0,,,,,,,,,,8,2026-07-13T15:03:38.863Z,"=IFERROR(INDEX(tbl_Lookup_Exercises[Category],MATCH(tbl_Exercises[[#This Row],[ExerciseName]],tbl_Lookup_Exercises[ExerciseName],0)),""Unknown"")"
E-20260713-2618,S-20260713-01,Walking Lunges,2,0.0,,8.0,,,,,,,,,8,2026-07-13T15:04:17.963Z,"=IFERROR(INDEX(tbl_Lookup_Exercises[Category],MATCH(tbl_Exercises[[#This Row],[ExerciseName]],tbl_Lookup_Exercises[ExerciseName],0)),""Unknown"")"
E-20260713-2619,S-20260713-01,Glute Extension,2,0.0,10.0,,,,,,,,,,8,2026-07-13T15:05:08.226Z,"=IFERROR(INDEX(tbl_Lookup_Exercises[Category],MATCH(tbl_Exercises[[#This Row],[ExerciseName]],tbl_Lookup_Exercises[ExerciseName],0)),""Unknown"")"
E-20260713-2620,S-20260713-01,Standing Calf Raise,2,0.0,15.0,,,,,,,,,,8,2026-07-13T15:05:50.690Z,"=IFERROR(INDEX(tbl_Lookup_Exercises[Category],MATCH(tbl_Exercises[[#This Row],[ExerciseName]],tbl_Lookup_Exercises[ExerciseName],0)),""Unknown"")"
E-20260713-2621,S-20260713-01,Goblet Squat,1,75.0,10.0,,,,3.0,1.0,2.0,2,,Tempo 3-1-2; RIR 2,8,2026-07-13T15:08:51.860Z,"=IFERROR(INDEX(tbl_Lookup_Exercises[Category],MATCH(tbl_Exercises[[#This Row],[ExerciseName]],tbl_Lookup_Exercises[ExerciseName],0)),""Unknown"")"
E-20260713-2622,S-20260713-01,Goblet Squat,2,75.0,10.0,,,,3.0,1.0,2.0,2,,Tempo 3-1-2; RIR 2,8,2026-07-13T15:11:32.020Z,"=IFERROR(INDEX(tbl_Lookup_Exercises[Category],MATCH(tbl_Exercises[[#This Row],[ExerciseName]],tbl_Lookup_Exercises[ExerciseName],0)),""Unknown"")"
E-20260713-2623,S-20260713-01,Goblet Squat,3,75.0,10.0,,,,3.0,1.0,2.0,2,,Tempo 3-1-2; RIR 2,8,2026-07-13T15:14:14.666Z,"=IFERROR(INDEX(tbl_Lookup_Exercises[Category],MATCH(tbl_Exercises[[#This Row],[ExerciseName]],tbl_Lookup_Exercises[ExerciseName],0)),""Unknown"")"
E-20260713-2624,S-20260713-01,Goblet Squat,4,75.0,10.0,,,,3.0,1.0,2.0,1,,Tempo 3-1-2; RIR 1; feeing nauseous after set 3; same sneeze / puke sensation we’ve previously discussed; goes away after a short rest ,8,2026-07-13T15:17:36.696Z,"=IFERROR(INDEX(tbl_Lookup_Exercises[Category],MATCH(tbl_Exercises[[#This Row],[ExerciseName]],tbl_Lookup_Exercises[ExerciseName],0)),""Unknown"")"
E-20260713-2625,S-20260713-01,Farmer's Walk,1,150.0,,70.19999999999999,,,,,,,,"2 mph, 0.5% incline; 70/60=1.167",8,2026-07-13T15:22:16.771Z,"=IFERROR(INDEX(tbl_Lookup_Exercises[Category],MATCH(tbl_Exercises[[#This Row],[ExerciseName]],tbl_Lookup_Exercises[ExerciseName],0)),""Unknown"")"
E-20260713-2626,S-20260713-01,Farmer's Walk,2,150.0,,70.19999999999999,,,,,,,,"Forearms fatiguing on both. Maybe a little more on left. Able to maintain hold with slight ulnar deviation at 60 sec; 2 mph, 0.5% incline; 70/60=1.167",8,2026-07-13T15:25:00.188Z,"=IFERROR(INDEX(tbl_Lookup_Exercises[Category],MATCH(tbl_Exercises[[#This Row],[ExerciseName]],tbl_Lookup_Exercises[ExerciseName],0)),""Unknown"")"
E-20260713-2627,S-20260713-01,Farmer's Walk,3,150.0,,49.8,,,,,,,,"50/60=   2 mph, 0.5% incline; 70/60=1.167",8,2026-07-13T15:28:05.554Z,"=IFERROR(INDEX(tbl_Lookup_Exercises[Category],MATCH(tbl_Exercises[[#This Row],[ExerciseName]],tbl_Lookup_Exercises[ExerciseName],0)),""Unknown"")"
E-20260713-2628,S-20260713-01,Farmer's Walk,4,150.0,,51.6,,,,,,,,"Very frustrating that grip is failing.   2 mph, 0.5% incline; 70/60=1.167",8,2026-07-13T15:30:45.175Z,"=IFERROR(INDEX(tbl_Lookup_Exercises[Category],MATCH(tbl_Exercises[[#This Row],[ExerciseName]],tbl_Lookup_Exercises[ExerciseName],0)),""Unknown"")"
E-20260713-2629,S-20260713-01,Dumbbell Romanian Deadlift,1,150.0,10.0,,,,3.0,1.0,2.0,1-2,,Tempo 3-1-2; RIR 1-2 grip started failing at 9,8,2026-07-13T15:34:34.889Z,"=IFERROR(INDEX(tbl_Lookup_Exercises[Category],MATCH(tbl_Exercises[[#This Row],[ExerciseName]],tbl_Lookup_Exercises[ExerciseName],0)),""Unknown"")"
E-20260713-2630,S-20260713-01,Dumbbell Romanian Deadlift,2,150.0,9.0,,,,3.0,1.0,2.0,1-2,,Tempo 3-1-2; RIR 1-2 grip started failing at 9; right side rolled to finger first,8,2026-07-13T15:37:13.312Z,"=IFERROR(INDEX(tbl_Lookup_Exercises[Category],MATCH(tbl_Exercises[[#This Row],[ExerciseName]],tbl_Lookup_Exercises[ExerciseName],0)),""Unknown"")"
E-20260713-2631,S-20260713-01,Dumbbell Romanian Deadlift,3,150.0,8.0,,,,3.0,1.0,2.0,1,,Tempo 3-1-2; RIR 1 grip started failing at 8; right side rolled to finger first,8,2026-07-13T15:40:29.177Z,"=IFERROR(INDEX(tbl_Lookup_Exercises[Category],MATCH(tbl_Exercises[[#This Row],[ExerciseName]],tbl_Lookup_Exercises[ExerciseName],0)),""Unknown"")"
E-20260713-2632,S-20260713-01,Bulgarian Split Squat,1,30.0,8.0,,,,3.0,1.0,2.0,2,,Tempo 3-1-2; RIR 2,8,2026-07-13T15:44:03.619Z,"=IFERROR(INDEX(tbl_Lookup_Exercises[Category],MATCH(tbl_Exercises[[#This Row],[ExerciseName]],tbl_Lookup_Exercises[ExerciseName],0)),""Unknown"")"
E-20260713-2633,S-20260713-01,Bulgarian Split Squat,2,40.0,8.0,,,,3.0,1.0,2.0,2,,Feeling nauseous again after that first set; Tempo 3-1-2; RIR 2,8,2026-07-13T15:45:04.825Z,"=IFERROR(INDEX(tbl_Lookup_Exercises[Category],MATCH(tbl_Exercises[[#This Row],[ExerciseName]],tbl_Lookup_Exercises[ExerciseName],0)),""Unknown"")"
E-20260713-2634,S-20260713-01,Bulgarian Split Squat,3,45.0,8.0,,,,3.0,1.0,2.0,2,,Tempo 3-1-2; RIR 2,8,2026-07-13T15:54:04.887Z,"=IFERROR(INDEX(tbl_Lookup_Exercises[Category],MATCH(tbl_Exercises[[#This Row],[ExerciseName]],tbl_Lookup_Exercises[ExerciseName],0)),""Unknown"")"
E-20260713-2635,S-20260713-01,Barbell Standing Calf Raise,1,100.0,15.0,,,,2.0,1.0,3.0,2,,Tempo: 2-1-3; RIR 2,8,2026-07-13T15:54:30.431Z,"=IFERROR(INDEX(tbl_Lookup_Exercises[Category],MATCH(tbl_Exercises[[#This Row],[ExerciseName]],tbl_Lookup_Exercises[ExerciseName],0)),""Unknown"")"
E-20260713-2636,S-20260713-01,Barbell Standing Calf Raise,2,100.0,15.0,,,,2.0,1.0,3.0,2,,Tempo: 2-1-3; RIR 2 (4-25lb plates on the smith machine rack),8,2026-07-13T15:54:52.014Z,"=IFERROR(INDEX(tbl_Lookup_Exercises[Category],MATCH(tbl_Exercises[[#This Row],[ExerciseName]],tbl_Lookup_Exercises[ExerciseName],0)),""Unknown"")"
E-20260713-2637,S-20260713-01,Barbell Standing Calf Raise,3,100.0,14.0,,,,2.0,1.0,3.0,1,,Tempo: 2-1-3; RIR 1 (4-25lb plates on the smith machine rack),8,2026-07-13T15:58:58.941Z,"=IFERROR(INDEX(tbl_Lookup_Exercises[Category],MATCH(tbl_Exercises[[#This Row],[ExerciseName]],tbl_Lookup_Exercises[ExerciseName],0)),""Unknown"")"
E-20260713-2638,S-20260713-01,Rowing,1,,,360.0,1.57,km,,,,,,Nausea during at about 4 min. Diarrhea immediate after the row,8,2026-07-13T16:10:43.388Z,"=IFERROR(INDEX(tbl_Lookup_Exercises[Category],MATCH(tbl_Exercises[[#This Row],[ExerciseName]],tbl_Lookup_Exercises[ExerciseName],0)),""Unknown"")"
E-20260714-2639,S-20260714-01,Treadmill Walking,1,,,302.0,0.59,km,,,,,,"4.4 mph, 5% incline",8,2026-07-14T18:50:02.244Z,"=IFERROR(INDEX(tbl_Lookup_Exercises[Category],MATCH(tbl_Exercises[[#This Row],[ExerciseName]],tbl_Lookup_Exercises[ExerciseName],0)),""Unknown"")"
E-20260714-2640,S-20260714-01,Band Pull Aparts,1,0.0,15.0,,,,,,,,2026-07-14T18:57:07.721Z,Red band,8,2026-07-14T18:57:09.060Z,"=IFERROR(INDEX(tbl_Lookup_Exercises[Category],MATCH(tbl_Exercises[[#This Row],[ExerciseName]],tbl_Lookup_Exercises[ExerciseName],0)),""Unknown"")"
E-20260714-2641,S-20260714-01,Band External Rotations,1,0.0,12.0,,,,,,,,2026-07-14T18:57:07.721Z,Red bands ,8,2026-07-14T18:57:22.680Z,"=IFERROR(INDEX(tbl_Lookup_Exercises[Category],MATCH(tbl_Exercises[[#This Row],[ExerciseName]],tbl_Lookup_Exercises[ExerciseName],0)),""Unknown"")"
E-20260714-2642,S-20260714-01,Serratus Wall Slides (banded),1,0.0,8.0,,,,,,,,2026-07-14T18:57:07.721Z,,8,2026-07-14T18:57:25.291Z,"=IFERROR(INDEX(tbl_Lookup_Exercises[Category],MATCH(tbl_Exercises[[#This Row],[ExerciseName]],tbl_Lookup_Exercises[ExerciseName],0)),""Unknown"")"
E-20260714-2643,S-20260714-01,Scap Push Ups,1,0.0,10.0,,,,,,,,2026-07-14T18:57:07.721Z,,8,2026-07-14T18:57:27.783Z,"=IFERROR(INDEX(tbl_Lookup_Exercises[Category],MATCH(tbl_Exercises[[#This Row],[ExerciseName]],tbl_Lookup_Exercises[ExerciseName],0)),""Unknown"")"
E-20260714-2644,S-20260714-01,Band Pull Aparts,2,0.0,15.0,,,,,,,,2026-07-14T19:02:34.566Z,Red band,8,2026-07-14T19:02:35.152Z,"=IFERROR(INDEX(tbl_Lookup_Exercises[Category],MATCH(tbl_Exercises[[#This Row],[ExerciseName]],tbl_Lookup_Exercises[ExerciseName],0)),""Unknown"")"
E-20260714-2645,S-20260714-01,Band External Rotations,2,0.0,12.0,,,,,,,,2026-07-14T19:02:34.566Z,Red bands ,8,2026-07-14T19:02:36.641Z,"=IFERROR(INDEX(tbl_Lookup_Exercises[Category],MATCH(tbl_Exercises[[#This Row],[ExerciseName]],tbl_Lookup_Exercises[ExerciseName],0)),""Unknown"")"
E-20260714-2646,S-20260714-01,Serratus Wall Slides (banded),2,0.0,8.0,,,,,,,,2026-07-14T19:02:34.566Z,,8,2026-07-14T19:02:37.929Z,"=IFERROR(INDEX(tbl_Lookup_Exercises[Category],MATCH(tbl_Exercises[[#This Row],[ExerciseName]],tbl_Lookup_Exercises[ExerciseName],0)),""Unknown"")"
E-20260714-2647,S-20260714-01,Scap Push Ups,2,0.0,10.0,,,,,,,,2026-07-14T19:02:34.566Z,,8,2026-07-14T19:02:39.569Z,"=IFERROR(INDEX(tbl_Lookup_Exercises[Category],MATCH(tbl_Exercises[[#This Row],[ExerciseName]],tbl_Lookup_Exercises[ExerciseName],0)),""Unknown"")"
E-20260714-2648,S-20260714-01,Alternate Seated DB Curl,1,30.0,12.0,,,,,,,2+,,2-1-3; RIR 2+; breathing was interesting. Just normal breathing no counts or holding,8,2026-07-14T19:06:47.200Z,"=IFERROR(INDEX(tbl_Lookup_Exercises[Category],MATCH(tbl_Exercises[[#This Row],[ExerciseName]],tbl_Lookup_Exercises[ExerciseName],0)),""Unknown"")"
E-20260714-2649,S-20260714-01,Alternate Seated DB Curl,2,30.0,10.0,,,,2.0,1.0,3.0,1,,Tempo 2-1-3; RIR 1; left contraction slightly less,8,2026-07-14T19:10:03.160Z,"=IFERROR(INDEX(tbl_Lookup_Exercises[Category],MATCH(tbl_Exercises[[#This Row],[ExerciseName]],tbl_Lookup_Exercises[ExerciseName],0)),""Unknown"")"
E-20260714-2650,S-20260714-01,Alternate Seated DB Curl,3,30.0,10.0,,,,2.0,1.0,3.0,0(left),,Tempo 2-1-3; RIR 0(left) 1 (right); left contraction slightly less,8,2026-07-14T19:14:16.008Z,"=IFERROR(INDEX(tbl_Lookup_Exercises[Category],MATCH(tbl_Exercises[[#This Row],[ExerciseName]],tbl_Lookup_Exercises[ExerciseName],0)),""Unknown"")"
E-20260714-2651,S-20260714-01,Single-Arm Overhead Cable Extension,1,25.0,10.0,,,,2.0,1.0,3.0,1-2,,Tempo 2-1-3; RIR 1-2; breathing is a quick inhale and hold on the press then normal breathing on eccentric ,8,2026-07-14T19:16:58.935Z,"=IFERROR(INDEX(tbl_Lookup_Exercises[Category],MATCH(tbl_Exercises[[#This Row],[ExerciseName]],tbl_Lookup_Exercises[ExerciseName],0)),""Unknown"")"
E-20260714-2652,S-20260714-01,Single-Arm Overhead Cable Extension,2,25.0,10.0,,,,2.0,1.0,3.0,2,,Tempo 2-1-3; RIR 2; breathing is all over the place. I sometimes to exhales on extending sometime (and most often) I’m breathing ‘normal’,8,2026-07-14T19:20:43.680Z,"=IFERROR(INDEX(tbl_Lookup_Exercises[Category],MATCH(tbl_Exercises[[#This Row],[ExerciseName]],tbl_Lookup_Exercises[ExerciseName],0)),""Unknown"")"
E-20260714-2653,S-20260714-01,Single-Arm Overhead Cable Extension,3,25.0,10.0,,,,2.0,1.0,3.0,0-1,,"Tempo 2-1-3; RIR 0-1; breathing (general) - forced exhale when pressing with a count in my head (e.g., 1-1-1, 2-2-2)",8,2026-07-14T19:24:54.097Z,"=IFERROR(INDEX(tbl_Lookup_Exercises[Category],MATCH(tbl_Exercises[[#This Row],[ExerciseName]],tbl_Lookup_Exercises[ExerciseName],0)),""Unknown"")"
E-20260714-2654,S-20260714-01,Single Arm Rope Curl (extended Arm Position ),1,27.5,12.0,,,,2.0,1.0,3.0,1-2,,Tempo 2-1-3; RIR 1-2,8,2026-07-14T19:28:16.181Z,"=IFERROR(INDEX(tbl_Lookup_Exercises[Category],MATCH(tbl_Exercises[[#This Row],[ExerciseName]],tbl_Lookup_Exercises[ExerciseName],0)),""Unknown"")"
E-20260714-2655,S-20260714-01,Single Arm Rope Curl (extended Arm Position ),2,27.5,11.0,,,,2.0,1.0,3.0,1-2,,Tempo 2-1-3; RIR 1-2,8,2026-07-14T19:31:12.459Z,"=IFERROR(INDEX(tbl_Lookup_Exercises[Category],MATCH(tbl_Exercises[[#This Row],[ExerciseName]],tbl_Lookup_Exercises[ExerciseName],0)),""Unknown"")"
E-20260714-2656,S-20260714-01,Single Arm Rope Curl (extended Arm Position ),3,27.5,9.0,,,,2.0,1.0,3.0,1,,Tempo 2-1-3; RIR 1,8,2026-07-14T19:34:47.000Z,"=IFERROR(INDEX(tbl_Lookup_Exercises[Category],MATCH(tbl_Exercises[[#This Row],[ExerciseName]],tbl_Lookup_Exercises[ExerciseName],0)),""Unknown"")"
E-20260714-2657,S-20260714-01,High Cable Tricep Pushdown,1,65.0,11.0,,,,2.0,1.0,3.0,1-2,,Thinking “Shoulders down”; tempo 2-1-3; RIR 1-2,8,2026-07-14T19:37:07.788Z,"=IFERROR(INDEX(tbl_Lookup_Exercises[Category],MATCH(tbl_Exercises[[#This Row],[ExerciseName]],tbl_Lookup_Exercises[ExerciseName],0)),""Unknown"")"
E-20260714-2658,S-20260714-01,High Cable Tricep Pushdown,2,65.0,10.0,,,,2.0,1.0,3.0,1-2,,Thinking “Shoulders down”; tempo 2-1-3; RIR 1-2,8,2026-07-14T19:39:18.429Z,"=IFERROR(INDEX(tbl_Lookup_Exercises[Category],MATCH(tbl_Exercises[[#This Row],[ExerciseName]],tbl_Lookup_Exercises[ExerciseName],0)),""Unknown"")"
E-20260714-2659,S-20260714-01,High Cable Tricep Pushdown,3,65.0,9.0,,,,2.0,1.0,3.0,0-1,,Thinking “Shoulders down”; tempo 2-1-3; RIR 0-1,8,2026-07-14T19:41:46.561Z,"=IFERROR(INDEX(tbl_Lookup_Exercises[Category],MATCH(tbl_Exercises[[#This Row],[ExerciseName]],tbl_Lookup_Exercises[ExerciseName],0)),""Unknown"")"
E-20260714-2660,S-20260714-01,Face Pull (w External Rotation),1,35.0,15.0,,,,2.0,1.0,3.0,2+,,Tempo 2-1-3; RIR 2+,8,2026-07-14T19:44:58.105Z,"=IFERROR(INDEX(tbl_Lookup_Exercises[Category],MATCH(tbl_Exercises[[#This Row],[ExerciseName]],tbl_Lookup_Exercises[ExerciseName],0)),""Unknown"")"
E-20260714-2661,S-20260714-01,Face Pull (w External Rotation),2,35.0,15.0,,,,2.0,1.0,3.0,2+,,Tempo 2-1-3; RIR 2+,8,2026-07-14T19:47:23.619Z,"=IFERROR(INDEX(tbl_Lookup_Exercises[Category],MATCH(tbl_Exercises[[#This Row],[ExerciseName]],tbl_Lookup_Exercises[ExerciseName],0)),""Unknown"")"
E-20260714-2662,S-20260714-01,Face Pull (w External Rotation),3,35.0,15.0,,,,2.0,1.0,3.0,2+,,Tempo 2-1-3; RIR 2+,8,2026-07-14T19:49:41.865Z,"=IFERROR(INDEX(tbl_Lookup_Exercises[Category],MATCH(tbl_Exercises[[#This Row],[ExerciseName]],tbl_Lookup_Exercises[ExerciseName],0)),""Unknown"")"
E-20260714-2663,S-20260714-01,Farmer’s Hold,1,150.0,,60.0,,,,,,,,Plenty of room left in the grip tank,8,2026-07-14T19:52:55.474Z,"=IFERROR(INDEX(tbl_Lookup_Exercises[Category],MATCH(tbl_Exercises[[#This Row],[ExerciseName]],tbl_Lookup_Exercises[ExerciseName],0)),""Unknown"")"
E-20260714-2664,S-20260714-01,Farmer’s Hold,2,150.0,,60.0,,,,,,,,"Forearm started failing first, then slowly the weight on left side seemed to move toward my index finger and at 60 seconds I lost grip",8,2026-07-14T19:56:01.127Z,"=IFERROR(INDEX(tbl_Lookup_Exercises[Category],MATCH(tbl_Exercises[[#This Row],[ExerciseName]],tbl_Lookup_Exercises[ExerciseName],0)),""Unknown"")"
E-20260714-2665,S-20260714-01,Farmer’s Hold,3,150.0,,57.0,,,,,,,,"57/60=Forearm started failing first, then slowly the weight on left side seemed to move toward my index finger and at 60 seconds I lost grip",8,2026-07-14T19:58:33.842Z,"=IFERROR(INDEX(tbl_Lookup_Exercises[Category],MATCH(tbl_Exercises[[#This Row],[ExerciseName]],tbl_Lookup_Exercises[ExerciseName],0)),""Unknown"")"
E-20260714-2666,S-20260714-01,Farmer’s Hold,4,150.0,,57.0,,,,,,,,"57/60= rolling starting at ~47 sec, burning around 37 sec; Forearm started failing first, then slowly the weight on left side seemed to move toward my index finger and at 60 seconds I lost grip",8,2026-07-14T20:01:03.893Z,"=IFERROR(INDEX(tbl_Lookup_Exercises[Category],MATCH(tbl_Exercises[[#This Row],[ExerciseName]],tbl_Lookup_Exercises[ExerciseName],0)),""Unknown"")"
E-20260714-2667,S-20260714-01,Endless Rope,1,,,20.0,0.0,km,,,,,,20 seconds HARD! 40 sec rest,8,2026-07-14T20:08:17.564Z,"=IFERROR(INDEX(tbl_Lookup_Exercises[Category],MATCH(tbl_Exercises[[#This Row],[ExerciseName]],tbl_Lookup_Exercises[ExerciseName],0)),""Unknown"")"
E-20260714-2668,S-20260714-01,Endless Rope,2,,,20.0,0.0,km,,,,,,20 seconds HARD! 40 sec rest,8,2026-07-14T20:08:19.643Z,"=IFERROR(INDEX(tbl_Lookup_Exercises[Category],MATCH(tbl_Exercises[[#This Row],[ExerciseName]],tbl_Lookup_Exercises[ExerciseName],0)),""Unknown"")"
E-20260714-2669,S-20260714-01,Endless Rope,3,,,20.0,0.0,km,,,,,,20 seconds HARD! 40 sec rest,8,2026-07-14T20:08:20.927Z,"=IFERROR(INDEX(tbl_Lookup_Exercises[Category],MATCH(tbl_Exercises[[#This Row],[ExerciseName]],tbl_Lookup_Exercises[ExerciseName],0)),""Unknown"")"
E-20260714-2670,S-20260714-01,Endless Rope,4,,,20.0,0.0,km,,,,,,20 seconds HARD! 40 sec rest,8,2026-07-14T20:08:21.747Z,"=IFERROR(INDEX(tbl_Lookup_Exercises[Category],MATCH(tbl_Exercises[[#This Row],[ExerciseName]],tbl_Lookup_Exercises[ExerciseName],0)),""Unknown"")"
E-20260714-2671,S-20260714-01,Endless Rope,5,,,20.0,0.0,km,,,,,,20 seconds HARD! 40 sec rest,8,2026-07-14T20:08:22.504Z,"=IFERROR(INDEX(tbl_Lookup_Exercises[Category],MATCH(tbl_Exercises[[#This Row],[ExerciseName]],tbl_Lookup_Exercises[ExerciseName],0)),""Unknown"")"
E-20260714-2672,S-20260714-01,Endless Rope,6,,,20.0,0.0,km,,,,,,20 seconds HARD! 40 sec rest,8,2026-07-14T20:08:23.822Z,"=IFERROR(INDEX(tbl_Lookup_Exercises[Category],MATCH(tbl_Exercises[[#This Row],[ExerciseName]],tbl_Lookup_Exercises[ExerciseName],0)),""Unknown"")"
E-20260715-2673,S-20260715-01,Treadmill Walking,1,,,301.0,0.57,km,,,,,,"Warmup: 4.3 mph, 5% incline",8,2026-07-15T19:01:12.379Z,"=IFERROR(INDEX(tbl_Lookup_Exercises[Category],MATCH(tbl_Exercises[[#This Row],[ExerciseName]],tbl_Lookup_Exercises[ExerciseName],0)),""Unknown"")"
E-20260715-2674,S-20260715-01,Prisoners Squat,1,0.0,8.0,,,,,,,,,,8,2026-07-15T19:06:17.012Z,"=IFERROR(INDEX(tbl_Lookup_Exercises[Category],MATCH(tbl_Exercises[[#This Row],[ExerciseName]],tbl_Lookup_Exercises[ExerciseName],0)),""Unknown"")"
E-20260715-2675,S-20260715-01,Reverse Lunge,1,0.0,5.0,,,,,,,,,5 per leg,8,2026-07-15T19:06:25.615Z,"=IFERROR(INDEX(tbl_Lookup_Exercises[Category],MATCH(tbl_Exercises[[#This Row],[ExerciseName]],tbl_Lookup_Exercises[ExerciseName],0)),""Unknown"")"
E-20260715-2676,S-20260715-01,Hip Hinge,1,0.0,8.0,,,,,,,,,,8,2026-07-15T19:06:28.074Z,"=IFERROR(INDEX(tbl_Lookup_Exercises[Category],MATCH(tbl_Exercises[[#This Row],[ExerciseName]],tbl_Lookup_Exercises[ExerciseName],0)),""Unknown"")"
E-20260715-2677,S-20260715-01,Band Pull Aparts,1,0.0,12.0,,,,,,,,,Red band ,8,2026-07-15T19:06:35.380Z,"=IFERROR(INDEX(tbl_Lookup_Exercises[Category],MATCH(tbl_Exercises[[#This Row],[ExerciseName]],tbl_Lookup_Exercises[ExerciseName],0)),""Unknown"")"
E-20260715-2678,S-20260715-01,Front-Foot-Elevated Split Squat,1,0.0,8.0,,,,3.0,1.0,1.0,3+,,Body weight; 2 plates on the ground; tempo 3-1-1; RIR 3+,8,2026-07-15T19:11:43.533Z,"=IFERROR(INDEX(tbl_Lookup_Exercises[Category],MATCH(tbl_Exercises[[#This Row],[ExerciseName]],tbl_Lookup_Exercises[ExerciseName],0)),""Unknown"")"
E-20260715-2679,S-20260715-01,Front-Foot-Elevated Split Squat,2,30.0,10.0,,,,3.0,1.0,1.0,2-3,,1 30 lbs db carried iso g opposite of working leg; 2 plates on the ground; tempo 3-1-1; RIR 2-3,8,2026-07-15T19:14:48.517Z,"=IFERROR(INDEX(tbl_Lookup_Exercises[Category],MATCH(tbl_Exercises[[#This Row],[ExerciseName]],tbl_Lookup_Exercises[ExerciseName],0)),""Unknown"")"
E-20260715-2680,S-20260715-01,Front-Foot-Elevated Split Squat,3,40.0,8.0,,,,3.0,1.0,1.0,3,,1 40 lbs db carried iso g opposite of working leg; 2 plates on the ground; tempo 3-1-1; RIR 3,8,2026-07-15T19:17:11.984Z,"=IFERROR(INDEX(tbl_Lookup_Exercises[Category],MATCH(tbl_Exercises[[#This Row],[ExerciseName]],tbl_Lookup_Exercises[ExerciseName],0)),""Unknown"")"
E-20260715-2681,S-20260715-01,Front-Foot-Elevated Split Squat,4,50.0,8.0,,,,3.0,1.0,1.0,3,,1 50 lbs db carried iso g opposite of working leg; 2 plates on the ground; tempo 3-1-1; RIR 3,8,2026-07-15T19:20:00.670Z,"=IFERROR(INDEX(tbl_Lookup_Exercises[Category],MATCH(tbl_Exercises[[#This Row],[ExerciseName]],tbl_Lookup_Exercises[ExerciseName],0)),""Unknown"")"
E-20260715-2682,S-20260715-01,Half-Kneeling Single-Arm Cable Pulldown,1,40.0,10.0,,,,2.0,1.0,3.0,3+,,Tempo 2-1-3; RIR 3+; unable to fully extend as my reach is too far so shortened ROM to prevent stack from hitting,8,2026-07-15T19:26:27.321Z,"=IFERROR(INDEX(tbl_Lookup_Exercises[Category],MATCH(tbl_Exercises[[#This Row],[ExerciseName]],tbl_Lookup_Exercises[ExerciseName],0)),""Unknown"")"
E-20260715-2683,S-20260715-01,Half-Kneeling Single-Arm Cable Pulldown,2,45.0,10.0,,,,2.0,1.0,3.0,3+,,Tempo 2-1-3; RIR 3+; unable to fully extend as my reach is too far so shortened ROM to prevent stack from hitting,8,2026-07-15T19:28:46.351Z,"=IFERROR(INDEX(tbl_Lookup_Exercises[Category],MATCH(tbl_Exercises[[#This Row],[ExerciseName]],tbl_Lookup_Exercises[ExerciseName],0)),""Unknown"")"
E-20260715-2684,S-20260715-01,Half-Kneeling Single-Arm Cable Pulldown,3,50.0,10.0,,,,2.0,1.0,3.0,3+,,What’s the difference between half kneeling and single arm pulldown? Tempo 2-1-3; RIR 3+; unable to fully extend as my reach is too far so shortened ROM to prevent stack from hitting,8,2026-07-15T19:31:45.129Z,"=IFERROR(INDEX(tbl_Lookup_Exercises[Category],MATCH(tbl_Exercises[[#This Row],[ExerciseName]],tbl_Lookup_Exercises[ExerciseName],0)),""Unknown"")"
E-20260715-2685,S-20260715-01,Cable Pull-Through,1,15.0,10.0,,,,1.0,1.0,1.0,5+,,Warmup tempo 1-1-1; RIR 5+,8,2026-07-15T19:34:43.464Z,"=IFERROR(INDEX(tbl_Lookup_Exercises[Category],MATCH(tbl_Exercises[[#This Row],[ExerciseName]],tbl_Lookup_Exercises[ExerciseName],0)),""Unknown"")"
E-20260715-2686,S-20260715-01,Cable Pull-Through,2,40.0,10.0,,,,3.0,1.0,1.0,3,,Working: tempo 3-1-1; RIR 3,8,2026-07-15T19:36:52.665Z,"=IFERROR(INDEX(tbl_Lookup_Exercises[Category],MATCH(tbl_Exercises[[#This Row],[ExerciseName]],tbl_Lookup_Exercises[ExerciseName],0)),""Unknown"")"
E-20260715-2687,S-20260715-01,Cable Pull-Through,3,50.0,10.0,,,,3.0,1.0,1.0,3,,Working: tempo 3-1-1; RIR 3,8,2026-07-15T19:39:10.849Z,"=IFERROR(INDEX(tbl_Lookup_Exercises[Category],MATCH(tbl_Exercises[[#This Row],[ExerciseName]],tbl_Lookup_Exercises[ExerciseName],0)),""Unknown"")"
E-20260715-2688,S-20260715-01,Cable Pull-Through,4,57.5,10.0,,,,3.0,1.0,1.0,3,,Working: tempo 3-1-1; RIR 3,8,2026-07-15T19:41:52.831Z,"=IFERROR(INDEX(tbl_Lookup_Exercises[Category],MATCH(tbl_Exercises[[#This Row],[ExerciseName]],tbl_Lookup_Exercises[ExerciseName],0)),""Unknown"")"
E-20260715-2689,S-20260715-01,"Half-Kneeling Single-Arm Cable Row, Low-to-High Finish",1,20.0,10.0,,,,2.0,1.0,3.0,5+,,Cable set at 19; tempo 2-1-3; RIR 5+,8,2026-07-15T19:46:05.286Z,"=IFERROR(INDEX(tbl_Lookup_Exercises[Category],MATCH(tbl_Exercises[[#This Row],[ExerciseName]],tbl_Lookup_Exercises[ExerciseName],0)),""Unknown"")"
E-20260715-2690,S-20260715-01,"Half-Kneeling Single-Arm Cable Row, Low-to-High Finish",2,35.0,10.0,,,,2.0,1.0,3.0,3+,,Cable set at 20(slightly lower starting point; tempo 2-1-3; RIR 3+,8,2026-07-15T19:49:11.594Z,"=IFERROR(INDEX(tbl_Lookup_Exercises[Category],MATCH(tbl_Exercises[[#This Row],[ExerciseName]],tbl_Lookup_Exercises[ExerciseName],0)),""Unknown"")"
E-20260715-2691,S-20260715-01,"Half-Kneeling Single-Arm Cable Row, Low-to-High Finish",3,50.0,10.0,,,,2.0,1.0,3.0,3+,,Cable set at 20(slightly lower starting point; tempo 2-1-3; RIR 3+,8,2026-07-15T19:51:32.723Z,"=IFERROR(INDEX(tbl_Lookup_Exercises[Category],MATCH(tbl_Exercises[[#This Row],[ExerciseName]],tbl_Lookup_Exercises[ExerciseName],0)),""Unknown"")"
E-20260715-2692,S-20260715-01,Kneeling Single Arm Rope Cable Extension,1,20.0,12.0,,,,3.0,1.0,3.0,3,,Tempo 3-1-3; RIR 3,8,2026-07-15T19:56:03.923Z,"=IFERROR(INDEX(tbl_Lookup_Exercises[Category],MATCH(tbl_Exercises[[#This Row],[ExerciseName]],tbl_Lookup_Exercises[ExerciseName],0)),""Unknown"")"
E-20260715-2693,S-20260715-01,Kneeling Single Arm Rope Cable Extension,2,20.0,10.0,,,,3.0,1.0,3.0,3,,Tempo 3-1-3; RIR 3,8,2026-07-15T19:58:45.487Z,"=IFERROR(INDEX(tbl_Lookup_Exercises[Category],MATCH(tbl_Exercises[[#This Row],[ExerciseName]],tbl_Lookup_Exercises[ExerciseName],0)),""Unknown"")"
E-20260722-2694,S-20260722-01,Treadmill Walking,1,,,300.0,0.57,km,,,,,,"4.3mph, 5% incline",8,2026-07-22T19:11:45.098Z,"=IFERROR(INDEX(tbl_Lookup_Exercises[Category],MATCH(tbl_Exercises[[#This Row],[ExerciseName]],tbl_Lookup_Exercises[ExerciseName],0)),""Unknown"")"
E-20260722-2695,S-20260722-01,Band Pull Aparts,1,0.0,15.0,,,,,,,,2026-07-22T19:16:20.938Z,,8,2026-07-22T19:16:21.490Z,"=IFERROR(INDEX(tbl_Lookup_Exercises[Category],MATCH(tbl_Exercises[[#This Row],[ExerciseName]],tbl_Lookup_Exercises[ExerciseName],0)),""Unknown"")"
E-20260722-2696,S-20260722-01,Band External Rotations,1,0.0,12.0,,,,,,,,2026-07-22T19:16:20.938Z,,8,2026-07-22T19:16:23.330Z,"=IFERROR(INDEX(tbl_Lookup_Exercises[Category],MATCH(tbl_Exercises[[#This Row],[ExerciseName]],tbl_Lookup_Exercises[ExerciseName],0)),""Unknown"")"
E-20260722-2697,S-20260722-01,Serratus Wall Slides (banded),1,0.0,8.0,,,,,,,,2026-07-22T19:16:20.938Z,,8,2026-07-22T19:16:24.773Z,"=IFERROR(INDEX(tbl_Lookup_Exercises[Category],MATCH(tbl_Exercises[[#This Row],[ExerciseName]],tbl_Lookup_Exercises[ExerciseName],0)),""Unknown"")"
E-20260722-2698,S-20260722-01,Cat-Camel,1,0.0,10.0,,,,,,,,2026-07-22T19:16:20.938Z,,8,2026-07-22T19:16:26.124Z,"=IFERROR(INDEX(tbl_Lookup_Exercises[Category],MATCH(tbl_Exercises[[#This Row],[ExerciseName]],tbl_Lookup_Exercises[ExerciseName],0)),""Unknown"")"
E-20260722-2699,S-20260722-01,Band Pull Aparts,2,0.0,15.0,,,,,,,,2026-07-22T19:20:32.506Z,,8,2026-07-22T19:20:32.953Z,"=IFERROR(INDEX(tbl_Lookup_Exercises[Category],MATCH(tbl_Exercises[[#This Row],[ExerciseName]],tbl_Lookup_Exercises[ExerciseName],0)),""Unknown"")"
E-20260722-2700,S-20260722-01,Band External Rotations,2,0.0,12.0,,,,,,,,2026-07-22T19:20:32.506Z,,8,2026-07-22T19:20:34.710Z,"=IFERROR(INDEX(tbl_Lookup_Exercises[Category],MATCH(tbl_Exercises[[#This Row],[ExerciseName]],tbl_Lookup_Exercises[ExerciseName],0)),""Unknown"")"
E-20260722-2701,S-20260722-01,Serratus Wall Slides (banded),2,0.0,8.0,,,,,,,,2026-07-22T19:20:32.506Z,,8,2026-07-22T19:20:36.503Z,"=IFERROR(INDEX(tbl_Lookup_Exercises[Category],MATCH(tbl_Exercises[[#This Row],[ExerciseName]],tbl_Lookup_Exercises[ExerciseName],0)),""Unknown"")"
E-20260722-2702,S-20260722-01,Cat-Camel,2,0.0,10.0,,,,,,,,2026-07-22T19:20:32.506Z,,8,2026-07-22T19:20:38.038Z,"=IFERROR(INDEX(tbl_Lookup_Exercises[Category],MATCH(tbl_Exercises[[#This Row],[ExerciseName]],tbl_Lookup_Exercises[ExerciseName],0)),""Unknown"")"
E-20260722-2703,S-20260722-01,Dead Hang,1,0.0,,30.0,,,,,,,,,8,2026-07-22T19:21:53.551Z,"=IFERROR(INDEX(tbl_Lookup_Exercises[Category],MATCH(tbl_Exercises[[#This Row],[ExerciseName]],tbl_Lookup_Exercises[ExerciseName],0)),""Unknown"")"
E-20260722-2704,S-20260722-01,Farmer's Walk,1,150.0,,75.0,,,,,,,,"2 mph, 0.5% incline",8,2026-07-22T19:25:34.256Z,"=IFERROR(INDEX(tbl_Lookup_Exercises[Category],MATCH(tbl_Exercises[[#This Row],[ExerciseName]],tbl_Lookup_Exercises[ExerciseName],0)),""Unknown"")"
E-20260722-2705,S-20260722-01,Farmer's Walk,2,150.0,,60.0,,,,,,,,"2 mph, 0.5% incline",8,2026-07-22T19:28:32.779Z,"=IFERROR(INDEX(tbl_Lookup_Exercises[Category],MATCH(tbl_Exercises[[#This Row],[ExerciseName]],tbl_Lookup_Exercises[ExerciseName],0)),""Unknown"")"
E-20260722-2706,S-20260722-01,Farmer's Walk,3,150.0,,60.0,,,,,,,,"2 mph, 0.5% incline; right rolled first at 55",8,2026-07-22T19:31:57.532Z,"=IFERROR(INDEX(tbl_Lookup_Exercises[Category],MATCH(tbl_Exercises[[#This Row],[ExerciseName]],tbl_Lookup_Exercises[ExerciseName],0)),""Unknown"")"
E-20260722-2707,S-20260722-01,Farmer's Walk,4,150.0,,51.0,,,,,,,,"2 mph, 0.5% incline; right rolled first at 55",8,2026-07-22T19:35:16.692Z,"=IFERROR(INDEX(tbl_Lookup_Exercises[Category],MATCH(tbl_Exercises[[#This Row],[ExerciseName]],tbl_Lookup_Exercises[ExerciseName],0)),""Unknown"")"
E-20260722-2708,S-20260722-01,Machine Row,1,190.0,10.0,,,,2.0,1.0,3.0,1-2,,Tempo 2-1-3; RIR 1-2; seat 5/chest 7,8,2026-07-22T19:40:00.062Z,"=IFERROR(INDEX(tbl_Lookup_Exercises[Category],MATCH(tbl_Exercises[[#This Row],[ExerciseName]],tbl_Lookup_Exercises[ExerciseName],0)),""Unknown"")"
E-20260722-2709,S-20260722-01,Machine Row,2,195.0,10.0,,,,2.0,1.0,3.0,1-2,,Tempo 2-1-3; RIR 1-2; seat 5/chest 7,8,2026-07-22T19:42:48.083Z,"=IFERROR(INDEX(tbl_Lookup_Exercises[Category],MATCH(tbl_Exercises[[#This Row],[ExerciseName]],tbl_Lookup_Exercises[ExerciseName],0)),""Unknown"")"
E-20260722-2710,S-20260722-01,Machine Row,3,200.0,8.0,,,,2.0,1.0,3.0,1-2,,Tempo 2-1-3; RIR 1-2; seat 5/chest 7,8,2026-07-22T19:45:35.205Z,"=IFERROR(INDEX(tbl_Lookup_Exercises[Category],MATCH(tbl_Exercises[[#This Row],[ExerciseName]],tbl_Lookup_Exercises[ExerciseName],0)),""Unknown"")"
E-20260722-2711,S-20260722-01,Machine Row,4,205.0,8.0,,,,2.0,1.0,3.0,1-2,,Tempo 2-1-3; RIR 1-2; seat 5/chest 7,8,2026-07-22T19:48:37.403Z,"=IFERROR(INDEX(tbl_Lookup_Exercises[Category],MATCH(tbl_Exercises[[#This Row],[ExerciseName]],tbl_Lookup_Exercises[ExerciseName],0)),""Unknown"")"
E-20260722-2712,S-20260722-01,Single-Arm Neutral Grip Cable Pulldown,1,70.0,12.0,,,,2.0,1.0,3.0,1-2,,Left arm first; 15 sec between arms; tempo 2-1-3; RIR 1-2; grip SUPER limiting at 10-12 but made it cleanly,8,2026-07-22T19:53:38.424Z,"=IFERROR(INDEX(tbl_Lookup_Exercises[Category],MATCH(tbl_Exercises[[#This Row],[ExerciseName]],tbl_Lookup_Exercises[ExerciseName],0)),""Unknown"")"
E-20260722-2713,S-20260722-01,Single-Arm Neutral Grip Cable Pulldown,2,70.0,12.0,,,,2.0,1.0,3.0,1-2,,Left arm first; 15 sec between arms; tempo 2-1-3; RIR 1-2; grip SUPER limiting at 10-12 but made it cleanly,8,2026-07-22T19:56:57.619Z,"=IFERROR(INDEX(tbl_Lookup_Exercises[Category],MATCH(tbl_Exercises[[#This Row],[ExerciseName]],tbl_Lookup_Exercises[ExerciseName],0)),""Unknown"")"
E-20260722-2714,S-20260722-01,Single-Arm Neutral Grip Cable Pulldown,3,70.0,11.0,,,,2.0,1.0,3.0,1-2,,Left arm first; 15 sec between arms; tempo 2-1-3; RIR 1-2; grip SUPER limiting at 10-12 but made it cleanly,8,2026-07-22T20:00:32.687Z,"=IFERROR(INDEX(tbl_Lookup_Exercises[Category],MATCH(tbl_Exercises[[#This Row],[ExerciseName]],tbl_Lookup_Exercises[ExerciseName],0)),""Unknown"")"
E-20260722-2715,S-20260722-01,"Half-Kneeling Single-Arm Cable Row, Low-to-High Finish",1,40.0,12.0,,,,2.0,1.0,3.0,2+,,Tempo 2-1-3; RIR 2+; LifeFitness Low Row machine; half kneeling,8,2026-07-22T20:09:04.556Z,"=IFERROR(INDEX(tbl_Lookup_Exercises[Category],MATCH(tbl_Exercises[[#This Row],[ExerciseName]],tbl_Lookup_Exercises[ExerciseName],0)),""Unknown"")"
E-20260722-2716,S-20260722-01,"Half-Kneeling Single-Arm Cable Row, Low-to-High Finish",2,42.5,12.0,,,,2.0,1.0,3.0,2+,,Tempo 2-1-3; RIR 2+; LifeFitness Low Row machine; half kneeling,8,2026-07-22T20:12:28.114Z,"=IFERROR(INDEX(tbl_Lookup_Exercises[Category],MATCH(tbl_Exercises[[#This Row],[ExerciseName]],tbl_Lookup_Exercises[ExerciseName],0)),""Unknown"")"
E-20260722-2717,S-20260722-01,"Half-Kneeling Single-Arm Cable Row, Low-to-High Finish",3,45.0,12.0,,,,2.0,1.0,3.0,2+,,Tempo 2-1-3; RIR 2+; LifeFitness Low Row machine; half kneeling,8,2026-07-22T20:17:21.991Z,"=IFERROR(INDEX(tbl_Lookup_Exercises[Category],MATCH(tbl_Exercises[[#This Row],[ExerciseName]],tbl_Lookup_Exercises[ExerciseName],0)),""Unknown"")"
E-20260722-2718,S-20260722-01,Incline Dumbbell Curl (Supinated),1,30.0,10.0,,,,2.0,1.0,3.0,1-2,,Tempo 2-1-3; RIR 1-2; bench at 3 (15-30 degree),8,2026-07-22T20:20:13.614Z,"=IFERROR(INDEX(tbl_Lookup_Exercises[Category],MATCH(tbl_Exercises[[#This Row],[ExerciseName]],tbl_Lookup_Exercises[ExerciseName],0)),""Unknown"")"
E-20260722-2719,S-20260722-01,Incline Dumbbell Curl (Supinated),2,30.0,8.5,,,,2.0,1.0,3.0,1,,Tempo 2-1-3; RIR 1; bench at 3 (15-30 degree),8,2026-07-22T20:22:57.026Z,"=IFERROR(INDEX(tbl_Lookup_Exercises[Category],MATCH(tbl_Exercises[[#This Row],[ExerciseName]],tbl_Lookup_Exercises[ExerciseName],0)),""Unknown"")"
E-20260722-2720,S-20260722-01,Incline Dumbbell Curl (Supinated),3,30.0,8.0,,,,2.0,1.0,3.0,1,,Tempo 2-1-3; RIR 1; bench at 3 (15-30 degree),8,2026-07-22T20:26:36.320Z,"=IFERROR(INDEX(tbl_Lookup_Exercises[Category],MATCH(tbl_Exercises[[#This Row],[ExerciseName]],tbl_Lookup_Exercises[ExerciseName],0)),""Unknown"")"
E-20260722-2721,S-20260722-01,Face Pull,1,30.0,15.0,,,,2.0,1.0,3.0,2+,,Tempo 2-1-3; RIR 2+; adjustable cable rack at 30 plate,8,2026-07-22T20:30:05.554Z,"=IFERROR(INDEX(tbl_Lookup_Exercises[Category],MATCH(tbl_Exercises[[#This Row],[ExerciseName]],tbl_Lookup_Exercises[ExerciseName],0)),""Unknown"")"
E-20260722-2722,S-20260722-01,Face Pull,2,35.0,15.0,,,,2.0,1.0,3.0,2+,,Tempo 2-1-3; RIR 2+; adjustable cable rack at 30 plate,8,2026-07-22T20:32:23.321Z,"=IFERROR(INDEX(tbl_Lookup_Exercises[Category],MATCH(tbl_Exercises[[#This Row],[ExerciseName]],tbl_Lookup_Exercises[ExerciseName],0)),""Unknown"")"
E-20260722-2723,S-20260722-01,Face Pull,3,42.5,15.0,,,,2.0,1.0,3.0,1-2,,Tempo 2-1-3; RIR 1-2; adjustable cable rack at 30 plate,8,2026-07-22T20:35:26.009Z,"=IFERROR(INDEX(tbl_Lookup_Exercises[Category],MATCH(tbl_Exercises[[#This Row],[ExerciseName]],tbl_Lookup_Exercises[ExerciseName],0)),""Unknown"")"
E-20260723-2724,S-20260723-01,Treadmill Walking,1,,,300.0,0.57,km,,,,,,"4.3 mph, 5% incline",8,2026-07-23T16:59:27.218Z,"=IFERROR(INDEX(tbl_Lookup_Exercises[Category],MATCH(tbl_Exercises[[#This Row],[ExerciseName]],tbl_Lookup_Exercises[ExerciseName],0)),""Unknown"")"
E-20260723-2725,S-20260723-01,Band Pull Aparts,1,0.0,15.0,,,,,,,,2026-07-23T16:59:37.526Z,Red band,8,2026-07-23T16:59:38.362Z,"=IFERROR(INDEX(tbl_Lookup_Exercises[Category],MATCH(tbl_Exercises[[#This Row],[ExerciseName]],tbl_Lookup_Exercises[ExerciseName],0)),""Unknown"")"
E-20260723-2726,S-20260723-01,Band External Rotations,1,0.0,12.0,,,,,,,,2026-07-23T16:59:37.526Z,Red band,8,2026-07-23T16:59:43.164Z,"=IFERROR(INDEX(tbl_Lookup_Exercises[Category],MATCH(tbl_Exercises[[#This Row],[ExerciseName]],tbl_Lookup_Exercises[ExerciseName],0)),""Unknown"")"
E-20260723-2727,S-20260723-01,Serratus Wall Slides (banded),1,0.0,8.0,,,,,,,,2026-07-23T16:59:37.526Z,Red band,8,2026-07-23T16:59:47.030Z,"=IFERROR(INDEX(tbl_Lookup_Exercises[Category],MATCH(tbl_Exercises[[#This Row],[ExerciseName]],tbl_Lookup_Exercises[ExerciseName],0)),""Unknown"")"
E-20260723-2728,S-20260723-01,Scap Push Ups,1,0.0,10.0,,,,,,,,2026-07-23T16:59:37.526Z,,8,2026-07-23T16:59:50.712Z,"=IFERROR(INDEX(tbl_Lookup_Exercises[Category],MATCH(tbl_Exercises[[#This Row],[ExerciseName]],tbl_Lookup_Exercises[ExerciseName],0)),""Unknown"")"
E-20260723-2729,S-20260723-01,Band Pull Aparts,2,0.0,15.0,,,,,,,,2026-07-23T17:04:22.256Z,Red band,8,2026-07-23T17:04:22.774Z,"=IFERROR(INDEX(tbl_Lookup_Exercises[Category],MATCH(tbl_Exercises[[#This Row],[ExerciseName]],tbl_Lookup_Exercises[ExerciseName],0)),""Unknown"")"
E-20260723-2730,S-20260723-01,Band External Rotations,2,0.0,12.0,,,,,,,,2026-07-23T17:04:22.256Z,Red band,8,2026-07-23T17:04:24.481Z,"=IFERROR(INDEX(tbl_Lookup_Exercises[Category],MATCH(tbl_Exercises[[#This Row],[ExerciseName]],tbl_Lookup_Exercises[ExerciseName],0)),""Unknown"")"
E-20260723-2731,S-20260723-01,Serratus Wall Slides (banded),2,0.0,8.0,,,,,,,,2026-07-23T17:04:22.256Z,Red band,8,2026-07-23T17:04:26.439Z,"=IFERROR(INDEX(tbl_Lookup_Exercises[Category],MATCH(tbl_Exercises[[#This Row],[ExerciseName]],tbl_Lookup_Exercises[ExerciseName],0)),""Unknown"")"
E-20260723-2732,S-20260723-01,Scap Push Ups,2,0.0,10.0,,,,,,,,2026-07-23T17:04:22.256Z,,8,2026-07-23T17:04:28.652Z,"=IFERROR(INDEX(tbl_Lookup_Exercises[Category],MATCH(tbl_Exercises[[#This Row],[ExerciseName]],tbl_Lookup_Exercises[ExerciseName],0)),""Unknown"")"
E-20260723-2733,S-20260723-01,Single Arm Cable Press (split stance),1,20.0,10.0,,,,,,,,,Warmup,8,2026-07-23T17:07:22.709Z,"=IFERROR(INDEX(tbl_Lookup_Exercises[Category],MATCH(tbl_Exercises[[#This Row],[ExerciseName]],tbl_Lookup_Exercises[ExerciseName],0)),""Unknown"")"
E-20260723-2734,S-20260723-01,Neutral Grip Dumbbell Floor Press,1,125.0,9.0,,,,2.0,1.0,3.0,1,,Tempo 2-1-3; RIR 1; Accidentally grabbed a 60 and 65. Right arm did 65. Right anterior capsule tightness. A little sore today on that side. Maybe from sleeping on that side? I’ll continue to monitor,8,2026-07-23T17:11:43.987Z,"=IFERROR(INDEX(tbl_Lookup_Exercises[Category],MATCH(tbl_Exercises[[#This Row],[ExerciseName]],tbl_Lookup_Exercises[ExerciseName],0)),""Unknown"")"
E-20260723-2735,S-20260723-01,Neutral Grip Dumbbell Floor Press,2,130.0,9.0,,,,2.0,1.0,3.0,1-2,,"Tempo 2-1-3, RIR 1-2; Less stiffness / awareness set 2 but definitely anterior capsule tightness - awareness",8,2026-07-23T17:16:39.680Z,"=IFERROR(INDEX(tbl_Lookup_Exercises[Category],MATCH(tbl_Exercises[[#This Row],[ExerciseName]],tbl_Lookup_Exercises[ExerciseName],0)),""Unknown"")"
E-20260723-2736,S-20260723-01,Neutral Grip Dumbbell Floor Press,3,130.0,8.0,,,,2.0,1.0,3.0,1,,Tempo 2-1-3; RIR 1; Less stiffness / awareness set 2 but definitely anterior capsule tightness - awareness,8,2026-07-23T17:20:37.162Z,"=IFERROR(INDEX(tbl_Lookup_Exercises[Category],MATCH(tbl_Exercises[[#This Row],[ExerciseName]],tbl_Lookup_Exercises[ExerciseName],0)),""Unknown"")"
E-20260723-2737,S-20260723-01,Neutral Grip Dumbbell Floor Press,4,130.0,7.0,,,,2.0,1.0,3.0,1,,Tempo 2-1-3; RIR 1; Less stiffness / awareness set 2 but definitely anterior capsule tightness - awareness,8,2026-07-23T17:25:25.069Z,"=IFERROR(INDEX(tbl_Lookup_Exercises[Category],MATCH(tbl_Exercises[[#This Row],[ExerciseName]],tbl_Lookup_Exercises[ExerciseName],0)),""Unknown"")"
E-20260723-2738,S-20260723-01,Machine Chest Press,1,95.0,10.0,,,,2.0,1.0,3.0,2,,Tempo 2-1-3; RIR 2; LifeFitness seat at 3 handles at 2; tempo ,8,2026-07-23T17:28:32.115Z,"=IFERROR(INDEX(tbl_Lookup_Exercises[Category],MATCH(tbl_Exercises[[#This Row],[ExerciseName]],tbl_Lookup_Exercises[ExerciseName],0)),""Unknown"")"
E-20260723-2739,S-20260723-01,Machine Chest Press,2,100.0,9.0,,,,2.0,1.0,3.0,2,,Tempo 2-1-3; RIR 2; LifeFitness seat at 3 handles at 2; tempo ,8,2026-07-23T17:31:26.707Z,"=IFERROR(INDEX(tbl_Lookup_Exercises[Category],MATCH(tbl_Exercises[[#This Row],[ExerciseName]],tbl_Lookup_Exercises[ExerciseName],0)),""Unknown"")"
E-20260723-2740,S-20260723-01,Machine Chest Press,3,100.0,8.0,,,,2.0,1.0,3.0,1,,Tempo 2-1-3; RIR 1; LifeFitness seat at 3 handles at 2; tempo ,8,2026-07-23T17:35:34.156Z,"=IFERROR(INDEX(tbl_Lookup_Exercises[Category],MATCH(tbl_Exercises[[#This Row],[ExerciseName]],tbl_Lookup_Exercises[ExerciseName],0)),""Unknown"")"
E-20260723-2741,S-20260723-01,Cable High To Mid Fly,1,10.0,12.0,,,,,,,,,Warmup and test to ensure tightness in anterior capsule isn’t pain. Gtg after warmup. Focus on low finish as that feels a bit better on anterior,8,2026-07-23T17:38:42.299Z,"=IFERROR(INDEX(tbl_Lookup_Exercises[Category],MATCH(tbl_Exercises[[#This Row],[ExerciseName]],tbl_Lookup_Exercises[ExerciseName],0)),""Unknown"")"
E-20260723-2742,S-20260723-01,Cable High To Mid Fly,2,15.0,12.0,,,,2.0,1.0,3.0,2,,Tempo 2-1-3; RIR 2; feels more difficult today. Cables at highest setting. Slow controlled movement. Finishing around belly button ,8,2026-07-23T17:41:45.504Z,"=IFERROR(INDEX(tbl_Lookup_Exercises[Category],MATCH(tbl_Exercises[[#This Row],[ExerciseName]],tbl_Lookup_Exercises[ExerciseName],0)),""Unknown"")"
E-20260723-2743,S-20260723-01,Cable High To Mid Fly,3,15.0,9.0,,,,2.0,1.0,3.0,1-2,,Tempo 2-1-3; RIR 1-2; feels more difficult today. Cables at highest setting. Slow controlled movement. Finishing around belly button ,8,2026-07-23T17:43:03.403Z,"=IFERROR(INDEX(tbl_Lookup_Exercises[Category],MATCH(tbl_Exercises[[#This Row],[ExerciseName]],tbl_Lookup_Exercises[ExerciseName],0)),""Unknown"")"
E-20260723-2744,S-20260723-01,Cable High To Mid Fly,4,20.0,9.0,,,,2.0,1.0,3.0,1-2,,Tempo 2-1-3; RIR 1-2; feels more difficult today. Cables at highest setting. Slow controlled movement. Finishing around belly button ,8,2026-07-23T17:45:44.606Z,"=IFERROR(INDEX(tbl_Lookup_Exercises[Category],MATCH(tbl_Exercises[[#This Row],[ExerciseName]],tbl_Lookup_Exercises[ExerciseName],0)),""Unknown"")"
E-20260723-2745,S-20260723-01,Seated Neutral Grip DB Overhead Press,1,30.0,10.0,,,,2.0,1.0,3.0,2+,,Tempo 2-1-3; RIR 2+,8,2026-07-23T17:51:20.045Z,"=IFERROR(INDEX(tbl_Lookup_Exercises[Category],MATCH(tbl_Exercises[[#This Row],[ExerciseName]],tbl_Lookup_Exercises[ExerciseName],0)),""Unknown"")"
E-20260723-2746,S-20260723-01,Seated Neutral Grip DB Overhead Press,2,40.0,10.0,,,,2.0,1.0,3.0,2,,Tempo 2-1-3; RIR 2,8,2026-07-23T17:53:53.643Z,"=IFERROR(INDEX(tbl_Lookup_Exercises[Category],MATCH(tbl_Exercises[[#This Row],[ExerciseName]],tbl_Lookup_Exercises[ExerciseName],0)),""Unknown"")"
E-20260723-2747,S-20260723-01,Seated Neutral Grip DB Overhead Press,3,50.0,11.0,,,,2.0,1.0,3.0,1-2,,Tempo 2-1-3; RIR 1-2,8,2026-07-23T17:57:11.677Z,"=IFERROR(INDEX(tbl_Lookup_Exercises[Category],MATCH(tbl_Exercises[[#This Row],[ExerciseName]],tbl_Lookup_Exercises[ExerciseName],0)),""Unknown"")"
E-20260723-2748,S-20260723-01,Single-Arm Overhead Cable Extension,1,25.0,9.0,,,,2.0,1.0,3.0,1,,Tempo 2-1-3; RIR 1; D-Grip; WTF 🤬 feels weak today. Fucker. Left failed at 5 again. Did 9 on right then finished 4 on left for full 9 reps,8,2026-07-23T18:00:26.591Z,"=IFERROR(INDEX(tbl_Lookup_Exercises[Category],MATCH(tbl_Exercises[[#This Row],[ExerciseName]],tbl_Lookup_Exercises[ExerciseName],0)),""Unknown"")"
E-20260723-2749,S-20260723-01,Single-Arm Overhead Cable Extension,2,25.0,8.0,,,,2.0,1.0,3.0,1,,Tempo 2-1-3; RIR 1; D-Grip;,8,2026-07-23T18:05:49.813Z,"=IFERROR(INDEX(tbl_Lookup_Exercises[Category],MATCH(tbl_Exercises[[#This Row],[ExerciseName]],tbl_Lookup_Exercises[ExerciseName],0)),""Unknown"")"
E-20260723-2750,S-20260723-01,Single-Arm Overhead Cable Extension,3,25.0,6.0,,,,2.0,1.0,3.0,1,,Tempo 2-1-3; RIR 1; D-Grip;,8,2026-07-23T18:08:57.538Z,"=IFERROR(INDEX(tbl_Lookup_Exercises[Category],MATCH(tbl_Exercises[[#This Row],[ExerciseName]],tbl_Lookup_Exercises[ExerciseName],0)),""Unknown"")"
E-20260723-2751,S-20260723-01,High Cable Tricep Pushdown,1,62.5,10.0,,,,2.0,1.0,3.0,1-2,,Tempo 2-1-3; RIR 1-2,8,2026-07-23T18:11:22.605Z,"=IFERROR(INDEX(tbl_Lookup_Exercises[Category],MATCH(tbl_Exercises[[#This Row],[ExerciseName]],tbl_Lookup_Exercises[ExerciseName],0)),""Unknown"")"
E-20260723-2752,S-20260723-01,High Cable Tricep Pushdown,2,65.0,8.0,,,,2.0,1.0,3.0,1-2,,Tempo 2-1-3; RIR 1-2,8,2026-07-23T18:13:15.856Z,"=IFERROR(INDEX(tbl_Lookup_Exercises[Category],MATCH(tbl_Exercises[[#This Row],[ExerciseName]],tbl_Lookup_Exercises[ExerciseName],0)),""Unknown"")"
E-20260723-2753,S-20260723-01,High Cable Tricep Pushdown,3,60.0,10.0,,,,2.0,1.0,3.0,1,,Tempo 2-1-3; RIR 1,8,2026-07-23T18:16:13.380Z,"=IFERROR(INDEX(tbl_Lookup_Exercises[Category],MATCH(tbl_Exercises[[#This Row],[ExerciseName]],tbl_Lookup_Exercises[ExerciseName],0)),""Unknown"")"
E-20260723-2754,S-20260723-01,High Cable Tricep Pushdown,4,70.0,5.0,,,,2.0,1.0,3.0,1,,Tempo 2-1-3; RIR 1,8,2026-07-23T18:17:53.333Z,"=IFERROR(INDEX(tbl_Lookup_Exercises[Category],MATCH(tbl_Exercises[[#This Row],[ExerciseName]],tbl_Lookup_Exercises[ExerciseName],0)),""Unknown"")"
E-20260723-2755,S-20260723-01,Endless Rope,1,,,20.0,0.0,km,,,,,,,8,2026-07-23T18:19:13.102Z,"=IFERROR(INDEX(tbl_Lookup_Exercises[Category],MATCH(tbl_Exercises[[#This Row],[ExerciseName]],tbl_Lookup_Exercises[ExerciseName],0)),""Unknown"")"
E-20260723-2756,S-20260723-01,Endless Rope,2,,,20.0,0.0,km,,,,,,,8,2026-07-23T18:20:19.842Z,"=IFERROR(INDEX(tbl_Lookup_Exercises[Category],MATCH(tbl_Exercises[[#This Row],[ExerciseName]],tbl_Lookup_Exercises[ExerciseName],0)),""Unknown"")"
E-20260723-2757,S-20260723-01,Endless Rope,3,,,20.0,0.0,km,,,,,,,8,2026-07-23T18:21:24.127Z,"=IFERROR(INDEX(tbl_Lookup_Exercises[Category],MATCH(tbl_Exercises[[#This Row],[ExerciseName]],tbl_Lookup_Exercises[ExerciseName],0)),""Unknown"")"
E-20260723-2758,S-20260723-01,Endless Rope,4,,,20.0,0.0,km,,,,,,,8,2026-07-23T18:22:28.604Z,"=IFERROR(INDEX(tbl_Lookup_Exercises[Category],MATCH(tbl_Exercises[[#This Row],[ExerciseName]],tbl_Lookup_Exercises[ExerciseName],0)),""Unknown"")"
E-20260723-2759,S-20260723-01,Endless Rope,5,,,20.0,0.0,km,,,,,,,8,2026-07-23T18:24:55.359Z,"=IFERROR(INDEX(tbl_Lookup_Exercises[Category],MATCH(tbl_Exercises[[#This Row],[ExerciseName]],tbl_Lookup_Exercises[ExerciseName],0)),""Unknown"")"
E-20260723-2760,S-20260723-01,Endless Rope,6,,,20.0,0.0,km,,,,,,,8,2026-07-23T18:24:55.790Z,"=IFERROR(INDEX(tbl_Lookup_Exercises[Category],MATCH(tbl_Exercises[[#This Row],[ExerciseName]],tbl_Lookup_Exercises[ExerciseName],0)),""Unknown"")"
E-20260725-2761,S-20260725-01,Treadmill Walking,1,,,300.0,0.57,km,,,,,,"4.3mph, 5% incline",8,2026-07-25T15:08:15.521Z,"=IFERROR(INDEX(tbl_Lookup_Exercises[Category],MATCH(tbl_Exercises[[#This Row],[ExerciseName]],tbl_Lookup_Exercises[ExerciseName],0)),""Unknown"")"
E-20260725-2762,S-20260725-01,Prisoners Squat,1,0.0,10.0,,,,,,,,2026-07-25T15:09:24.845Z,,8,2026-07-25T15:09:25.296Z,"=IFERROR(INDEX(tbl_Lookup_Exercises[Category],MATCH(tbl_Exercises[[#This Row],[ExerciseName]],tbl_Lookup_Exercises[ExerciseName],0)),""Unknown"")"
E-20260725-2763,S-20260725-01,Hip Hinge,1,0.0,10.0,,,,,,,,2026-07-25T15:09:24.845Z,,8,2026-07-25T15:10:08.848Z,"=IFERROR(INDEX(tbl_Lookup_Exercises[Category],MATCH(tbl_Exercises[[#This Row],[ExerciseName]],tbl_Lookup_Exercises[ExerciseName],0)),""Unknown"")"
E-20260725-2764,S-20260725-01,Walking Lunges,1,0.0,,8.0,,,,,,,2026-07-25T15:09:24.845Z,,8,2026-07-25T15:10:51.615Z,"=IFERROR(INDEX(tbl_Lookup_Exercises[Category],MATCH(tbl_Exercises[[#This Row],[ExerciseName]],tbl_Lookup_Exercises[ExerciseName],0)),""Unknown"")"
E-20260725-2765,S-20260725-01,Glute Extension,1,0.0,10.0,,,,,,,,2026-07-25T15:09:24.845Z,,8,2026-07-25T15:11:34.904Z,"=IFERROR(INDEX(tbl_Lookup_Exercises[Category],MATCH(tbl_Exercises[[#This Row],[ExerciseName]],tbl_Lookup_Exercises[ExerciseName],0)),""Unknown"")"
E-20260725-2766,S-20260725-01,Standing Calf Raise,1,0.0,15.0,,,,,,,,2026-07-25T15:09:24.845Z,,8,2026-07-25T15:12:08.856Z,"=IFERROR(INDEX(tbl_Lookup_Exercises[Category],MATCH(tbl_Exercises[[#This Row],[ExerciseName]],tbl_Lookup_Exercises[ExerciseName],0)),""Unknown"")"
E-20260725-2767,S-20260725-01,Prisoners Squat,2,0.0,10.0,,,,,,,,2026-07-25T15:13:37.042Z,,8,2026-07-25T15:13:37.730Z,"=IFERROR(INDEX(tbl_Lookup_Exercises[Category],MATCH(tbl_Exercises[[#This Row],[ExerciseName]],tbl_Lookup_Exercises[ExerciseName],0)),""Unknown"")"
E-20260725-2768,S-20260725-01,Hip Hinge,2,0.0,10.0,,,,,,,,2026-07-25T15:13:37.042Z,,8,2026-07-25T15:14:23.267Z,"=IFERROR(INDEX(tbl_Lookup_Exercises[Category],MATCH(tbl_Exercises[[#This Row],[ExerciseName]],tbl_Lookup_Exercises[ExerciseName],0)),""Unknown"")"
E-20260725-2769,S-20260725-01,Walking Lunges,2,0.0,,8.0,,,,,,,2026-07-25T15:13:37.042Z,,8,2026-07-25T15:15:04.361Z,"=IFERROR(INDEX(tbl_Lookup_Exercises[Category],MATCH(tbl_Exercises[[#This Row],[ExerciseName]],tbl_Lookup_Exercises[ExerciseName],0)),""Unknown"")"
E-20260725-2770,S-20260725-01,Glute Extension,2,0.0,10.0,,,,,,,,2026-07-25T15:13:37.042Z,,8,2026-07-25T15:15:38.074Z,"=IFERROR(INDEX(tbl_Lookup_Exercises[Category],MATCH(tbl_Exercises[[#This Row],[ExerciseName]],tbl_Lookup_Exercises[ExerciseName],0)),""Unknown"")"
E-20260725-2771,S-20260725-01,Standing Calf Raise,2,0.0,15.0,,,,,,,,2026-07-25T15:13:37.042Z,,8,2026-07-25T15:16:10.157Z,"=IFERROR(INDEX(tbl_Lookup_Exercises[Category],MATCH(tbl_Exercises[[#This Row],[ExerciseName]],tbl_Lookup_Exercises[ExerciseName],0)),""Unknown"")"
E-20260725-2772,S-20260725-01,Farmer's Walk,1,150.0,,75.0,,,,,,,,"2 mph, 0.5% incline ",8,2026-07-25T15:22:04.930Z,"=IFERROR(INDEX(tbl_Lookup_Exercises[Category],MATCH(tbl_Exercises[[#This Row],[ExerciseName]],tbl_Lookup_Exercises[ExerciseName],0)),""Unknown"")"
E-20260725-2773,S-20260725-01,Farmer's Walk,2,150.0,,70.19999999999999,,,,,,,,"2 mph, 0.5% incline; 67/60=1.117; right index finger roll first ",8,2026-07-25T15:26:08.925Z,"=IFERROR(INDEX(tbl_Lookup_Exercises[Category],MATCH(tbl_Exercises[[#This Row],[ExerciseName]],tbl_Lookup_Exercises[ExerciseName],0)),""Unknown"")"
E-20260725-2774,S-20260725-01,Farmer's Walk,3,150.0,,60.0,,,,,,,,"2 mph, 0.5% incline;;  index finger roll right, pinky on left first",8,2026-07-25T15:29:33.011Z,"=IFERROR(INDEX(tbl_Lookup_Exercises[Category],MATCH(tbl_Exercises[[#This Row],[ExerciseName]],tbl_Lookup_Exercises[ExerciseName],0)),""Unknown"")"
E-20260725-2775,S-20260725-01,Farmer's Walk,4,150.0,,55.2,,,,,,,,"Left rolled first, all fingers; 55/60=0.917",8,2026-07-25T15:34:07.158Z,"=IFERROR(INDEX(tbl_Lookup_Exercises[Category],MATCH(tbl_Exercises[[#This Row],[ExerciseName]],tbl_Lookup_Exercises[ExerciseName],0)),""Unknown"")"
E-20260725-2776,S-20260725-01,Goblet Squat,1,75.0,10.0,,,,2.0,1.0,3.0,1-2,,"Tempo 2-1-3; RIR 1-2; practicing proper breathing (inhale, brace, slow exhale to stand)",8,2026-07-25T15:39:10.480Z,"=IFERROR(INDEX(tbl_Lookup_Exercises[Category],MATCH(tbl_Exercises[[#This Row],[ExerciseName]],tbl_Lookup_Exercises[ExerciseName],0)),""Unknown"")"
E-20260725-2777,S-20260725-01,Goblet Squat,2,75.0,10.0,,,,2.0,1.0,3.0,1-2,,"Tempo 2-1-3; RIR 1-2; practicing proper breathing (inhale, brace, slow exhale to stand)",8,2026-07-25T15:42:24.649Z,"=IFERROR(INDEX(tbl_Lookup_Exercises[Category],MATCH(tbl_Exercises[[#This Row],[ExerciseName]],tbl_Lookup_Exercises[ExerciseName],0)),""Unknown"")"
E-20260725-2778,S-20260725-01,Goblet Squat,3,75.0,9.0,,,,2.0,1.0,3.0,1-2,,"Tempo 2-1-3; RIR 1-2; practicing proper breathing (inhale, brace, slow exhale to stand)",8,2026-07-25T15:45:24.652Z,"=IFERROR(INDEX(tbl_Lookup_Exercises[Category],MATCH(tbl_Exercises[[#This Row],[ExerciseName]],tbl_Lookup_Exercises[ExerciseName],0)),""Unknown"")"
E-20260725-2779,S-20260725-01,Goblet Squat,4,75.0,9.0,,,,2.0,1.0,3.0,1-2,,"Tempo 2-1-3; RIR 1-2; practicing proper breathing (inhale, brace, slow exhale to stand)",8,2026-07-25T15:49:57.786Z,"=IFERROR(INDEX(tbl_Lookup_Exercises[Category],MATCH(tbl_Exercises[[#This Row],[ExerciseName]],tbl_Lookup_Exercises[ExerciseName],0)),""Unknown"")"
E-20260725-2780,S-20260725-01,Dumbbell Romanian Deadlift,1,150.0,10.0,,,,2.0,1.0,3.0,2,,Tempo 2-1-3; RIR 2,8,2026-07-25T15:52:07.383Z,"=IFERROR(INDEX(tbl_Lookup_Exercises[Category],MATCH(tbl_Exercises[[#This Row],[ExerciseName]],tbl_Lookup_Exercises[ExerciseName],0)),""Unknown"")"
E-20260725-2781,S-20260725-01,Dumbbell Romanian Deadlift,2,150.0,10.0,,,,2.0,1.0,3.0,2,,Tempo 2-1-3; RIR 2,8,2026-07-25T15:55:27.013Z,"=IFERROR(INDEX(tbl_Lookup_Exercises[Category],MATCH(tbl_Exercises[[#This Row],[ExerciseName]],tbl_Lookup_Exercises[ExerciseName],0)),""Unknown"")"
E-20260725-2782,S-20260725-01,Dumbbell Romanian Deadlift,3,150.0,9.0,,,,2.0,1.0,3.0,1,,Tempo 2-1-3; RIR 1; rolled to fingertips ,8,2026-07-25T15:58:42.824Z,"=IFERROR(INDEX(tbl_Lookup_Exercises[Category],MATCH(tbl_Exercises[[#This Row],[ExerciseName]],tbl_Lookup_Exercises[ExerciseName],0)),""Unknown"")"
E-20260725-2783,S-20260725-01,Bulgarian Split Squat,1,40.0,8.0,,,,3.0,1.0,2.0,2,,Tempo 3-1-2; RIR 2; contralateral load with single 40 lb DB ,8,2026-07-25T16:03:15.335Z,"=IFERROR(INDEX(tbl_Lookup_Exercises[Category],MATCH(tbl_Exercises[[#This Row],[ExerciseName]],tbl_Lookup_Exercises[ExerciseName],0)),""Unknown"")"
E-20260725-2784,S-20260725-01,Bulgarian Split Squat,2,45.0,8.0,,,,3.0,1.0,2.0,1-2,,Tempo 3-1-2; RIR 1-2; contralateral load with single 40 lb DB ,8,2026-07-25T16:05:33.813Z,"=IFERROR(INDEX(tbl_Lookup_Exercises[Category],MATCH(tbl_Exercises[[#This Row],[ExerciseName]],tbl_Lookup_Exercises[ExerciseName],0)),""Unknown"")"
E-20260725-2785,S-20260725-01,Bulgarian Split Squat,3,50.0,8.0,,,,3.0,1.0,2.0,1-2,,Left fatigue around 6-7; Tempo 3-1-2; RIR 1-2; contralateral load with single 40 lb DB ,8,2026-07-25T16:09:23.817Z,"=IFERROR(INDEX(tbl_Lookup_Exercises[Category],MATCH(tbl_Exercises[[#This Row],[ExerciseName]],tbl_Lookup_Exercises[ExerciseName],0)),""Unknown"")"
E-20260725-2786,S-20260725-01,Barbell Standing Calf Raise,1,110.0,15.0,,,,2.0,1.0,3.0,2,,Tempo 2-1-3; RIR 2; 45 + 10s on each side of vertical Smith Rack; slight lower back ‘tweak’ when spinning the bar to re-rack,8,2026-07-25T16:15:35.896Z,"=IFERROR(INDEX(tbl_Lookup_Exercises[Category],MATCH(tbl_Exercises[[#This Row],[ExerciseName]],tbl_Lookup_Exercises[ExerciseName],0)),""Unknown"")"
E-20260725-2787,S-20260725-01,Barbell Standing Calf Raise,2,110.0,15.0,,,,2.0,1.0,3.0,2,,Tempo 2-1-3; RIR 2; 45 + 10s on each side of vertical Smith Rack;,8,2026-07-25T16:17:03.779Z,"=IFERROR(INDEX(tbl_Lookup_Exercises[Category],MATCH(tbl_Exercises[[#This Row],[ExerciseName]],tbl_Lookup_Exercises[ExerciseName],0)),""Unknown"")"
E-20260725-2788,S-20260725-01,Barbell Standing Calf Raise,3,120.0,13.0,,,,2.0,1.0,3.0,1-2,,Tempo 2-1-3; RIR 1-2; 45 + 10s + 5s on each side of vertical Smith Rack;,8,2026-07-25T16:21:15.299Z,"=IFERROR(INDEX(tbl_Lookup_Exercises[Category],MATCH(tbl_Exercises[[#This Row],[ExerciseName]],tbl_Lookup_Exercises[ExerciseName],0)),""Unknown"")"
E-20260725-2789,S-20260725-01,Rowing,1,,,20.0,0.0,km,,,,,,20 sec sprint followed by 40 sec easy,8,2026-07-25T16:34:03.991Z,"=IFERROR(INDEX(tbl_Lookup_Exercises[Category],MATCH(tbl_Exercises[[#This Row],[ExerciseName]],tbl_Lookup_Exercises[ExerciseName],0)),""Unknown"")"
E-20260725-2790,S-20260725-01,Rowing,2,,,20.0,0.0,km,,,,,,20 sec sprint followed by 40 sec easy,8,2026-07-25T16:34:05.598Z,"=IFERROR(INDEX(tbl_Lookup_Exercises[Category],MATCH(tbl_Exercises[[#This Row],[ExerciseName]],tbl_Lookup_Exercises[ExerciseName],0)),""Unknown"")"
E-20260725-2791,S-20260725-01,Rowing,3,,,20.0,0.0,km,,,,,,20 sec sprint followed by 40 sec easy,8,2026-07-25T16:34:06.388Z,"=IFERROR(INDEX(tbl_Lookup_Exercises[Category],MATCH(tbl_Exercises[[#This Row],[ExerciseName]],tbl_Lookup_Exercises[ExerciseName],0)),""Unknown"")"
E-20260725-2792,S-20260725-01,Rowing,4,,,20.0,0.0,km,,,,,,20 sec sprint followed by 40 sec easy,8,2026-07-25T16:34:07.053Z,"=IFERROR(INDEX(tbl_Lookup_Exercises[Category],MATCH(tbl_Exercises[[#This Row],[ExerciseName]],tbl_Lookup_Exercises[ExerciseName],0)),""Unknown"")"
E-20260725-2793,S-20260725-01,Rowing,5,,,20.0,0.0,km,,,,,,20 sec sprint followed by 40 sec easy,8,2026-07-25T16:34:07.705Z,"=IFERROR(INDEX(tbl_Lookup_Exercises[Category],MATCH(tbl_Exercises[[#This Row],[ExerciseName]],tbl_Lookup_Exercises[ExerciseName],0)),""Unknown"")"
E-20260725-2794,S-20260725-01,Rowing,6,,,20.0,0.0,km,,,,,,20 sec sprint followed by 40 sec easy,8,2026-07-25T16:34:08.325Z,"=IFERROR(INDEX(tbl_Lookup_Exercises[Category],MATCH(tbl_Exercises[[#This Row],[ExerciseName]],tbl_Lookup_Exercises[ExerciseName],0)),""Unknown"")"
E-20260725-2795,S-20260725-01,Rowing,7,,,20.0,0.0,km,,,,,,20 sec sprint followed by 40 sec easy stroke ,8,2026-07-25T16:34:36.134Z,"=IFERROR(INDEX(tbl_Lookup_Exercises[Category],MATCH(tbl_Exercises[[#This Row],[ExerciseName]],tbl_Lookup_Exercises[ExerciseName],0)),""Unknown"")"
E-20260725-2796,S-20260725-01,Rowing,8,,,20.0,0.0,km,,,,,,2001 meters by the completion of 8 sets; 20 sec sprint followed by 40 sec easy,8,2026-07-25T16:34:37.489Z,"=IFERROR(INDEX(tbl_Lookup_Exercises[Category],MATCH(tbl_Exercises[[#This Row],[ExerciseName]],tbl_Lookup_Exercises[ExerciseName],0)),""Unknown"")"
E-20260726-2797,S-20260726-01,Treadmill Walking,1,,,302.0,0.59,km,,,,,,"4.4 mph, 5% incline",8,2026-07-26T14:48:02.526Z,"=IFERROR(INDEX(tbl_Lookup_Exercises[Category],MATCH(tbl_Exercises[[#This Row],[ExerciseName]],tbl_Lookup_Exercises[ExerciseName],0)),""Unknown"")"
E-20260726-2798,S-20260726-01,Band Pull Aparts,1,0.0,15.0,,,,,,,,2026-07-26T14:52:06.671Z,Red band,8,2026-07-26T14:52:15.076Z,"=IFERROR(INDEX(tbl_Lookup_Exercises[Category],MATCH(tbl_Exercises[[#This Row],[ExerciseName]],tbl_Lookup_Exercises[ExerciseName],0)),""Unknown"")"
E-20260726-2799,S-20260726-01,Band External Rotations,1,0.0,12.0,,,,,,,,2026-07-26T14:52:06.671Z,Red ,8,2026-07-26T14:52:19.428Z,"=IFERROR(INDEX(tbl_Lookup_Exercises[Category],MATCH(tbl_Exercises[[#This Row],[ExerciseName]],tbl_Lookup_Exercises[ExerciseName],0)),""Unknown"")"
E-20260726-2800,S-20260726-01,Serratus Wall Slides (banded),1,0.0,8.0,,,,,,,,2026-07-26T14:52:06.671Z,Red,8,2026-07-26T14:52:23.467Z,"=IFERROR(INDEX(tbl_Lookup_Exercises[Category],MATCH(tbl_Exercises[[#This Row],[ExerciseName]],tbl_Lookup_Exercises[ExerciseName],0)),""Unknown"")"
E-20260726-2801,S-20260726-01,Scap Push Ups,1,0.0,12.0,,,,,,,,2026-07-26T14:52:06.671Z,,8,2026-07-26T14:53:21.533Z,"=IFERROR(INDEX(tbl_Lookup_Exercises[Category],MATCH(tbl_Exercises[[#This Row],[ExerciseName]],tbl_Lookup_Exercises[ExerciseName],0)),""Unknown"")"
E-20260726-2802,S-20260726-01,Band Pull Aparts,2,0.0,15.0,,,,,,,,2026-07-26T14:57:58.406Z,Red band,8,2026-07-26T14:57:59.699Z,"=IFERROR(INDEX(tbl_Lookup_Exercises[Category],MATCH(tbl_Exercises[[#This Row],[ExerciseName]],tbl_Lookup_Exercises[ExerciseName],0)),""Unknown"")"
E-20260726-2803,S-20260726-01,Band External Rotations,2,0.0,12.0,,,,,,,,2026-07-26T14:57:58.406Z,Red ,8,2026-07-26T14:58:01.452Z,"=IFERROR(INDEX(tbl_Lookup_Exercises[Category],MATCH(tbl_Exercises[[#This Row],[ExerciseName]],tbl_Lookup_Exercises[ExerciseName],0)),""Unknown"")"
E-20260726-2804,S-20260726-01,Serratus Wall Slides (banded),2,0.0,8.0,,,,,,,,2026-07-26T14:57:58.406Z,Red,8,2026-07-26T14:58:02.958Z,"=IFERROR(INDEX(tbl_Lookup_Exercises[Category],MATCH(tbl_Exercises[[#This Row],[ExerciseName]],tbl_Lookup_Exercises[ExerciseName],0)),""Unknown"")"
E-20260726-2805,S-20260726-01,Scap Push Ups,2,0.0,12.0,,,,,,,,2026-07-26T14:57:58.406Z,,8,2026-07-26T14:58:04.783Z,"=IFERROR(INDEX(tbl_Lookup_Exercises[Category],MATCH(tbl_Exercises[[#This Row],[ExerciseName]],tbl_Lookup_Exercises[ExerciseName],0)),""Unknown"")"
E-20260726-2806,S-20260726-01,Alternate Seated DB Curl,1,30.0,10.0,,,,2.0,1.0,3.0,2,,Tempo 2-1-3; RIR 2,8,2026-07-26T15:02:52.439Z,"=IFERROR(INDEX(tbl_Lookup_Exercises[Category],MATCH(tbl_Exercises[[#This Row],[ExerciseName]],tbl_Lookup_Exercises[ExerciseName],0)),""Unknown"")"
E-20260726-2807,S-20260726-01,Alternate Seated DB Curl,2,30.0,11.0,,,,2.0,1.0,3.0,1-2,,Tempo 2-1-3; RIR 1-2,8,2026-07-26T15:05:41.563Z,"=IFERROR(INDEX(tbl_Lookup_Exercises[Category],MATCH(tbl_Exercises[[#This Row],[ExerciseName]],tbl_Lookup_Exercises[ExerciseName],0)),""Unknown"")"
E-20260726-2808,S-20260726-01,Alternate Seated DB Curl,3,35.0,8.0,,,,2.0,1.0,3.0,1-2,,Tempo 2-1-3; RIR 1-2,8,2026-07-26T15:09:35.410Z,"=IFERROR(INDEX(tbl_Lookup_Exercises[Category],MATCH(tbl_Exercises[[#This Row],[ExerciseName]],tbl_Lookup_Exercises[ExerciseName],0)),""Unknown"")"
E-20260726-2809,S-20260726-01,Single-Arm Overhead Cable Extension,1,25.0,11.0,,,,2.0,1.0,3.0,1-2,,Tempo 2-1-3; RIR 1-2; good symmetry ,8,2026-07-26T15:15:06.139Z,"=IFERROR(INDEX(tbl_Lookup_Exercises[Category],MATCH(tbl_Exercises[[#This Row],[ExerciseName]],tbl_Lookup_Exercises[ExerciseName],0)),""Unknown"")"
E-20260726-2810,S-20260726-01,Single-Arm Overhead Cable Extension,2,25.0,10.0,,,,2.0,1.0,3.0,1,,Tempo 2-1-3; RIR 1; good ,8,2026-07-26T15:15:13.552Z,"=IFERROR(INDEX(tbl_Lookup_Exercises[Category],MATCH(tbl_Exercises[[#This Row],[ExerciseName]],tbl_Lookup_Exercises[ExerciseName],0)),""Unknown"")"
E-20260726-2811,S-20260726-01,Single-Arm Overhead Cable Extension,3,25.0,8.0,,,,2.0,1.0,3.0,1-2,,"Left slowed at 6, right at 7; Tempo 2-1-3; RIR 1-2; good symmetry ",8,2026-07-26T15:18:29.081Z,"=IFERROR(INDEX(tbl_Lookup_Exercises[Category],MATCH(tbl_Exercises[[#This Row],[ExerciseName]],tbl_Lookup_Exercises[ExerciseName],0)),""Unknown"")"
E-20260726-2812,S-20260726-01,Single Arm Rope Curl (extended Arm Position ),1,27.5,11.0,,,,2.0,1.0,3.0,1-2,,Tempo 2-1-3; RIR 1-2,8,2026-07-26T15:22:08.659Z,"=IFERROR(INDEX(tbl_Lookup_Exercises[Category],MATCH(tbl_Exercises[[#This Row],[ExerciseName]],tbl_Lookup_Exercises[ExerciseName],0)),""Unknown"")"
E-20260726-2813,S-20260726-01,Single Arm Rope Curl (extended Arm Position ),2,27.5,10.0,,,,2.0,1.0,3.0,1,,Tempo 2-1-3; RIR 1,8,2026-07-26T15:25:44.115Z,"=IFERROR(INDEX(tbl_Lookup_Exercises[Category],MATCH(tbl_Exercises[[#This Row],[ExerciseName]],tbl_Lookup_Exercises[ExerciseName],0)),""Unknown"")"
E-20260726-2814,S-20260726-01,Single Arm Rope Curl (extended Arm Position ),3,27.5,9.0,,,,2.0,1.0,3.0,1,,Tempo 2-1-3; RIR 1,8,2026-07-26T15:29:27.577Z,"=IFERROR(INDEX(tbl_Lookup_Exercises[Category],MATCH(tbl_Exercises[[#This Row],[ExerciseName]],tbl_Lookup_Exercises[ExerciseName],0)),""Unknown"")"
E-20260726-2815,S-20260726-01,High Cable Tricep Pushdown,1,65.0,11.0,,,,2.0,1.0,3.0,2,,Tempo 2-1-3; RIR 2,8,2026-07-26T15:32:16.991Z,"=IFERROR(INDEX(tbl_Lookup_Exercises[Category],MATCH(tbl_Exercises[[#This Row],[ExerciseName]],tbl_Lookup_Exercises[ExerciseName],0)),""Unknown"")"
E-20260726-2816,S-20260726-01,High Cable Tricep Pushdown,2,70.0,10.0,,,,2.0,1.0,3.0,1-2,,Tempo 2-1-3; RIR 1-2,8,2026-07-26T15:34:35.629Z,"=IFERROR(INDEX(tbl_Lookup_Exercises[Category],MATCH(tbl_Exercises[[#This Row],[ExerciseName]],tbl_Lookup_Exercises[ExerciseName],0)),""Unknown"")"
E-20260726-2817,S-20260726-01,High Cable Tricep Pushdown,3,70.0,9.0,,,,2.0,1.0,3.0,1,,Tempo 2-1-3; RIR 1,8,2026-07-26T15:37:00.141Z,"=IFERROR(INDEX(tbl_Lookup_Exercises[Category],MATCH(tbl_Exercises[[#This Row],[ExerciseName]],tbl_Lookup_Exercises[ExerciseName],0)),""Unknown"")"
E-20260726-2818,S-20260726-01,Face Pull (w External Rotation),1,42.5,15.0,,,,2.0,1.0,3.0,2,,Tempo 2-1-3; RIR 2,8,2026-07-26T15:40:02.381Z,"=IFERROR(INDEX(tbl_Lookup_Exercises[Category],MATCH(tbl_Exercises[[#This Row],[ExerciseName]],tbl_Lookup_Exercises[ExerciseName],0)),""Unknown"")"
E-20260726-2819,S-20260726-01,Face Pull (w External Rotation),2,42.5,15.0,,,,2.0,1.0,3.0,1-2,,Tempo 2-1-3; RIR 1-2,8,2026-07-26T15:42:48.609Z,"=IFERROR(INDEX(tbl_Lookup_Exercises[Category],MATCH(tbl_Exercises[[#This Row],[ExerciseName]],tbl_Lookup_Exercises[ExerciseName],0)),""Unknown"")"
E-20260726-2820,S-20260726-01,Face Pull (w External Rotation),3,42.5,13.0,,,,2.0,1.0,3.0,1-2,,Tempo 2-1-3; RIR 1-2,8,2026-07-26T15:45:11.831Z,"=IFERROR(INDEX(tbl_Lookup_Exercises[Category],MATCH(tbl_Exercises[[#This Row],[ExerciseName]],tbl_Lookup_Exercises[ExerciseName],0)),""Unknown"")"
E-20260726-2821,S-20260726-01,Farmer’s Hold,1,150.0,,75.0,,,,,,,,,8,2026-07-26T15:49:47.694Z,"=IFERROR(INDEX(tbl_Lookup_Exercises[Category],MATCH(tbl_Exercises[[#This Row],[ExerciseName]],tbl_Lookup_Exercises[ExerciseName],0)),""Unknown"")"
E-20260726-2822,S-20260726-01,Farmer’s Hold,2,150.0,,64.80000000000001,,,,,,,,65/60=1.0833,8,2026-07-26T15:53:24.530Z,"=IFERROR(INDEX(tbl_Lookup_Exercises[Category],MATCH(tbl_Exercises[[#This Row],[ExerciseName]],tbl_Lookup_Exercises[ExerciseName],0)),""Unknown"")"
E-20260726-2823,S-20260726-01,Farmer’s Hold,3,150.0,,60.0,,,,,,,,"65/60=1.0833; forearms burning first, then finger roll",8,2026-07-26T15:56:38.584Z,"=IFERROR(INDEX(tbl_Lookup_Exercises[Category],MATCH(tbl_Exercises[[#This Row],[ExerciseName]],tbl_Lookup_Exercises[ExerciseName],0)),""Unknown"")"
E-20260726-2824,S-20260726-01,Farmer’s Hold,4,150.0,,63.0,,,,,,,,"63/60=; forearms burning first, then finger roll",8,2026-07-26T15:59:59.467Z,"=IFERROR(INDEX(tbl_Lookup_Exercises[Category],MATCH(tbl_Exercises[[#This Row],[ExerciseName]],tbl_Lookup_Exercises[ExerciseName],0)),""Unknown"")"
E-20260726-2825,S-20260726-01,Endless Rope,1,,,20.0,0.0,km,,,,,,,8,2026-07-26T16:02:16.899Z,"=IFERROR(INDEX(tbl_Lookup_Exercises[Category],MATCH(tbl_Exercises[[#This Row],[ExerciseName]],tbl_Lookup_Exercises[ExerciseName],0)),""Unknown"")"
E-20260726-2826,S-20260726-01,Endless Rope,2,,,20.0,0.0,km,,,,,,,8,2026-07-26T16:03:20.496Z,"=IFERROR(INDEX(tbl_Lookup_Exercises[Category],MATCH(tbl_Exercises[[#This Row],[ExerciseName]],tbl_Lookup_Exercises[ExerciseName],0)),""Unknown"")"
E-20260726-2827,S-20260726-01,Endless Rope,3,,,20.0,0.0,km,,,,,,,8,2026-07-26T16:04:28.940Z,"=IFERROR(INDEX(tbl_Lookup_Exercises[Category],MATCH(tbl_Exercises[[#This Row],[ExerciseName]],tbl_Lookup_Exercises[ExerciseName],0)),""Unknown"")"
E-20260726-2828,S-20260726-01,Endless Rope,4,,,20.0,0.0,km,,,,,,,8,2026-07-26T16:05:40.952Z,"=IFERROR(INDEX(tbl_Lookup_Exercises[Category],MATCH(tbl_Exercises[[#This Row],[ExerciseName]],tbl_Lookup_Exercises[ExerciseName],0)),""Unknown"")"
E-20260726-2829,S-20260726-01,Endless Rope,5,,,20.0,0.0,km,,,,,,,8,2026-07-26T16:06:47.583Z,"=IFERROR(INDEX(tbl_Lookup_Exercises[Category],MATCH(tbl_Exercises[[#This Row],[ExerciseName]],tbl_Lookup_Exercises[ExerciseName],0)),""Unknown"")"
E-20260726-2830,S-20260726-01,Endless Rope,6,,,20.0,0.0,km,,,,,,,8,2026-07-26T16:08:09.752Z,"=IFERROR(INDEX(tbl_Lookup_Exercises[Category],MATCH(tbl_Exercises[[#This Row],[ExerciseName]],tbl_Lookup_Exercises[ExerciseName],0)),""Unknown"")"
E-20260727-2831,S-20260727-01,Treadmill Walking,1,,,308.0,0.6,km,,,,,,"4.4 mph, 5% incline, warmup",8,2026-07-27T18:41:15.665Z,"=IFERROR(INDEX(tbl_Lookup_Exercises[Category],MATCH(tbl_Exercises[[#This Row],[ExerciseName]],tbl_Lookup_Exercises[ExerciseName],0)),""Unknown"")"
E-20260727-2832,S-20260727-01,Band Pull Aparts,1,0.0,15.0,,,,,,,,2026-07-27T18:53:18.357Z,Red band ,8,2026-07-27T18:53:19.012Z,"=IFERROR(INDEX(tbl_Lookup_Exercises[Category],MATCH(tbl_Exercises[[#This Row],[ExerciseName]],tbl_Lookup_Exercises[ExerciseName],0)),""Unknown"")"
E-20260727-2833,S-20260727-01,Band External Rotations,1,0.0,12.0,,,,,,,,2026-07-27T18:53:18.357Z,Red band ,8,2026-07-27T18:53:22.503Z,"=IFERROR(INDEX(tbl_Lookup_Exercises[Category],MATCH(tbl_Exercises[[#This Row],[ExerciseName]],tbl_Lookup_Exercises[ExerciseName],0)),""Unknown"")"
E-20260727-2834,S-20260727-01,Serratus Wall Slides (banded),1,0.0,8.0,,,,,,,,2026-07-27T18:53:18.357Z,Red band ,8,2026-07-27T18:53:26.172Z,"=IFERROR(INDEX(tbl_Lookup_Exercises[Category],MATCH(tbl_Exercises[[#This Row],[ExerciseName]],tbl_Lookup_Exercises[ExerciseName],0)),""Unknown"")"
E-20260727-2835,S-20260727-01,Cat-Camel,1,0.0,10.0,,,,,,,,2026-07-27T18:53:18.357Z,,8,2026-07-27T18:53:28.916Z,"=IFERROR(INDEX(tbl_Lookup_Exercises[Category],MATCH(tbl_Exercises[[#This Row],[ExerciseName]],tbl_Lookup_Exercises[ExerciseName],0)),""Unknown"")"
E-20260727-2836,S-20260727-01,Band Pull Aparts,2,0.0,15.0,,,,,,,,2026-07-27T18:53:33.881Z,Red band ,8,2026-07-27T18:53:34.350Z,"=IFERROR(INDEX(tbl_Lookup_Exercises[Category],MATCH(tbl_Exercises[[#This Row],[ExerciseName]],tbl_Lookup_Exercises[ExerciseName],0)),""Unknown"")"
E-20260727-2837,S-20260727-01,Band External Rotations,2,0.0,12.0,,,,,,,,2026-07-27T18:53:33.881Z,Red band ,8,2026-07-27T18:53:35.755Z,"=IFERROR(INDEX(tbl_Lookup_Exercises[Category],MATCH(tbl_Exercises[[#This Row],[ExerciseName]],tbl_Lookup_Exercises[ExerciseName],0)),""Unknown"")"
E-20260727-2838,S-20260727-01,Serratus Wall Slides (banded),2,0.0,8.0,,,,,,,,2026-07-27T18:53:33.881Z,Red band ,8,2026-07-27T18:53:37.044Z,"=IFERROR(INDEX(tbl_Lookup_Exercises[Category],MATCH(tbl_Exercises[[#This Row],[ExerciseName]],tbl_Lookup_Exercises[ExerciseName],0)),""Unknown"")"
E-20260727-2839,S-20260727-01,Cat-Camel,2,0.0,10.0,,,,,,,,2026-07-27T18:53:33.881Z,,8,2026-07-27T18:53:39.604Z,"=IFERROR(INDEX(tbl_Lookup_Exercises[Category],MATCH(tbl_Exercises[[#This Row],[ExerciseName]],tbl_Lookup_Exercises[ExerciseName],0)),""Unknown"")"
E-20260727-2840,S-20260727-01,Dead Hang,1,0.0,,30.0,,,,,,,,,8,2026-07-27T18:53:45.159Z,"=IFERROR(INDEX(tbl_Lookup_Exercises[Category],MATCH(tbl_Exercises[[#This Row],[ExerciseName]],tbl_Lookup_Exercises[ExerciseName],0)),""Unknown"")"
E-20260727-2841,S-20260727-01,Farmer's Walk,1,150.0,,75.0,,,,,,,,"2 mph, 0.5% incline ",8,2026-07-27T18:57:15.069Z,"=IFERROR(INDEX(tbl_Lookup_Exercises[Category],MATCH(tbl_Exercises[[#This Row],[ExerciseName]],tbl_Lookup_Exercises[ExerciseName],0)),""Unknown"")"
E-20260727-2842,S-20260727-01,Farmer's Walk,2,150.0,,64.80000000000001,,,,,,,,"65/60=1.0833; 2 mph, 0.5% incline",8,2026-07-27T19:00:41.231Z,"=IFERROR(INDEX(tbl_Lookup_Exercises[Category],MATCH(tbl_Exercises[[#This Row],[ExerciseName]],tbl_Lookup_Exercises[ExerciseName],0)),""Unknown"")"
E-20260727-2843,S-20260727-01,Farmer's Walk,3,150.0,,60.0,,,,,,,,"2 mph, 0.5% incline",8,2026-07-27T19:04:05.747Z,"=IFERROR(INDEX(tbl_Lookup_Exercises[Category],MATCH(tbl_Exercises[[#This Row],[ExerciseName]],tbl_Lookup_Exercises[ExerciseName],0)),""Unknown"")"
E-20260727-2844,S-20260727-01,Farmer's Walk,4,150.0,,55.800000000000004,,,,,,,,"2 mph, 0.5% incline; 56/60=0.933",8,2026-07-27T19:07:29.417Z,"=IFERROR(INDEX(tbl_Lookup_Exercises[Category],MATCH(tbl_Exercises[[#This Row],[ExerciseName]],tbl_Lookup_Exercises[ExerciseName],0)),""Unknown"")"
E-20260727-2845,S-20260727-01,Machine Row,1,195.0,8.0,,,,2.0,1.0,3.0,2,,Tempo 2-1-3; RIR 2; seat/chest at 5/7,8,2026-07-27T19:11:34.490Z,"=IFERROR(INDEX(tbl_Lookup_Exercises[Category],MATCH(tbl_Exercises[[#This Row],[ExerciseName]],tbl_Lookup_Exercises[ExerciseName],0)),""Unknown"")"
E-20260727-2846,S-20260727-01,Machine Row,2,200.0,8.0,,,,2.0,1.0,3.0,2,,Tempo 2-1-3; RIR 2; seat/chest at 5/7,8,2026-07-27T19:14:27.336Z,"=IFERROR(INDEX(tbl_Lookup_Exercises[Category],MATCH(tbl_Exercises[[#This Row],[ExerciseName]],tbl_Lookup_Exercises[ExerciseName],0)),""Unknown"")"
E-20260727-2847,S-20260727-01,Machine Row,3,205.0,8.0,,,,2.0,1.0,3.0,1-2,,Tempo 2-1-3; RIR 1-2; seat/chest at 5/7,8,2026-07-27T19:17:29.119Z,"=IFERROR(INDEX(tbl_Lookup_Exercises[Category],MATCH(tbl_Exercises[[#This Row],[ExerciseName]],tbl_Lookup_Exercises[ExerciseName],0)),""Unknown"")"
E-20260727-2848,S-20260727-01,Machine Row,4,210.0,6.0,,,,2.0,1.0,3.0,1,,Tempo 2-1-3; RIR 1; seat/chest at 5/7,8,2026-07-27T19:21:23.593Z,"=IFERROR(INDEX(tbl_Lookup_Exercises[Category],MATCH(tbl_Exercises[[#This Row],[ExerciseName]],tbl_Lookup_Exercises[ExerciseName],0)),""Unknown"")"
E-20260727-2849,S-20260727-01,Single-Arm Neutral Grip Cable Pulldown,1,70.0,12.0,,,,2.0,1.0,3.0,2,,Left first; tempo 2-1-3; RIR 2,8,2026-07-27T19:25:06.620Z,"=IFERROR(INDEX(tbl_Lookup_Exercises[Category],MATCH(tbl_Exercises[[#This Row],[ExerciseName]],tbl_Lookup_Exercises[ExerciseName],0)),""Unknown"")"
E-20260727-2850,S-20260727-01,Single-Arm Neutral Grip Cable Pulldown,2,70.0,12.0,,,,2.0,1.0,3.0,2,,Nausea after that set. Left first; tempo 2-1-3; RIR 2,8,2026-07-27T19:28:43.856Z,"=IFERROR(INDEX(tbl_Lookup_Exercises[Category],MATCH(tbl_Exercises[[#This Row],[ExerciseName]],tbl_Lookup_Exercises[ExerciseName],0)),""Unknown"")"
E-20260727-2851,S-20260727-01,Single-Arm Neutral Grip Cable Pulldown,3,72.5,10.0,,,,2.0,1.0,3.0,2,,. Left first to fail rolled to finger tip grip at 10; tempo 2-1-3; RIR 2,8,2026-07-27T19:33:13.779Z,"=IFERROR(INDEX(tbl_Lookup_Exercises[Category],MATCH(tbl_Exercises[[#This Row],[ExerciseName]],tbl_Lookup_Exercises[ExerciseName],0)),""Unknown"")"
E-20260727-2852,S-20260727-01,"Half-Kneeling Single-Arm Cable Row, Low-to-High Finish",1,55.0,12.0,,,,2.0,1.0,3.0,1-2,,LifeFitness Low Row machine; tempo 2-1-3; RIR 1-2,8,2026-07-27T19:38:31.230Z,"=IFERROR(INDEX(tbl_Lookup_Exercises[Category],MATCH(tbl_Exercises[[#This Row],[ExerciseName]],tbl_Lookup_Exercises[ExerciseName],0)),""Unknown"")"
E-20260727-2853,S-20260727-01,"Half-Kneeling Single-Arm Cable Row, Low-to-High Finish",2,55.0,12.0,,,,2.0,1.0,3.0,1-2,,LifeFitness Low Row machine; tempo 2-1-3; RIR 1-2,8,2026-07-27T19:42:19.160Z,"=IFERROR(INDEX(tbl_Lookup_Exercises[Category],MATCH(tbl_Exercises[[#This Row],[ExerciseName]],tbl_Lookup_Exercises[ExerciseName],0)),""Unknown"")"
E-20260727-2854,S-20260727-01,"Half-Kneeling Single-Arm Cable Row, Low-to-High Finish",3,55.0,10.0,,,,2.0,1.0,3.0,1-2,,LifeFitness Low Row machine; tempo 2-1-3; RIR 1-2,8,2026-07-27T19:45:37.405Z,"=IFERROR(INDEX(tbl_Lookup_Exercises[Category],MATCH(tbl_Exercises[[#This Row],[ExerciseName]],tbl_Lookup_Exercises[ExerciseName],0)),""Unknown"")"
E-20260727-2855,S-20260727-01,Incline Dumbbell Curl (Supinated),1,30.0,10.0,,,,2.0,1.0,3.0,1,,Tempo 2-1-3; RIR 1; bench at 3,8,2026-07-27T19:49:41.562Z,"=IFERROR(INDEX(tbl_Lookup_Exercises[Category],MATCH(tbl_Exercises[[#This Row],[ExerciseName]],tbl_Lookup_Exercises[ExerciseName],0)),""Unknown"")"
E-20260727-2856,S-20260727-01,Incline Dumbbell Curl (Supinated),2,30.0,8.0,,,,2.0,1.0,3.0,1,,Tempo 2-1-3; RIR 1; bench at 3,8,2026-07-27T19:52:12.602Z,"=IFERROR(INDEX(tbl_Lookup_Exercises[Category],MATCH(tbl_Exercises[[#This Row],[ExerciseName]],tbl_Lookup_Exercises[ExerciseName],0)),""Unknown"")"
E-20260727-2857,S-20260727-01,Incline Dumbbell Curl (Supinated),3,30.0,7.5,,,,2.0,1.0,3.0,1,,Tempo 2-1-3; RIR 1; bench at 3,8,2026-07-27T19:55:12.403Z,"=IFERROR(INDEX(tbl_Lookup_Exercises[Category],MATCH(tbl_Exercises[[#This Row],[ExerciseName]],tbl_Lookup_Exercises[ExerciseName],0)),""Unknown"")"
E-20260727-2858,S-20260727-01,Face Pull,1,42.5,15.0,,,,2.0,1.0,3.0,2,,Tempo 2-1-3; RIR 2,8,2026-07-27T19:59:43.279Z,"=IFERROR(INDEX(tbl_Lookup_Exercises[Category],MATCH(tbl_Exercises[[#This Row],[ExerciseName]],tbl_Lookup_Exercises[ExerciseName],0)),""Unknown"")"
E-20260727-2859,S-20260727-01,Face Pull,2,45.0,15.0,,,,2.0,1.0,3.0,2,,Tempo 2-1-3; RIR 2,8,2026-07-27T20:02:07.503Z,"=IFERROR(INDEX(tbl_Lookup_Exercises[Category],MATCH(tbl_Exercises[[#This Row],[ExerciseName]],tbl_Lookup_Exercises[ExerciseName],0)),""Unknown"")"
E-20260727-2860,S-20260727-01,Face Pull,3,47.5,13.0,,,,2.0,1.0,3.0,1-2,,Tempo 2-1-3; RIR 1-2,8,2026-07-27T20:04:54.916Z,"=IFERROR(INDEX(tbl_Lookup_Exercises[Category],MATCH(tbl_Exercises[[#This Row],[ExerciseName]],tbl_Lookup_Exercises[ExerciseName],0)),""Unknown"")"
E-20260728-2861,S-20260728-01,Treadmill Walking,1,,,303.0,0.6,km,,,,,,"Warmup: 4.5mph, 5% incline; must be a pretty fast walking speed, no?",8,2026-07-28T15:58:23.561Z,"=IFERROR(INDEX(tbl_Lookup_Exercises[Category],MATCH(tbl_Exercises[[#This Row],[ExerciseName]],tbl_Lookup_Exercises[ExerciseName],0)),""Unknown"")"
E-20260728-2862,S-20260728-01,Band Pull Aparts,1,0.0,15.0,,,,,,,,2026-07-28T16:03:50.706Z,Red band ,8,2026-07-28T16:03:52.475Z,"=IFERROR(INDEX(tbl_Lookup_Exercises[Category],MATCH(tbl_Exercises[[#This Row],[ExerciseName]],tbl_Lookup_Exercises[ExerciseName],0)),""Unknown"")"
E-20260728-2863,S-20260728-01,Band External Rotations,1,0.0,12.0,,,,,,,,2026-07-28T16:03:50.706Z,Red band ,8,2026-07-28T16:03:56.514Z,"=IFERROR(INDEX(tbl_Lookup_Exercises[Category],MATCH(tbl_Exercises[[#This Row],[ExerciseName]],tbl_Lookup_Exercises[ExerciseName],0)),""Unknown"")"
E-20260728-2864,S-20260728-01,Serratus Wall Slides (banded),1,0.0,8.0,,,,,,,,2026-07-28T16:03:50.706Z,Red band ,8,2026-07-28T16:04:01.950Z,"=IFERROR(INDEX(tbl_Lookup_Exercises[Category],MATCH(tbl_Exercises[[#This Row],[ExerciseName]],tbl_Lookup_Exercises[ExerciseName],0)),""Unknown"")"
E-20260728-2865,S-20260728-01,Scap Push Ups,1,0.0,10.0,,,,,,,,2026-07-28T16:03:50.706Z,,8,2026-07-28T16:04:04.727Z,"=IFERROR(INDEX(tbl_Lookup_Exercises[Category],MATCH(tbl_Exercises[[#This Row],[ExerciseName]],tbl_Lookup_Exercises[ExerciseName],0)),""Unknown"")"
E-20260728-2866,S-20260728-01,Band Pull Aparts,2,0.0,15.0,,,,,,,,2026-07-28T16:08:43.944Z,Red band ,8,2026-07-28T16:08:44.803Z,"=IFERROR(INDEX(tbl_Lookup_Exercises[Category],MATCH(tbl_Exercises[[#This Row],[ExerciseName]],tbl_Lookup_Exercises[ExerciseName],0)),""Unknown"")"
E-20260728-2867,S-20260728-01,Band External Rotations,2,0.0,12.0,,,,,,,,2026-07-28T16:08:43.944Z,Red band ,8,2026-07-28T16:08:47.844Z,"=IFERROR(INDEX(tbl_Lookup_Exercises[Category],MATCH(tbl_Exercises[[#This Row],[ExerciseName]],tbl_Lookup_Exercises[ExerciseName],0)),""Unknown"")"
E-20260728-2868,S-20260728-01,Serratus Wall Slides (banded),2,0.0,8.0,,,,,,,,2026-07-28T16:08:43.944Z,Red band ,8,2026-07-28T16:08:49.769Z,"=IFERROR(INDEX(tbl_Lookup_Exercises[Category],MATCH(tbl_Exercises[[#This Row],[ExerciseName]],tbl_Lookup_Exercises[ExerciseName],0)),""Unknown"")"
E-20260728-2869,S-20260728-01,Scap Push Ups,2,0.0,10.0,,,,,,,,2026-07-28T16:08:43.944Z,,8,2026-07-28T16:08:51.198Z,"=IFERROR(INDEX(tbl_Lookup_Exercises[Category],MATCH(tbl_Exercises[[#This Row],[ExerciseName]],tbl_Lookup_Exercises[ExerciseName],0)),""Unknown"")"
E-20260728-2870,S-20260728-01,Single Arm Cable Press (split stance),1,20.0,10.0,,,,,,,,,Warm up,8,2026-07-28T16:11:15.994Z,"=IFERROR(INDEX(tbl_Lookup_Exercises[Category],MATCH(tbl_Exercises[[#This Row],[ExerciseName]],tbl_Lookup_Exercises[ExerciseName],0)),""Unknown"")"
E-20260728-2871,S-20260728-01,Neutral Grip Dumbbell Floor Press,1,130.0,9.0,,,,2.0,1.0,3.0,1-2,,Tempo 2-1-3; RIR 1-2; right anterior capsule awareness as soon as I pressed. Ang capsule and bicep tendon feeling ,8,2026-07-28T16:16:59.274Z,"=IFERROR(INDEX(tbl_Lookup_Exercises[Category],MATCH(tbl_Exercises[[#This Row],[ExerciseName]],tbl_Lookup_Exercises[ExerciseName],0)),""Unknown"")"
E-20260728-2872,S-20260728-01,Neutral Grip Dumbbell Floor Press,2,130.0,9.0,,,,2.0,1.0,3.0,1-2,,Tempo 2-1-3; RIR 1-2; right felt a bit better but anterior capsule awareness as soon as I pressed. Ang capsule and bicep tendon feeling ,8,2026-07-28T16:24:37.965Z,"=IFERROR(INDEX(tbl_Lookup_Exercises[Category],MATCH(tbl_Exercises[[#This Row],[ExerciseName]],tbl_Lookup_Exercises[ExerciseName],0)),""Unknown"")"
E-20260728-2873,S-20260728-01,Neutral Grip Dumbbell Floor Press,3,140.0,7.0,,,,2.0,1.0,3.0,1-2,,"7; tempo 2-1-3; RIR 1-2, no 67.5 lb DB to do 135 lbs",8,2026-07-28T16:28:03.704Z,"=IFERROR(INDEX(tbl_Lookup_Exercises[Category],MATCH(tbl_Exercises[[#This Row],[ExerciseName]],tbl_Lookup_Exercises[ExerciseName],0)),""Unknown"")"
E-20260728-2874,S-20260728-01,Neutral Grip Dumbbell Floor Press,4,140.0,6.0,,,,2.0,1.0,3.0,1-2,,"tempo 2-1-3; RIR 1-2, no 67.5 lb DB to do 135 lbs",8,2026-07-28T16:31:43.791Z,"=IFERROR(INDEX(tbl_Lookup_Exercises[Category],MATCH(tbl_Exercises[[#This Row],[ExerciseName]],tbl_Lookup_Exercises[ExerciseName],0)),""Unknown"")"
E-20260728-2875,S-20260728-01,Machine Chest Press,1,100.0,10.0,,,,2.0,1.0,3.0,2,,Tempo 2-1-3; RIR 2,8,2026-07-28T16:35:27.591Z,"=IFERROR(INDEX(tbl_Lookup_Exercises[Category],MATCH(tbl_Exercises[[#This Row],[ExerciseName]],tbl_Lookup_Exercises[ExerciseName],0)),""Unknown"")"
E-20260728-2876,S-20260728-01,Machine Chest Press,2,105.0,9.0,,,,2.0,1.0,3.0,2,,Tempo 2-1-3; RIR 2; tightness and awareness in right cap on eccentric as well as initial press,8,2026-07-28T16:38:43.523Z,"=IFERROR(INDEX(tbl_Lookup_Exercises[Category],MATCH(tbl_Exercises[[#This Row],[ExerciseName]],tbl_Lookup_Exercises[ExerciseName],0)),""Unknown"")"
E-20260728-2877,S-20260728-01,Machine Chest Press,3,105.0,8.0,,,,2.0,1.0,3.0,1,,Tempo 2-1-3; RIR 1; tightness and awareness in right cap on eccentric as well as initial press,8,2026-07-28T16:41:19.424Z,"=IFERROR(INDEX(tbl_Lookup_Exercises[Category],MATCH(tbl_Exercises[[#This Row],[ExerciseName]],tbl_Lookup_Exercises[ExerciseName],0)),""Unknown"")"
E-20260728-2878,S-20260728-01,Cable High To Mid Fly,1,15.0,12.0,,,,2.0,1.0,3.0,2,,Tempo 2-1-3; RIR 2; cable set at highest setting,8,2026-07-28T16:44:56.448Z,"=IFERROR(INDEX(tbl_Lookup_Exercises[Category],MATCH(tbl_Exercises[[#This Row],[ExerciseName]],tbl_Lookup_Exercises[ExerciseName],0)),""Unknown"")"
E-20260728-2879,S-20260728-01,Cable High To Mid Fly,2,20.0,6.0,,,,2.0,1.0,3.0,2,,"20 lb plate for 6 clean reps, then lengthened partials until 9th rep; Tempo 2-1-3; RIR 2; cable set at highest setting",8,2026-07-28T16:48:01.724Z,"=IFERROR(INDEX(tbl_Lookup_Exercises[Category],MATCH(tbl_Exercises[[#This Row],[ExerciseName]],tbl_Lookup_Exercises[ExerciseName],0)),""Unknown"")"
E-20260728-2880,S-20260728-01,Cable High To Mid Fly,3,15.0,10.5,,,,2.0,1.0,3.0,1-2,,Tempo strict 2-1-3; RIR 1-2,8,2026-07-28T16:50:22.356Z,"=IFERROR(INDEX(tbl_Lookup_Exercises[Category],MATCH(tbl_Exercises[[#This Row],[ExerciseName]],tbl_Lookup_Exercises[ExerciseName],0)),""Unknown"")"
E-20260728-2881,S-20260728-01,Cable High To Mid Fly,4,15.0,9.0,,,,2.0,1.0,3.0,1-2,,Tempo strict 2-1-3; RIR 1-2,8,2026-07-28T16:52:12.605Z,"=IFERROR(INDEX(tbl_Lookup_Exercises[Category],MATCH(tbl_Exercises[[#This Row],[ExerciseName]],tbl_Lookup_Exercises[ExerciseName],0)),""Unknown"")"
E-20260728-2882,S-20260728-01,Seated Neutral Grip DB Overhead Press,1,40.0,12.0,,,,2.0,1.0,3.0,1-2,,Tempo 2-1-3; RIR 1-2,8,2026-07-28T16:55:47.270Z,"=IFERROR(INDEX(tbl_Lookup_Exercises[Category],MATCH(tbl_Exercises[[#This Row],[ExerciseName]],tbl_Lookup_Exercises[ExerciseName],0)),""Unknown"")"
E-20260728-2883,S-20260728-01,Seated Neutral Grip DB Overhead Press,2,50.0,10.0,,,,2.0,1.0,3.0,1-2,,Tempo 2-1-3; RIR 1-2; subtle ant cap awareness on descending. Very slight,8,2026-07-28T16:58:33.452Z,"=IFERROR(INDEX(tbl_Lookup_Exercises[Category],MATCH(tbl_Exercises[[#This Row],[ExerciseName]],tbl_Lookup_Exercises[ExerciseName],0)),""Unknown"")"
E-20260728-2884,S-20260728-01,Seated Neutral Grip DB Overhead Press,3,50.0,12.0,,,,2.0,1.0,3.0,1,,Tempo 2-1-3; RIR 1; left shoulder slightly slower,8,2026-07-28T17:02:48.754Z,"=IFERROR(INDEX(tbl_Lookup_Exercises[Category],MATCH(tbl_Exercises[[#This Row],[ExerciseName]],tbl_Lookup_Exercises[ExerciseName],0)),""Unknown"")"
E-20260728-2885,S-20260728-01,Single-Arm Overhead Cable Extension,1,25.0,10.0,,,,2.0,1.0,3.0,1-2,,Left slowed at 6-7; switched to right and did 10 then finished left; tempo 2-1-3; RIR 1-2,8,2026-07-28T17:05:52.430Z,"=IFERROR(INDEX(tbl_Lookup_Exercises[Category],MATCH(tbl_Exercises[[#This Row],[ExerciseName]],tbl_Lookup_Exercises[ExerciseName],0)),""Unknown"")"
E-20260728-2886,S-20260728-01,Single-Arm Overhead Cable Extension,2,25.0,8.0,,,,2.0,1.0,3.0,1-2,,Tempo 2-1-3; RIR 1-2,8,2026-07-28T17:09:04.669Z,"=IFERROR(INDEX(tbl_Lookup_Exercises[Category],MATCH(tbl_Exercises[[#This Row],[ExerciseName]],tbl_Lookup_Exercises[ExerciseName],0)),""Unknown"")"
E-20260728-2887,S-20260728-01,Single-Arm Overhead Cable Extension,3,25.0,7.0,,,,2.0,1.0,3.0,1,,Tempo 2-1-3; RIR 1,8,2026-07-28T17:11:57.256Z,"=IFERROR(INDEX(tbl_Lookup_Exercises[Category],MATCH(tbl_Exercises[[#This Row],[ExerciseName]],tbl_Lookup_Exercises[ExerciseName],0)),""Unknown"")"
E-20260728-2888,S-20260728-01,High Cable Tricep Pushdown,1,70.0,9.0,,,,2.0,1.0,3.0,1-2,,Tempo 2-1-3; RIR 1-2,8,2026-07-28T17:14:36.836Z,"=IFERROR(INDEX(tbl_Lookup_Exercises[Category],MATCH(tbl_Exercises[[#This Row],[ExerciseName]],tbl_Lookup_Exercises[ExerciseName],0)),""Unknown"")"
E-20260728-2889,S-20260728-01,High Cable Tricep Pushdown,2,70.0,8.0,,,,2.0,1.0,3.0,1-2,,Tempo 2-1-3; RIR 1-2,8,2026-07-28T17:16:50.943Z,"=IFERROR(INDEX(tbl_Lookup_Exercises[Category],MATCH(tbl_Exercises[[#This Row],[ExerciseName]],tbl_Lookup_Exercises[ExerciseName],0)),""Unknown"")"
E-20260728-2890,S-20260728-01,High Cable Tricep Pushdown,3,70.0,7.0,,,,2.0,1.0,3.0,1,,Tempo 2-1-3; RIR 1,8,2026-07-28T17:19:05.044Z,"=IFERROR(INDEX(tbl_Lookup_Exercises[Category],MATCH(tbl_Exercises[[#This Row],[ExerciseName]],tbl_Lookup_Exercises[ExerciseName],0)),""Unknown"")"
E-20260728-2891,S-20260728-01,Endless Rope,1,,,20.0,0.0,km,,,,,,,8,2026-07-28T17:20:05.590Z,"=IFERROR(INDEX(tbl_Lookup_Exercises[Category],MATCH(tbl_Exercises[[#This Row],[ExerciseName]],tbl_Lookup_Exercises[ExerciseName],0)),""Unknown"")"
E-20260728-2892,S-20260728-01,Endless Rope,2,,,20.0,0.0,km,,,,,,,8,2026-07-28T17:21:08.302Z,"=IFERROR(INDEX(tbl_Lookup_Exercises[Category],MATCH(tbl_Exercises[[#This Row],[ExerciseName]],tbl_Lookup_Exercises[ExerciseName],0)),""Unknown"")"
E-20260728-2893,S-20260728-01,Endless Rope,3,,,20.0,0.0,km,,,,,,,8,2026-07-28T17:22:10.947Z,"=IFERROR(INDEX(tbl_Lookup_Exercises[Category],MATCH(tbl_Exercises[[#This Row],[ExerciseName]],tbl_Lookup_Exercises[ExerciseName],0)),""Unknown"")"
E-20260728-2894,S-20260728-01,Endless Rope,4,,,20.0,0.0,km,,,,,,,8,2026-07-28T17:23:19.181Z,"=IFERROR(INDEX(tbl_Lookup_Exercises[Category],MATCH(tbl_Exercises[[#This Row],[ExerciseName]],tbl_Lookup_Exercises[ExerciseName],0)),""Unknown"")"
E-20260728-2895,S-20260728-01,Endless Rope,5,,,20.0,0.0,km,,,,,,,8,2026-07-28T17:24:23.299Z,"=IFERROR(INDEX(tbl_Lookup_Exercises[Category],MATCH(tbl_Exercises[[#This Row],[ExerciseName]],tbl_Lookup_Exercises[ExerciseName],0)),""Unknown"")"
E-20260728-2896,S-20260728-01,Endless Rope,6,,,20.0,0.0,km,,,,,,,8,2026-07-28T17:25:31.607Z,"=IFERROR(INDEX(tbl_Lookup_Exercises[Category],MATCH(tbl_Exercises[[#This Row],[ExerciseName]],tbl_Lookup_Exercises[ExerciseName],0)),""Unknown"")"
E-20260730-2897,S-20260730-01,Treadmill Walking,1,,,300.0,0.6,km,,,,,,"4.5 mph, 5% incline ",8,2026-07-30T18:27:30.822Z,"=IFERROR(INDEX(tbl_Lookup_Exercises[Category],MATCH(tbl_Exercises[[#This Row],[ExerciseName]],tbl_Lookup_Exercises[ExerciseName],0)),""Unknown"")"
E-20260730-2898,S-20260730-01,Prisoners Squat,1,0.0,10.0,,,,,,,,2026-07-30T18:32:15.214Z,,8,2026-07-30T18:32:17.828Z,"=IFERROR(INDEX(tbl_Lookup_Exercises[Category],MATCH(tbl_Exercises[[#This Row],[ExerciseName]],tbl_Lookup_Exercises[ExerciseName],0)),""Unknown"")"
E-20260730-2899,S-20260730-01,Hip Hinge,1,0.0,10.0,,,,,,,,2026-07-30T18:32:15.214Z,,8,2026-07-30T18:32:19.210Z,"=IFERROR(INDEX(tbl_Lookup_Exercises[Category],MATCH(tbl_Exercises[[#This Row],[ExerciseName]],tbl_Lookup_Exercises[ExerciseName],0)),""Unknown"")"
E-20260730-2900,S-20260730-01,Walking Lunges,1,0.0,,8.0,,,,,,,2026-07-30T18:32:15.214Z,,8,2026-07-30T18:32:21.538Z,"=IFERROR(INDEX(tbl_Lookup_Exercises[Category],MATCH(tbl_Exercises[[#This Row],[ExerciseName]],tbl_Lookup_Exercises[ExerciseName],0)),""Unknown"")"
E-20260730-2901,S-20260730-01,Glute Extension,1,0.0,10.0,,,,,,,,2026-07-30T18:32:15.214Z,,8,2026-07-30T18:32:23.434Z,"=IFERROR(INDEX(tbl_Lookup_Exercises[Category],MATCH(tbl_Exercises[[#This Row],[ExerciseName]],tbl_Lookup_Exercises[ExerciseName],0)),""Unknown"")"
E-20260730-2902,S-20260730-01,Standing Calf Raise,1,0.0,15.0,,,,,,,,2026-07-30T18:32:15.214Z,,8,2026-07-30T18:32:24.870Z,"=IFERROR(INDEX(tbl_Lookup_Exercises[Category],MATCH(tbl_Exercises[[#This Row],[ExerciseName]],tbl_Lookup_Exercises[ExerciseName],0)),""Unknown"")"
E-20260730-2903,S-20260730-01,Prisoners Squat,2,0.0,10.0,,,,,,,,2026-07-30T18:36:39.315Z,,8,2026-07-30T18:36:40.002Z,"=IFERROR(INDEX(tbl_Lookup_Exercises[Category],MATCH(tbl_Exercises[[#This Row],[ExerciseName]],tbl_Lookup_Exercises[ExerciseName],0)),""Unknown"")"
E-20260730-2904,S-20260730-01,Hip Hinge,2,0.0,10.0,,,,,,,,2026-07-30T18:36:39.315Z,,8,2026-07-30T18:36:41.345Z,"=IFERROR(INDEX(tbl_Lookup_Exercises[Category],MATCH(tbl_Exercises[[#This Row],[ExerciseName]],tbl_Lookup_Exercises[ExerciseName],0)),""Unknown"")"
E-20260730-2905,S-20260730-01,Walking Lunges,2,0.0,,8.0,,,,,,,2026-07-30T18:36:39.315Z,,8,2026-07-30T18:36:44.671Z,"=IFERROR(INDEX(tbl_Lookup_Exercises[Category],MATCH(tbl_Exercises[[#This Row],[ExerciseName]],tbl_Lookup_Exercises[ExerciseName],0)),""Unknown"")"
E-20260730-2906,S-20260730-01,Glute Extension,2,0.0,10.0,,,,,,,,2026-07-30T18:36:39.315Z,,8,2026-07-30T18:36:46.579Z,"=IFERROR(INDEX(tbl_Lookup_Exercises[Category],MATCH(tbl_Exercises[[#This Row],[ExerciseName]],tbl_Lookup_Exercises[ExerciseName],0)),""Unknown"")"
E-20260730-2907,S-20260730-01,Standing Calf Raise,2,0.0,15.0,,,,,,,,2026-07-30T18:36:39.315Z,,8,2026-07-30T18:36:48.185Z,"=IFERROR(INDEX(tbl_Lookup_Exercises[Category],MATCH(tbl_Exercises[[#This Row],[ExerciseName]],tbl_Lookup_Exercises[ExerciseName],0)),""Unknown"")"
E-20260730-2908,S-20260730-01,Farmer's Walk,1,170.0,,55.2,,,,,,,,55/60=. New gym; NXGen; much more selection; started with 85s per hand ,8,2026-07-30T18:41:44.042Z,"=IFERROR(INDEX(tbl_Lookup_Exercises[Category],MATCH(tbl_Exercises[[#This Row],[ExerciseName]],tbl_Lookup_Exercises[ExerciseName],0)),""Unknown"")"
E-20260730-2909,S-20260730-01,Farmer's Walk,2,170.0,,48.0,,,,,,,,48/60=. New gym; NXGen; much more selection; started with 85s per hand ,8,2026-07-30T18:45:02.528Z,"=IFERROR(INDEX(tbl_Lookup_Exercises[Category],MATCH(tbl_Exercises[[#This Row],[ExerciseName]],tbl_Lookup_Exercises[ExerciseName],0)),""Unknown"")"
E-20260730-2910,S-20260730-01,Farmer's Walk,3,170.0,,39.6,,,,,,,,. New gym; NXGen; much more selection; started with 85s per hand ,8,2026-07-30T18:47:57.700Z,"=IFERROR(INDEX(tbl_Lookup_Exercises[Category],MATCH(tbl_Exercises[[#This Row],[ExerciseName]],tbl_Lookup_Exercises[ExerciseName],0)),""Unknown"")"
E-20260730-2911,S-20260730-01,Farmer's Walk,4,170.0,,39.6,,,,,,,,. New gym; NXGen; much more selection; started with 85s per hand ,8,2026-07-30T18:50:45.581Z,"=IFERROR(INDEX(tbl_Lookup_Exercises[Category],MATCH(tbl_Exercises[[#This Row],[ExerciseName]],tbl_Lookup_Exercises[ExerciseName],0)),""Unknown"")"
E-20260730-2912,S-20260730-01,Goblet Squat,1,80.0,10.0,,,,2.0,1.0,3.0,1-2,,Tempo 2-1-3; RIR 1-2; breathing = inhale > brace > descend > slight exhale and stand,8,2026-07-30T18:56:54.146Z,"=IFERROR(INDEX(tbl_Lookup_Exercises[Category],MATCH(tbl_Exercises[[#This Row],[ExerciseName]],tbl_Lookup_Exercises[ExerciseName],0)),""Unknown"")"
E-20260730-2913,S-20260730-01,Goblet Squat,2,80.0,9.0,,,,2.0,1.0,3.0,1-2,,Tempo 2-1-3; RIR 1-2; breathing = inhale > brace > descend > slight exhale and stand,8,2026-07-30T18:59:34.020Z,"=IFERROR(INDEX(tbl_Lookup_Exercises[Category],MATCH(tbl_Exercises[[#This Row],[ExerciseName]],tbl_Lookup_Exercises[ExerciseName],0)),""Unknown"")"
E-20260730-2914,S-20260730-01,Goblet Squat,3,80.0,9.0,,,,2.0,1.0,3.0,1-2,,Tempo 2-1-3; RIR 1-2; breathing = inhale > brace > descend > slight exhale and stand,8,2026-07-30T19:02:25.341Z,"=IFERROR(INDEX(tbl_Lookup_Exercises[Category],MATCH(tbl_Exercises[[#This Row],[ExerciseName]],tbl_Lookup_Exercises[ExerciseName],0)),""Unknown"")"
E-20260730-2915,S-20260730-01,Goblet Squat,4,80.0,8.0,,,,2.0,1.0,3.0,1-2,,Tempo 2-1-3; RIR 1-2; breathing = inhale > brace > descend > slight exhale and stand,8,2026-07-30T19:05:26.067Z,"=IFERROR(INDEX(tbl_Lookup_Exercises[Category],MATCH(tbl_Exercises[[#This Row],[ExerciseName]],tbl_Lookup_Exercises[ExerciseName],0)),""Unknown"")"
E-20260730-2916,S-20260730-01,Dumbbell Romanian Deadlift,1,160.0,10.0,,,,2.0,1.0,3.0,1-2,,80 lb DBs; tempo 2-1-3; RIR 1-2,8,2026-07-30T19:08:18.545Z,"=IFERROR(INDEX(tbl_Lookup_Exercises[Category],MATCH(tbl_Exercises[[#This Row],[ExerciseName]],tbl_Lookup_Exercises[ExerciseName],0)),""Unknown"")"
E-20260730-2917,S-20260730-01,Dumbbell Romanian Deadlift,2,170.0,8.0,,,,2.0,1.0,3.0,1-2,,85 lb DBs; tempo 2-1-3; RIR 1-2,8,2026-07-30T19:11:29.286Z,"=IFERROR(INDEX(tbl_Lookup_Exercises[Category],MATCH(tbl_Exercises[[#This Row],[ExerciseName]],tbl_Lookup_Exercises[ExerciseName],0)),""Unknown"")"
E-20260730-2918,S-20260730-01,Dumbbell Romanian Deadlift,3,170.0,7.0,,,,2.0,1.0,3.0,1-2,,Right sweaty slip; 85 lb DBs; tempo 2-1-3; RIR 1-2,8,2026-07-30T19:14:45.785Z,"=IFERROR(INDEX(tbl_Lookup_Exercises[Category],MATCH(tbl_Exercises[[#This Row],[ExerciseName]],tbl_Lookup_Exercises[ExerciseName],0)),""Unknown"")"
E-20260730-2919,S-20260730-01,Bulgarian Split Squat,1,45.0,8.0,,,,3.0,1.0,2.0,2,,Tempo 3-1-2; RIR 2,8,2026-07-30T19:19:33.530Z,"=IFERROR(INDEX(tbl_Lookup_Exercises[Category],MATCH(tbl_Exercises[[#This Row],[ExerciseName]],tbl_Lookup_Exercises[ExerciseName],0)),""Unknown"")"
E-20260730-2920,S-20260730-01,Bulgarian Split Squat,2,50.0,8.0,,,,3.0,1.0,2.0,2,,Tempo 3-1-2; RIR 2,8,2026-07-30T19:21:45.643Z,"=IFERROR(INDEX(tbl_Lookup_Exercises[Category],MATCH(tbl_Exercises[[#This Row],[ExerciseName]],tbl_Lookup_Exercises[ExerciseName],0)),""Unknown"")"
E-20260730-2921,S-20260730-01,Bulgarian Split Squat,3,50.0,8.0,,,,3.0,1.0,2.0,2,,Tempo 3-1-2; RIR 2,8,2026-07-30T19:26:39.498Z,"=IFERROR(INDEX(tbl_Lookup_Exercises[Category],MATCH(tbl_Exercises[[#This Row],[ExerciseName]],tbl_Lookup_Exercises[ExerciseName],0)),""Unknown"")"
E-20260730-2922,S-20260730-01,Barbell Standing Calf Raise,1,110.0,15.0,,,,,,,2+,,Temp 2-1-3; RIR 2+,8,2026-07-30T19:28:47.668Z,"=IFERROR(INDEX(tbl_Lookup_Exercises[Category],MATCH(tbl_Exercises[[#This Row],[ExerciseName]],tbl_Lookup_Exercises[ExerciseName],0)),""Unknown"")"
E-20260730-2923,S-20260730-01,Barbell Standing Calf Raise,2,120.0,15.0,,,,,,,1-2,,Temp 2-1-3; RIR 1-2,8,2026-07-30T19:32:07.439Z,"=IFERROR(INDEX(tbl_Lookup_Exercises[Category],MATCH(tbl_Exercises[[#This Row],[ExerciseName]],tbl_Lookup_Exercises[ExerciseName],0)),""Unknown"")"
E-20260730-2924,S-20260730-01,Barbell Standing Calf Raise,3,120.0,15.0,,,,,,,1-2,,Temp 2-1-3; RIR 1-2,8,2026-07-30T19:35:56.801Z,"=IFERROR(INDEX(tbl_Lookup_Exercises[Category],MATCH(tbl_Exercises[[#This Row],[ExerciseName]],tbl_Lookup_Exercises[ExerciseName],0)),""Unknown"")"
E-20260730-2925,S-20260730-01,Rowing,1,,,20.0,0.0,km,,,,,,100m+ each 20; about 150m each easy 40,8,2026-07-30T19:50:44.837Z,"=IFERROR(INDEX(tbl_Lookup_Exercises[Category],MATCH(tbl_Exercises[[#This Row],[ExerciseName]],tbl_Lookup_Exercises[ExerciseName],0)),""Unknown"")"
E-20260730-2926,S-20260730-01,Rowing,2,,,20.0,0.0,km,,,,,,100m+ each 20; about 150m each easy 40,8,2026-07-30T19:50:45.887Z,"=IFERROR(INDEX(tbl_Lookup_Exercises[Category],MATCH(tbl_Exercises[[#This Row],[ExerciseName]],tbl_Lookup_Exercises[ExerciseName],0)),""Unknown"")"
E-20260730-2927,S-20260730-01,Rowing,3,,,20.0,0.0,km,,,,,,100m+ each 20; about 150m each easy 40,8,2026-07-30T19:50:46.522Z,"=IFERROR(INDEX(tbl_Lookup_Exercises[Category],MATCH(tbl_Exercises[[#This Row],[ExerciseName]],tbl_Lookup_Exercises[ExerciseName],0)),""Unknown"")"
E-20260730-2928,S-20260730-01,Rowing,4,,,20.0,0.0,km,,,,,,100m+ each 20; about 150m each easy 40,8,2026-07-30T19:50:46.995Z,"=IFERROR(INDEX(tbl_Lookup_Exercises[Category],MATCH(tbl_Exercises[[#This Row],[ExerciseName]],tbl_Lookup_Exercises[ExerciseName],0)),""Unknown"")"
E-20260730-2929,S-20260730-01,Rowing,5,,,20.0,0.0,km,,,,,,100m+ each 20; about 150m each easy 40,8,2026-07-30T19:50:47.465Z,"=IFERROR(INDEX(tbl_Lookup_Exercises[Category],MATCH(tbl_Exercises[[#This Row],[ExerciseName]],tbl_Lookup_Exercises[ExerciseName],0)),""Unknown"")"
E-20260730-2930,S-20260730-01,Rowing,6,,,20.0,0.0,km,,,,,,100m+ each 20; about 150m each easy 40,8,2026-07-30T19:50:47.928Z,"=IFERROR(INDEX(tbl_Lookup_Exercises[Category],MATCH(tbl_Exercises[[#This Row],[ExerciseName]],tbl_Lookup_Exercises[ExerciseName],0)),""Unknown"")"
E-20260730-2931,S-20260730-01,Dead Hang,1,0.0,,30.0,,,,,,,,30 sec,8,2026-07-30T19:52:42.210Z,"=IFERROR(INDEX(tbl_Lookup_Exercises[Category],MATCH(tbl_Exercises[[#This Row],[ExerciseName]],tbl_Lookup_Exercises[ExerciseName],0)),""Unknown"")"
E-20260730-2932,S-20260730-01,Dead Hang,2,0.0,,30.0,,,,,,,,30 sec,8,2026-07-30T19:53:52.515Z,"=IFERROR(INDEX(tbl_Lookup_Exercises[Category],MATCH(tbl_Exercises[[#This Row],[ExerciseName]],tbl_Lookup_Exercises[ExerciseName],0)),""Unknown"")"
E-20260731-2933,S-20260731-01,Treadmill Walking,1,,,301.0,0.6,km,,,,,,"4.5mph, 5% incline warmup",8,2026-07-31T16:30:37.001Z,"=IFERROR(INDEX(tbl_Lookup_Exercises[Category],MATCH(tbl_Exercises[[#This Row],[ExerciseName]],tbl_Lookup_Exercises[ExerciseName],0)),""Unknown"")"
E-20260731-2934,S-20260731-01,Band Pull Aparts,1,0.0,15.0,,,,,,,,2026-07-31T16:34:58.118Z,Red band,8,2026-07-31T16:34:59.272Z,"=IFERROR(INDEX(tbl_Lookup_Exercises[Category],MATCH(tbl_Exercises[[#This Row],[ExerciseName]],tbl_Lookup_Exercises[ExerciseName],0)),""Unknown"")"
E-20260731-2935,S-20260731-01,Band External Rotations,1,0.0,12.0,,,,,,,,2026-07-31T16:34:58.118Z,,8,2026-07-31T16:35:01.164Z,"=IFERROR(INDEX(tbl_Lookup_Exercises[Category],MATCH(tbl_Exercises[[#This Row],[ExerciseName]],tbl_Lookup_Exercises[ExerciseName],0)),""Unknown"")"
E-20260731-2936,S-20260731-01,Serratus Wall Slides (banded),1,0.0,8.0,,,,,,,,2026-07-31T16:34:58.118Z,,8,2026-07-31T16:35:02.670Z,"=IFERROR(INDEX(tbl_Lookup_Exercises[Category],MATCH(tbl_Exercises[[#This Row],[ExerciseName]],tbl_Lookup_Exercises[ExerciseName],0)),""Unknown"")"
E-20260731-2937,S-20260731-01,Scap Push Ups,1,0.0,12.0,,,,,,,,2026-07-31T16:34:58.118Z,,8,2026-07-31T16:35:05.568Z,"=IFERROR(INDEX(tbl_Lookup_Exercises[Category],MATCH(tbl_Exercises[[#This Row],[ExerciseName]],tbl_Lookup_Exercises[ExerciseName],0)),""Unknown"")"
E-20260731-2938,S-20260731-01,Band Pull Aparts,2,0.0,15.0,,,,,,,,2026-07-31T16:38:56.650Z,Red band,8,2026-07-31T16:38:58.324Z,"=IFERROR(INDEX(tbl_Lookup_Exercises[Category],MATCH(tbl_Exercises[[#This Row],[ExerciseName]],tbl_Lookup_Exercises[ExerciseName],0)),""Unknown"")"
E-20260731-2939,S-20260731-01,Band External Rotations,2,0.0,12.0,,,,,,,,2026-07-31T16:38:56.650Z,,8,2026-07-31T16:38:59.642Z,"=IFERROR(INDEX(tbl_Lookup_Exercises[Category],MATCH(tbl_Exercises[[#This Row],[ExerciseName]],tbl_Lookup_Exercises[ExerciseName],0)),""Unknown"")"
E-20260731-2940,S-20260731-01,Serratus Wall Slides (banded),2,0.0,8.0,,,,,,,,2026-07-31T16:38:56.650Z,,8,2026-07-31T16:39:01.031Z,"=IFERROR(INDEX(tbl_Lookup_Exercises[Category],MATCH(tbl_Exercises[[#This Row],[ExerciseName]],tbl_Lookup_Exercises[ExerciseName],0)),""Unknown"")"
E-20260731-2941,S-20260731-01,Scap Push Ups,2,0.0,12.0,,,,,,,,2026-07-31T16:38:56.650Z,,8,2026-07-31T16:39:02.538Z,"=IFERROR(INDEX(tbl_Lookup_Exercises[Category],MATCH(tbl_Exercises[[#This Row],[ExerciseName]],tbl_Lookup_Exercises[ExerciseName],0)),""Unknown"")"
E-20260731-2942,S-20260731-01,Alternate Seated DB Curl,1,25.0,12.0,,,,2.0,1.0,2.0,4+,,Warmup. Tempo 2-1-2; RIR 4+,8,2026-07-31T16:41:51.019Z,"=IFERROR(INDEX(tbl_Lookup_Exercises[Category],MATCH(tbl_Exercises[[#This Row],[ExerciseName]],tbl_Lookup_Exercises[ExerciseName],0)),""Unknown"")"
E-20260731-2943,S-20260731-01,Alternate Seated DB Curl,2,35.0,10.0,,,,3.0,1.0,2.0,2,,Warmup. Tempo 3-1-2; RIR 2,8,2026-07-31T16:44:21.828Z,"=IFERROR(INDEX(tbl_Lookup_Exercises[Category],MATCH(tbl_Exercises[[#This Row],[ExerciseName]],tbl_Lookup_Exercises[ExerciseName],0)),""Unknown"")"
E-20260731-2944,S-20260731-01,Alternate Seated DB Curl,3,35.0,10.0,,,,3.0,1.0,2.0,0-1(left,,Warmup. Tempo 3-1-2; RIR 0-1(left resisted supination),8,2026-07-31T16:48:11.204Z,"=IFERROR(INDEX(tbl_Lookup_Exercises[Category],MATCH(tbl_Exercises[[#This Row],[ExerciseName]],tbl_Lookup_Exercises[ExerciseName],0)),""Unknown"")"
E-20260731-2945,S-20260731-01,Alternate Seated DB Curl,4,40.0,5.0,,,,3.0,1.0,2.0,0-1(left,,Warmup. Tempo 3-1-2; RIR 0-1(left resisted supination),8,2026-07-31T16:50:53.015Z,"=IFERROR(INDEX(tbl_Lookup_Exercises[Category],MATCH(tbl_Exercises[[#This Row],[ExerciseName]],tbl_Lookup_Exercises[ExerciseName],0)),""Unknown"")"
E-20260731-2946,S-20260731-01,Single-Arm Overhead Cable Extension,1,25.0,11.0,,,,2.0,1.0,3.0,2,,Tempo 2-1-3; RIR 2,8,2026-07-31T16:53:57.736Z,"=IFERROR(INDEX(tbl_Lookup_Exercises[Category],MATCH(tbl_Exercises[[#This Row],[ExerciseName]],tbl_Lookup_Exercises[ExerciseName],0)),""Unknown"")"
E-20260731-2947,S-20260731-01,Single-Arm Overhead Cable Extension,2,27.5,10.0,,,,2.0,1.0,3.0,2,,Tempo 2-1-3; RIR 2 left fatigued first ,8,2026-07-31T16:56:27.428Z,"=IFERROR(INDEX(tbl_Lookup_Exercises[Category],MATCH(tbl_Exercises[[#This Row],[ExerciseName]],tbl_Lookup_Exercises[ExerciseName],0)),""Unknown"")"
E-20260731-2948,S-20260731-01,Single-Arm Overhead Cable Extension,3,27.5,10.0,,,,2.0,1.0,3.0,1-2,,Tempo 2-1-3; RIR 1-2,8,2026-07-31T17:05:59.067Z,"=IFERROR(INDEX(tbl_Lookup_Exercises[Category],MATCH(tbl_Exercises[[#This Row],[ExerciseName]],tbl_Lookup_Exercises[ExerciseName],0)),""Unknown"")"
E-20260731-2949,S-20260731-01,Single Arm Rope Curl (extended Arm Position ),1,27.5,11.0,,,,2.0,1.0,3.0,2,,Tempo 2-1-3; RIR 2,8,2026-07-31T17:06:16.638Z,"=IFERROR(INDEX(tbl_Lookup_Exercises[Category],MATCH(tbl_Exercises[[#This Row],[ExerciseName]],tbl_Lookup_Exercises[ExerciseName],0)),""Unknown"")"
E-20260731-2950,S-20260731-01,Single Arm Rope Curl (extended Arm Position ),2,30.0,10.0,,,,2.0,1.0,3.0,1-2,,Tempo 2-1-3; RIR 1-2,8,2026-07-31T17:06:25.206Z,"=IFERROR(INDEX(tbl_Lookup_Exercises[Category],MATCH(tbl_Exercises[[#This Row],[ExerciseName]],tbl_Lookup_Exercises[ExerciseName],0)),""Unknown"")"
E-20260731-2951,S-20260731-01,Single Arm Rope Curl (extended Arm Position ),3,30.0,9.0,,,,2.0,1.0,3.0,1,,Tempo 2-1-3; RIR 1,8,2026-07-31T17:09:21.421Z,"=IFERROR(INDEX(tbl_Lookup_Exercises[Category],MATCH(tbl_Exercises[[#This Row],[ExerciseName]],tbl_Lookup_Exercises[ExerciseName],0)),""Unknown"")"
E-20260731-2952,S-20260731-01,High Cable Tricep Pushdown,1,70.0,10.0,,,,2.0,1.0,3.0,2,,Tempo 2-1-3; RIR 2,8,2026-07-31T17:12:21.151Z,"=IFERROR(INDEX(tbl_Lookup_Exercises[Category],MATCH(tbl_Exercises[[#This Row],[ExerciseName]],tbl_Lookup_Exercises[ExerciseName],0)),""Unknown"")"
E-20260731-2953,S-20260731-01,High Cable Tricep Pushdown,2,75.0,9.0,,,,2.0,1.0,3.0,1-2,,Tempo 2-1-3; RIR 1-2,8,2026-07-31T17:14:46.856Z,"=IFERROR(INDEX(tbl_Lookup_Exercises[Category],MATCH(tbl_Exercises[[#This Row],[ExerciseName]],tbl_Lookup_Exercises[ExerciseName],0)),""Unknown"")"
E-20260731-2954,S-20260731-01,High Cable Tricep Pushdown,3,75.0,8.0,,,,2.0,1.0,3.0,1-2,,Tempo 2-1-3; RIR 1-2,8,2026-07-31T17:17:15.081Z,"=IFERROR(INDEX(tbl_Lookup_Exercises[Category],MATCH(tbl_Exercises[[#This Row],[ExerciseName]],tbl_Lookup_Exercises[ExerciseName],0)),""Unknown"")"
E-20260731-2955,S-20260731-01,Face Pull (w External Rotation),1,40.0,15.0,,,,2.0,1.0,3.0,2,,Tempo 2-1-3; RIR 2,8,2026-07-31T17:19:32.526Z,"=IFERROR(INDEX(tbl_Lookup_Exercises[Category],MATCH(tbl_Exercises[[#This Row],[ExerciseName]],tbl_Lookup_Exercises[ExerciseName],0)),""Unknown"")"
E-20260731-2956,S-20260731-01,Face Pull (w External Rotation),2,45.0,15.0,,,,2.0,1.0,3.0,2,,Tempo 2-1-3; RIR 2,8,2026-07-31T17:21:47.672Z,"=IFERROR(INDEX(tbl_Lookup_Exercises[Category],MATCH(tbl_Exercises[[#This Row],[ExerciseName]],tbl_Lookup_Exercises[ExerciseName],0)),""Unknown"")"
E-20260731-2957,S-20260731-01,Face Pull (w External Rotation),3,50.0,12.0,,,,2.0,1.0,3.0,2,,Tempo 2-1-3; RIR 2,8,2026-07-31T17:24:10.223Z,"=IFERROR(INDEX(tbl_Lookup_Exercises[Category],MATCH(tbl_Exercises[[#This Row],[ExerciseName]],tbl_Lookup_Exercises[ExerciseName],0)),""Unknown"")"
E-20260731-2958,S-20260731-01,Farmer’s Hold,1,200.0,,49.199999999999996,,,,,,,,100 lbs per hand; 49/60=0.817,8,2026-07-31T17:27:28.879Z,"=IFERROR(INDEX(tbl_Lookup_Exercises[Category],MATCH(tbl_Exercises[[#This Row],[ExerciseName]],tbl_Lookup_Exercises[ExerciseName],0)),""Unknown"")"
E-20260731-2959,S-20260731-01,Farmer’s Hold,2,200.0,,45.0,,,,,,,,100 lbs per hand;,8,2026-07-31T17:30:18.410Z,"=IFERROR(INDEX(tbl_Lookup_Exercises[Category],MATCH(tbl_Exercises[[#This Row],[ExerciseName]],tbl_Lookup_Exercises[ExerciseName],0)),""Unknown"")"
E-20260731-2960,S-20260731-01,Farmer’s Hold,3,200.0,,42.0,,,,,,,,100 lbs per hand; 42/60=0.7,8,2026-07-31T17:33:26.307Z,"=IFERROR(INDEX(tbl_Lookup_Exercises[Category],MATCH(tbl_Exercises[[#This Row],[ExerciseName]],tbl_Lookup_Exercises[ExerciseName],0)),""Unknown"")"
E-20260731-2961,S-20260731-01,Farmer’s Hold,4,200.0,,36.0,,,,,,,,100 lbs per hand; 36/60=0.6,8,2026-07-31T17:36:15.388Z,"=IFERROR(INDEX(tbl_Lookup_Exercises[Category],MATCH(tbl_Exercises[[#This Row],[ExerciseName]],tbl_Lookup_Exercises[ExerciseName],0)),""Unknown"")"
E-20260731-2962,S-20260731-01,Endless Rope,1,,,20.0,0.0,km,,,,,,,8,2026-07-31T17:43:17.592Z,"=IFERROR(INDEX(tbl_Lookup_Exercises[Category],MATCH(tbl_Exercises[[#This Row],[ExerciseName]],tbl_Lookup_Exercises[ExerciseName],0)),""Unknown"")"
E-20260731-2963,S-20260731-01,Endless Rope,2,,,20.0,0.0,km,,,,,,,8,2026-07-31T17:44:22.350Z,"=IFERROR(INDEX(tbl_Lookup_Exercises[Category],MATCH(tbl_Exercises[[#This Row],[ExerciseName]],tbl_Lookup_Exercises[ExerciseName],0)),""Unknown"")"
E-20260731-2964,S-20260731-01,Endless Rope,3,,,20.0,0.0,km,,,,,,,8,2026-07-31T17:45:35.373Z,"=IFERROR(INDEX(tbl_Lookup_Exercises[Category],MATCH(tbl_Exercises[[#This Row],[ExerciseName]],tbl_Lookup_Exercises[ExerciseName],0)),""Unknown"")"
E-20260731-2965,S-20260731-01,Endless Rope,4,,,20.0,0.0,km,,,,,,,8,2026-07-31T17:46:45.340Z,"=IFERROR(INDEX(tbl_Lookup_Exercises[Category],MATCH(tbl_Exercises[[#This Row],[ExerciseName]],tbl_Lookup_Exercises[ExerciseName],0)),""Unknown"")"
E-20260731-2966,S-20260731-01,Endless Rope,5,,,20.0,0.0,km,,,,,,,8,2026-07-31T17:47:59.083Z,"=IFERROR(INDEX(tbl_Lookup_Exercises[Category],MATCH(tbl_Exercises[[#This Row],[ExerciseName]],tbl_Lookup_Exercises[ExerciseName],0)),""Unknown"")"
E-20260731-2967,S-20260731-01,Endless Rope,6,,,20.0,0.0,km,,,,,,,8,2026-07-31T17:49:10.724Z,"=IFERROR(INDEX(tbl_Lookup_Exercises[Category],MATCH(tbl_Exercises[[#This Row],[ExerciseName]],tbl_Lookup_Exercises[ExerciseName],0)),""Unknown"")"
